:0200000460009A
:100000004643464200000156000000000101020084
:1000100000000000000000000000000000000000E0
:1000200000000000000000000000000000000000D0
:1000300000000000000000000000000000000000C0
:1000400000000000010406010000000000000000A4
:100050000000800000000000000000000000000020
:100060000000000000000000000000000000000090
:100070000000000000000000000000000000000080
:10008000EB04180AFF1E04320126000000000000E5
:100090000000000000000000000000000000000060
:1000A0000000000000000000000000000000000050
:1000B0000000000000000000000000000000000040
:1000C0000000000000000000000000000000000030
:1000D0000000000000000000000000000000000020
:1000E0000000000000000000000000000000000010
:1000F0000000000000000000000000000000000000
:1001000000000000000000000000000000000000EF
:1001100000000000000000000000000000000000DF
:1001200000000000000000000000000000000000CF
:1001300000000000000000000000000000000000BF
:1001400000000000000000000000000000000000AF
:10015000000000000000000000000000000000009F
:10016000000000000000000000000000000000008F
:10017000000000000000000000000000000000007F
:10018000000000000000000000000000000000006F
:10019000000000000000000000000000000000005F
:1001A000000000000000000000000000000000004F
:1001B000000000000000000000000000000000003F
:1001C000000100000010000001000000000000001D
:1001D000000001000000000000000000000000001E
:1001E000000000000000000000000000000000000F
:1001F00000000000000000000000000000000000FF
:10020000FFFFFFFFFFFFFFFFFFFFFFFFFFFFFFFFFE
:10021000FFFFFFFFFFFFFFFFFFFFFFFFFFFFFFFFEE
:10022000FFFFFFFFFFFFFFFFFFFFFFFFFFFFFFFFDE
:10023000FFFFFFFFFFFFFFFFFFFFFFFFFFFFFFFFCE
:10024000FFFFFFFFFFFFFFFFFFFFFFFFFFFFFFFFBE
:10025000FFFFFFFFFFFFFFFFFFFFFFFFFFFFFFFFAE
:10026000FFFFFFFFFFFFFFFFFFFFFFFFFFFFFFFF9E
:10027000FFFFFFFFFFFFFFFFFFFFFFFFFFFFFFFF8E
:10028000FFFFFFFFFFFFFFFFFFFFFFFFFFFFFFFF7E
:10029000FFFFFFFFFFFFFFFFFFFFFFFFFFFFFFFF6E
:1002A000FFFFFFFFFFFFFFFFFFFFFFFFFFFFFFFF5E
:1002B000FFFFFFFFFFFFFFFFFFFFFFFFFFFFFFFF4E
:1002C000FFFFFFFFFFFFFFFFFFFFFFFFFFFFFFFF3E
:1002D000FFFFFFFFFFFFFFFFFFFFFFFFFFFFFFFF2E
:1002E000FFFFFFFFFFFFFFFFFFFFFFFFFFFFFFFF1E
:1002F000FFFFFFFFFFFFFFFFFFFFFFFFFFFFFFFF0E
:10030000FFFFFFFFFFFFFFFFFFFFFFFFFFFFFFFFFD
:10031000FFFFFFFFFFFFFFFFFFFFFFFFFFFFFFFFED
:10032000FFFFFFFFFFFFFFFFFFFFFFFFFFFFFFFFDD
:10033000FFFFFFFFFFFFFFFFFFFFFFFFFFFFFFFFCD
:10034000FFFFFFFFFFFFFFFFFFFFFFFFFFFFFFFFBD
:10035000FFFFFFFFFFFFFFFFFFFFFFFFFFFFFFFFAD
:10036000FFFFFFFFFFFFFFFFFFFFFFFFFFFFFFFF9D
:10037000FFFFFFFFFFFFFFFFFFFFFFFFFFFFFFFF8D
:10038000FFFFFFFFFFFFFFFFFFFFFFFFFFFFFFFF7D
:10039000FFFFFFFFFFFFFFFFFFFFFFFFFFFFFFFF6D
:1003A000FFFFFFFFFFFFFFFFFFFFFFFFFFFFFFFF5D
:1003B000FFFFFFFFFFFFFFFFFFFFFFFFFFFFFFFF4D
:1003C000FFFFFFFFFFFFFFFFFFFFFFFFFFFFFFFF3D
:1003D000FFFFFFFFFFFFFFFFFFFFFFFFFFFFFFFF2D
:1003E000FFFFFFFFFFFFFFFFFFFFFFFFFFFFFFFF1D
:1003F000FFFFFFFFFFFFFFFFFFFFFFFFFFFFFFFF0D
:10040000FFFFFFFFFFFFFFFFFFFFFFFFFFFFFFFFFC
:10041000FFFFFFFFFFFFFFFFFFFFFFFFFFFFFFFFEC
:10042000FFFFFFFFFFFFFFFFFFFFFFFFFFFFFFFFDC
:10043000FFFFFFFFFFFFFFFFFFFFFFFFFFFFFFFFCC
:10044000FFFFFFFFFFFFFFFFFFFFFFFFFFFFFFFFBC
:10045000FFFFFFFFFFFFFFFFFFFFFFFFFFFFFFFFAC
:10046000FFFFFFFFFFFFFFFFFFFFFFFFFFFFFFFF9C
:10047000FFFFFFFFFFFFFFFFFFFFFFFFFFFFFFFF8C
:10048000FFFFFFFFFFFFFFFFFFFFFFFFFFFFFFFF7C
:10049000FFFFFFFFFFFFFFFFFFFFFFFFFFFFFFFF6C
:1004A000FFFFFFFFFFFFFFFFFFFFFFFFFFFFFFFF5C
:1004B000FFFFFFFFFFFFFFFFFFFFFFFFFFFFFFFF4C
:1004C000FFFFFFFFFFFFFFFFFFFFFFFFFFFFFFFF3C
:1004D000FFFFFFFFFFFFFFFFFFFFFFFFFFFFFFFF2C
:1004E000FFFFFFFFFFFFFFFFFFFFFFFFFFFFFFFF1C
:1004F000FFFFFFFFFFFFFFFFFFFFFFFFFFFFFFFF0C
:10050000FFFFFFFFFFFFFFFFFFFFFFFFFFFFFFFFFB
:10051000FFFFFFFFFFFFFFFFFFFFFFFFFFFFFFFFEB
:10052000FFFFFFFFFFFFFFFFFFFFFFFFFFFFFFFFDB
:10053000FFFFFFFFFFFFFFFFFFFFFFFFFFFFFFFFCB
:10054000FFFFFFFFFFFFFFFFFFFFFFFFFFFFFFFFBB
:10055000FFFFFFFFFFFFFFFFFFFFFFFFFFFFFFFFAB
:10056000FFFFFFFFFFFFFFFFFFFFFFFFFFFFFFFF9B
:10057000FFFFFFFFFFFFFFFFFFFFFFFFFFFFFFFF8B
:10058000FFFFFFFFFFFFFFFFFFFFFFFFFFFFFFFF7B
:10059000FFFFFFFFFFFFFFFFFFFFFFFFFFFFFFFF6B
:1005A000FFFFFFFFFFFFFFFFFFFFFFFFFFFFFFFF5B
:1005B000FFFFFFFFFFFFFFFFFFFFFFFFFFFFFFFF4B
:1005C000FFFFFFFFFFFFFFFFFFFFFFFFFFFFFFFF3B
:1005D000FFFFFFFFFFFFFFFFFFFFFFFFFFFFFFFF2B
:1005E000FFFFFFFFFFFFFFFFFFFFFFFFFFFFFFFF1B
:1005F000FFFFFFFFFFFFFFFFFFFFFFFFFFFFFFFF0B
:10060000FFFFFFFFFFFFFFFFFFFFFFFFFFFFFFFFFA
:10061000FFFFFFFFFFFFFFFFFFFFFFFFFFFFFFFFEA
:10062000FFFFFFFFFFFFFFFFFFFFFFFFFFFFFFFFDA
:10063000FFFFFFFFFFFFFFFFFFFFFFFFFFFFFFFFCA
:10064000FFFFFFFFFFFFFFFFFFFFFFFFFFFFFFFFBA
:10065000FFFFFFFFFFFFFFFFFFFFFFFFFFFFFFFFAA
:10066000FFFFFFFFFFFFFFFFFFFFFFFFFFFFFFFF9A
:10067000FFFFFFFFFFFFFFFFFFFFFFFFFFFFFFFF8A
:10068000FFFFFFFFFFFFFFFFFFFFFFFFFFFFFFFF7A
:10069000FFFFFFFFFFFFFFFFFFFFFFFFFFFFFFFF6A
:1006A000FFFFFFFFFFFFFFFFFFFFFFFFFFFFFFFF5A
:1006B000FFFFFFFFFFFFFFFFFFFFFFFFFFFFFFFF4A
:1006C000FFFFFFFFFFFFFFFFFFFFFFFFFFFFFFFF3A
:1006D000FFFFFFFFFFFFFFFFFFFFFFFFFFFFFFFF2A
:1006E000FFFFFFFFFFFFFFFFFFFFFFFFFFFFFFFF1A
:1006F000FFFFFFFFFFFFFFFFFFFFFFFFFFFFFFFF0A
:10070000FFFFFFFFFFFFFFFFFFFFFFFFFFFFFFFFF9
:10071000FFFFFFFFFFFFFFFFFFFFFFFFFFFFFFFFE9
:10072000FFFFFFFFFFFFFFFFFFFFFFFFFFFFFFFFD9
:10073000FFFFFFFFFFFFFFFFFFFFFFFFFFFFFFFFC9
:10074000FFFFFFFFFFFFFFFFFFFFFFFFFFFFFFFFB9
:10075000FFFFFFFFFFFFFFFFFFFFFFFFFFFFFFFFA9
:10076000FFFFFFFFFFFFFFFFFFFFFFFFFFFFFFFF99
:10077000FFFFFFFFFFFFFFFFFFFFFFFFFFFFFFFF89
:10078000FFFFFFFFFFFFFFFFFFFFFFFFFFFFFFFF79
:10079000FFFFFFFFFFFFFFFFFFFFFFFFFFFFFFFF69
:1007A000FFFFFFFFFFFFFFFFFFFFFFFFFFFFFFFF59
:1007B000FFFFFFFFFFFFFFFFFFFFFFFFFFFFFFFF49
:1007C000FFFFFFFFFFFFFFFFFFFFFFFFFFFFFFFF39
:1007D000FFFFFFFFFFFFFFFFFFFFFFFFFFFFFFFF29
:1007E000FFFFFFFFFFFFFFFFFFFFFFFFFFFFFFFF19
:1007F000FFFFFFFFFFFFFFFFFFFFFFFFFFFFFFFF09
:10080000FFFFFFFFFFFFFFFFFFFFFFFFFFFFFFFFF8
:10081000FFFFFFFFFFFFFFFFFFFFFFFFFFFFFFFFE8
:10082000FFFFFFFFFFFFFFFFFFFFFFFFFFFFFFFFD8
:10083000FFFFFFFFFFFFFFFFFFFFFFFFFFFFFFFFC8
:10084000FFFFFFFFFFFFFFFFFFFFFFFFFFFFFFFFB8
:10085000FFFFFFFFFFFFFFFFFFFFFFFFFFFFFFFFA8
:10086000FFFFFFFFFFFFFFFFFFFFFFFFFFFFFFFF98
:10087000FFFFFFFFFFFFFFFFFFFFFFFFFFFFFFFF88
:10088000FFFFFFFFFFFFFFFFFFFFFFFFFFFFFFFF78
:10089000FFFFFFFFFFFFFFFFFFFFFFFFFFFFFFFF68
:1008A000FFFFFFFFFFFFFFFFFFFFFFFFFFFFFFFF58
:1008B000FFFFFFFFFFFFFFFFFFFFFFFFFFFFFFFF48
:1008C000FFFFFFFFFFFFFFFFFFFFFFFFFFFFFFFF38
:1008D000FFFFFFFFFFFFFFFFFFFFFFFFFFFFFFFF28
:1008E000FFFFFFFFFFFFFFFFFFFFFFFFFFFFFFFF18
:1008F000FFFFFFFFFFFFFFFFFFFFFFFFFFFFFFFF08
:10090000FFFFFFFFFFFFFFFFFFFFFFFFFFFFFFFFF7
:10091000FFFFFFFFFFFFFFFFFFFFFFFFFFFFFFFFE7
:10092000FFFFFFFFFFFFFFFFFFFFFFFFFFFFFFFFD7
:10093000FFFFFFFFFFFFFFFFFFFFFFFFFFFFFFFFC7
:10094000FFFFFFFFFFFFFFFFFFFFFFFFFFFFFFFFB7
:10095000FFFFFFFFFFFFFFFFFFFFFFFFFFFFFFFFA7
:10096000FFFFFFFFFFFFFFFFFFFFFFFFFFFFFFFF97
:10097000FFFFFFFFFFFFFFFFFFFFFFFFFFFFFFFF87
:10098000FFFFFFFFFFFFFFFFFFFFFFFFFFFFFFFF77
:10099000FFFFFFFFFFFFFFFFFFFFFFFFFFFFFFFF67
:1009A000FFFFFFFFFFFFFFFFFFFFFFFFFFFFFFFF57
:1009B000FFFFFFFFFFFFFFFFFFFFFFFFFFFFFFFF47
:1009C000FFFFFFFFFFFFFFFFFFFFFFFFFFFFFFFF37
:1009D000FFFFFFFFFFFFFFFFFFFFFFFFFFFFFFFF27
:1009E000FFFFFFFFFFFFFFFFFFFFFFFFFFFFFFFF17
:1009F000FFFFFFFFFFFFFFFFFFFFFFFFFFFFFFFF07
:100A0000FFFFFFFFFFFFFFFFFFFFFFFFFFFFFFFFF6
:100A1000FFFFFFFFFFFFFFFFFFFFFFFFFFFFFFFFE6
:100A2000FFFFFFFFFFFFFFFFFFFFFFFFFFFFFFFFD6
:100A3000FFFFFFFFFFFFFFFFFFFFFFFFFFFFFFFFC6
:100A4000FFFFFFFFFFFFFFFFFFFFFFFFFFFFFFFFB6
:100A5000FFFFFFFFFFFFFFFFFFFFFFFFFFFFFFFFA6
:100A6000FFFFFFFFFFFFFFFFFFFFFFFFFFFFFFFF96
:100A7000FFFFFFFFFFFFFFFFFFFFFFFFFFFFFFFF86
:100A8000FFFFFFFFFFFFFFFFFFFFFFFFFFFFFFFF76
:100A9000FFFFFFFFFFFFFFFFFFFFFFFFFFFFFFFF66
:100AA000FFFFFFFFFFFFFFFFFFFFFFFFFFFFFFFF56
:100AB000FFFFFFFFFFFFFFFFFFFFFFFFFFFFFFFF46
:100AC000FFFFFFFFFFFFFFFFFFFFFFFFFFFFFFFF36
:100AD000FFFFFFFFFFFFFFFFFFFFFFFFFFFFFFFF26
:100AE000FFFFFFFFFFFFFFFFFFFFFFFFFFFFFFFF16
:100AF000FFFFFFFFFFFFFFFFFFFFFFFFFFFFFFFF06
:100B0000FFFFFFFFFFFFFFFFFFFFFFFFFFFFFFFFF5
:100B1000FFFFFFFFFFFFFFFFFFFFFFFFFFFFFFFFE5
:100B2000FFFFFFFFFFFFFFFFFFFFFFFFFFFFFFFFD5
:100B3000FFFFFFFFFFFFFFFFFFFFFFFFFFFFFFFFC5
:100B4000FFFFFFFFFFFFFFFFFFFFFFFFFFFFFFFFB5
:100B5000FFFFFFFFFFFFFFFFFFFFFFFFFFFFFFFFA5
:100B6000FFFFFFFFFFFFFFFFFFFFFFFFFFFFFFFF95
:100B7000FFFFFFFFFFFFFFFFFFFFFFFFFFFFFFFF85
:100B8000FFFFFFFFFFFFFFFFFFFFFFFFFFFFFFFF75
:100B9000FFFFFFFFFFFFFFFFFFFFFFFFFFFFFFFF65
:100BA000FFFFFFFFFFFFFFFFFFFFFFFFFFFFFFFF55
:100BB000FFFFFFFFFFFFFFFFFFFFFFFFFFFFFFFF45
:100BC000FFFFFFFFFFFFFFFFFFFFFFFFFFFFFFFF35
:100BD000FFFFFFFFFFFFFFFFFFFFFFFFFFFFFFFF25
:100BE000FFFFFFFFFFFFFFFFFFFFFFFFFFFFFFFF15
:100BF000FFFFFFFFFFFFFFFFFFFFFFFFFFFFFFFF05
:100C0000FFFFFFFFFFFFFFFFFFFFFFFFFFFFFFFFF4
:100C1000FFFFFFFFFFFFFFFFFFFFFFFFFFFFFFFFE4
:100C2000FFFFFFFFFFFFFFFFFFFFFFFFFFFFFFFFD4
:100C3000FFFFFFFFFFFFFFFFFFFFFFFFFFFFFFFFC4
:100C4000FFFFFFFFFFFFFFFFFFFFFFFFFFFFFFFFB4
:100C5000FFFFFFFFFFFFFFFFFFFFFFFFFFFFFFFFA4
:100C6000FFFFFFFFFFFFFFFFFFFFFFFFFFFFFFFF94
:100C7000FFFFFFFFFFFFFFFFFFFFFFFFFFFFFFFF84
:100C8000FFFFFFFFFFFFFFFFFFFFFFFFFFFFFFFF74
:100C9000FFFFFFFFFFFFFFFFFFFFFFFFFFFFFFFF64
:100CA000FFFFFFFFFFFFFFFFFFFFFFFFFFFFFFFF54
:100CB000FFFFFFFFFFFFFFFFFFFFFFFFFFFFFFFF44
:100CC000FFFFFFFFFFFFFFFFFFFFFFFFFFFFFFFF34
:100CD000FFFFFFFFFFFFFFFFFFFFFFFFFFFFFFFF24
:100CE000FFFFFFFFFFFFFFFFFFFFFFFFFFFFFFFF14
:100CF000FFFFFFFFFFFFFFFFFFFFFFFFFFFFFFFF04
:100D0000FFFFFFFFFFFFFFFFFFFFFFFFFFFFFFFFF3
:100D1000FFFFFFFFFFFFFFFFFFFFFFFFFFFFFFFFE3
:100D2000FFFFFFFFFFFFFFFFFFFFFFFFFFFFFFFFD3
:100D3000FFFFFFFFFFFFFFFFFFFFFFFFFFFFFFFFC3
:100D4000FFFFFFFFFFFFFFFFFFFFFFFFFFFFFFFFB3
:100D5000FFFFFFFFFFFFFFFFFFFFFFFFFFFFFFFFA3
:100D6000FFFFFFFFFFFFFFFFFFFFFFFFFFFFFFFF93
:100D7000FFFFFFFFFFFFFFFFFFFFFFFFFFFFFFFF83
:100D8000FFFFFFFFFFFFFFFFFFFFFFFFFFFFFFFF73
:100D9000FFFFFFFFFFFFFFFFFFFFFFFFFFFFFFFF63
:100DA000FFFFFFFFFFFFFFFFFFFFFFFFFFFFFFFF53
:100DB000FFFFFFFFFFFFFFFFFFFFFFFFFFFFFFFF43
:100DC000FFFFFFFFFFFFFFFFFFFFFFFFFFFFFFFF33
:100DD000FFFFFFFFFFFFFFFFFFFFFFFFFFFFFFFF23
:100DE000FFFFFFFFFFFFFFFFFFFFFFFFFFFFFFFF13
:100DF000FFFFFFFFFFFFFFFFFFFFFFFFFFFFFFFF03
:100E0000FFFFFFFFFFFFFFFFFFFFFFFFFFFFFFFFF2
:100E1000FFFFFFFFFFFFFFFFFFFFFFFFFFFFFFFFE2
:100E2000FFFFFFFFFFFFFFFFFFFFFFFFFFFFFFFFD2
:100E3000FFFFFFFFFFFFFFFFFFFFFFFFFFFFFFFFC2
:100E4000FFFFFFFFFFFFFFFFFFFFFFFFFFFFFFFFB2
:100E5000FFFFFFFFFFFFFFFFFFFFFFFFFFFFFFFFA2
:100E6000FFFFFFFFFFFFFFFFFFFFFFFFFFFFFFFF92
:100E7000FFFFFFFFFFFFFFFFFFFFFFFFFFFFFFFF82
:100E8000FFFFFFFFFFFFFFFFFFFFFFFFFFFFFFFF72
:100E9000FFFFFFFFFFFFFFFFFFFFFFFFFFFFFFFF62
:100EA000FFFFFFFFFFFFFFFFFFFFFFFFFFFFFFFF52
:100EB000FFFFFFFFFFFFFFFFFFFFFFFFFFFFFFFF42
:100EC000FFFFFFFFFFFFFFFFFFFFFFFFFFFFFFFF32
:100ED000FFFFFFFFFFFFFFFFFFFFFFFFFFFFFFFF22
:100EE000FFFFFFFFFFFFFFFFFFFFFFFFFFFFFFFF12
:100EF000FFFFFFFFFFFFFFFFFFFFFFFFFFFFFFFF02
:100F0000FFFFFFFFFFFFFFFFFFFFFFFFFFFFFFFFF1
:100F1000FFFFFFFFFFFFFFFFFFFFFFFFFFFFFFFFE1
:100F2000FFFFFFFFFFFFFFFFFFFFFFFFFFFFFFFFD1
:100F3000FFFFFFFFFFFFFFFFFFFFFFFFFFFFFFFFC1
:100F4000FFFFFFFFFFFFFFFFFFFFFFFFFFFFFFFFB1
:100F5000FFFFFFFFFFFFFFFFFFFFFFFFFFFFFFFFA1
:100F6000FFFFFFFFFFFFFFFFFFFFFFFFFFFFFFFF91
:100F7000FFFFFFFFFFFFFFFFFFFFFFFFFFFFFFFF81
:100F8000FFFFFFFFFFFFFFFFFFFFFFFFFFFFFFFF71
:100F9000FFFFFFFFFFFFFFFFFFFFFFFFFFFFFFFF61
:100FA000FFFFFFFFFFFFFFFFFFFFFFFFFFFFFFFF51
:100FB000FFFFFFFFFFFFFFFFFFFFFFFFFFFFFFFF41
:100FC000FFFFFFFFFFFFFFFFFFFFFFFFFFFFFFFF31
:100FD000FFFFFFFFFFFFFFFFFFFFFFFFFFFFFFFF21
:100FE000FFFFFFFFFFFFFFFFFFFFFFFFFFFFFFFF11
:100FF000FFFFFFFFFFFFFFFFFFFFFFFFFFFFFFFF01
:10100000D1002043F1150060000000000000000046
:10101000201000600010006000CC016000000000A3
:101020000000006000D8010000000000FFFFFFFF8B
:10103000FFFFFFFFFFFFFFFFFFFFFFFFFFFFFFFFC0
:10104000FFFFFFFFFFFFFFFFFFFFFFFFFFFFFFFFB0
:10105000FFFFFFFFFFFFFFFFFFFFFFFFFFFFFFFFA0
:10106000FFFFFFFFFFFFFFFFFFFFFFFFFFFFFFFF90
:10107000FFFFFFFFFFFFFFFFFFFFFFFFFFFFFFFF80
:10108000FFFFFFFFFFFFFFFFFFFFFFFFFFFFFFFF70
:10109000FFFFFFFFFFFFFFFFFFFFFFFFFFFFFFFF60
:1010A000FFFFFFFFFFFFFFFFFFFFFFFFFFFFFFFF50
:1010B000FFFFFFFFFFFFFFFFFFFFFFFFFFFFFFFF40
:1010C000FFFFFFFFFFFFFFFFFFFFFFFFFFFFFFFF30
:1010D000FFFFFFFFFFFFFFFFFFFFFFFFFFFFFFFF20
:1010E000FFFFFFFFFFFFFFFFFFFFFFFFFFFFFFFF10
:1010F000FFFFFFFFFFFFFFFFFFFFFFFFFFFFFFFF00
:10110000FFFFFFFFFFFFFFFFFFFFFFFFFFFFFFFFEF
:10111000FFFFFFFFFFFFFFFFFFFFFFFFFFFFFFFFDF
:10112000FFFFFFFFFFFFFFFFFFFFFFFFFFFFFFFFCF
:10113000FFFFFFFFFFFFFFFFFFFFFFFFFFFFFFFFBF
:10114000FFFFFFFFFFFFFFFFFFFFFFFFFFFFFFFFAF
:10115000FFFFFFFFFFFFFFFFFFFFFFFFFFFFFFFF9F
:10116000FFFFFFFFFFFFFFFFFFFFFFFFFFFFFFFF8F
:10117000FFFFFFFFFFFFFFFFFFFFFFFFFFFFFFFF7F
:10118000FFFFFFFFFFFFFFFFFFFFFFFFFFFFFFFF6F
:10119000FFFFFFFFFFFFFFFFFFFFFFFFFFFFFFFF5F
:1011A000FFFFFFFFFFFFFFFFFFFFFFFFFFFFFFFF4F
:1011B000FFFFFFFFFFFFFFFFFFFFFFFFFFFFFFFF3F
:1011C000FFFFFFFFFFFFFFFFFFFFFFFFFFFFFFFF2F
:1011D000FFFFFFFFFFFFFFFFFFFFFFFFFFFFFFFF1F
:1011E000FFFFFFFFFFFFFFFFFFFFFFFFFFFFFFFF0F
:1011F000FFFFFFFFFFFFFFFFFFFFFFFFFFFFFFFFFF
:10120000FFFFFFFFFFFFFFFFFFFFFFFFFFFFFFFFEE
:10121000FFFFFFFFFFFFFFFFFFFFFFFFFFFFFFFFDE
:10122000FFFFFFFFFFFFFFFFFFFFFFFFFFFFFFFFCE
:10123000FFFFFFFFFFFFFFFFFFFFFFFFFFFFFFFFBE
:10124000FFFFFFFFFFFFFFFFFFFFFFFFFFFFFFFFAE
:10125000FFFFFFFFFFFFFFFFFFFFFFFFFFFFFFFF9E
:10126000FFFFFFFFFFFFFFFFFFFFFFFFFFFFFFFF8E
:10127000FFFFFFFFFFFFFFFFFFFFFFFFFFFFFFFF7E
:10128000FFFFFFFFFFFFFFFFFFFFFFFFFFFFFFFF6E
:10129000FFFFFFFFFFFFFFFFFFFFFFFFFFFFFFFF5E
:1012A000FFFFFFFFFFFFFFFFFFFFFFFFFFFFFFFF4E
:1012B000FFFFFFFFFFFFFFFFFFFFFFFFFFFFFFFF3E
:1012C000FFFFFFFFFFFFFFFFFFFFFFFFFFFFFFFF2E
:1012D000FFFFFFFFFFFFFFFFFFFFFFFFFFFFFFFF1E
:1012E000FFFFFFFFFFFFFFFFFFFFFFFFFFFFFFFF0E
:1012F000FFFFFFFFFFFFFFFFFFFFFFFFFFFFFFFFFE
:10130000FFFFFFFFFFFFFFFFFFFFFFFFFFFFFFFFED
:10131000FFFFFFFFFFFFFFFFFFFFFFFFFFFFFFFFDD
:10132000FFFFFFFFFFFFFFFFFFFFFFFFFFFFFFFFCD
:10133000FFFFFFFFFFFFFFFFFFFFFFFFFFFFFFFFBD
:10134000FFFFFFFFFFFFFFFFFFFFFFFFFFFFFFFFAD
:10135000FFFFFFFFFFFFFFFFFFFFFFFFFFFFFFFF9D
:10136000FFFFFFFFFFFFFFFFFFFFFFFFFFFFFFFF8D
:10137000FFFFFFFFFFFFFFFFFFFFFFFFFFFFFFFF7D
:10138000FFFFFFFFFFFFFFFFFFFFFFFFFFFFFFFF6D
:10139000FFFFFFFFFFFFFFFFFFFFFFFFFFFFFFFF5D
:1013A000FFFFFFFFFFFFFFFFFFFFFFFFFFFFFFFF4D
:1013B000FFFFFFFFFFFFFFFFFFFFFFFFFFFFFFFF3D
:1013C000FFFFFFFFFFFFFFFFFFFFFFFFFFFFFFFF2D
:1013D000FFFFFFFFFFFFFFFFFFFFFFFFFFFFFFFF1D
:1013E000FFFFFFFFFFFFFFFFFFFFFFFFFFFFFFFF0D
:1013F000FFFFFFFFFFFFFFFFFFFFFFFFFFFFFFFFFD
:10140000824205D051F8043B40F8043B8242F9D8AF
:10141000704700BF044A05494FF0000342F8043BFF
:101420009142FBD8704700BFC02A002080490020AD
:1014300080B5BFF34F8F00F0AFFA544C544B0820E7
:101440005449C3F85401544AC3F800115348C3F82F
:10145000F0405349FFF7D4FF524A53495348FFF72E
:10146000CFFF534CFFF7D6FF4FF470004FF0E02151
:101470000023504AC1F8880D44F823200133B02BD3
:10148000FAD14D4B80214D4A03F8011B9342FBD109
:101490004FF0E0254A4F4B4A4FF0FF31C5F8084D59
:1014A0000026D5F8243D43F4E023C5F8243DFB692C
:1014B00023F07F0343F04003FB617B6A23F07F034B
:1014C00043F040037B629166D1661167516700F07B
:1014D0006BFA3D4B63223D49A3633D4BE36303231A
:1014E0006A613C4AAE612B61C5F8202DD5F8FC2D10
:1014F000394B42F08072C5F8FC2D1A6842F00102A7
:101500001A605B680B6000F013FC344800F0A4FD27
:10151000F96E334B334A41F44051F9661E60C3F80B
:101520000861C3F81861C3F82861C3F83861936B88
:10153000DB0708D442F615632B4951651365936B9D
:1015400043F001039363274A284C936843F0011347
:10155000936000F0B3FA00F04FFD00F099FD00F049
:1015600015FC00F01BFA2368132BFCD900F0A6FC35
:101570002368B3F5967FFBD300F014FA00F010FA5D
:1015800000F08EFD00F088FD30BFFDE70C0D11135B
:1015900000800D401B101820586201000000000060
:1015A0006C3E0060C02A0020C8A00160000000203E
:1015B000002800201DE3000000E400E0A0E400E0BB
:1015C00000C00F4000C00A400DD40000F0480020C9
:1015D00011D4000000002020001000E00046C323CA
:1015E0000040084000400D400000C056F448002074
:1015F000054B4FF42A01054A05485A641864054A08
:1016000099639546FFF714FF00C00A40BFAAAAAA33
:1016100007002000008006201BB9124B1B6F9B04A3
:101620001ED400F03F000F4B22F0604221F06041D9
:1016300040F489101867C3F88010C3F890201A6F1F
:1016400022F480521A671A6F002AFCDAD3F870115C
:10165000054A0A40C3F870211A6F22F480321A67D3
:10166000704700BF00800D40FF7F7FFF43690A4A3B
:1016700003EB011010B4037A084C02EB0313D3E917
:1016800001321460C2681A6003690BB142691A60C2
:101690005DF8044B704700BF2814002061F801007A
:1016A0004369027E03EB021292F808C08C451CD0FD
:1016B0001A7AFF2A19D0914210B5044616D01A7E24
:1016C000FF2A06D00121D3E9002312681A4201D172
:1016D000217610BD064B0522204603EB0C135B68F8
:1016E0001A60FFF7C3FF2176F3E770470021EAE7AE
:1016F0002814002043690A4A03EB011010B490F843
:101700002830084C02EB0313D3E901321460C26A9B
:101710001A60036B0BB1426B1A605DF8044B7047A3
:101720002814002061F801004369427E03EB021295
:1017300092F828C08C451ED093F82820FF2A1AD092
:10174000914210B5044617D093F83820FF2A06D0EE
:101750000121D3E9002312681A4201D1617610BD3C
:10176000064B0522204603EB0C135B681A60FFF75B
:10177000C1FF6176F3E770470021EAE728140020F3
:10178000164942698B6B23F47C0343F4802370B5C4
:101790008B630446124DD2E900130A681A430369A9
:1017A0000A60022200211A610E4A19619A6401221C
:1017B0005A629D624FF43035DD624FF001159E6C28
:1017C0001E6519629D651A61017EFFF74FFF617EFC
:1017D0002046BDE87040FFF78DBF00BF00C00F403E
:1017E000B80B05053B372819B1F5607FF0B50E46FB
:1017F0008DB028BF4FF460760F46054672B62E4B6B
:1018000000247022186021462C4B2D481C8000F0CB
:1018100037FCCFB121462A484FF0010C4A0901F0AC
:101820001F03013150F822400CFA03F38E4243EAC1
:10183000040340F82230F1D82846002343800133C6
:1018400000F582709E42F9D81E4C257815B162B61B
:101850000DB0F0BD082000F00FFC1B4B80220646A7
:10186000009302A90693194B0271056008A8029320
:1018700000F0FAFB06A9164A304600F0F1FB069B81
:1018800008A8DB689847009B02A8DB689847237884
:10189000002BDCD10F4B104AC3F858210F49D02040
:1018A0004FF0E023402281F84600C3F808210123CD
:1018B000237062B60DB0F0BD04320020184900203C
:1018C0000C3200202F4900201C11002051CE0000B6
:1018D0001B100100002800205DCE000000E400E0A5
:1018E0002B4A0021012310B4C2F8A000C2F8A410B2
:1018F000C2F8B0305369DB07FCD501234FF48034C4
:1019000023495361C2F8A000C2F8A440C2F8B03025
:101910004B69DC07FCD501234FF400341C4A4B61B2
:10192000C1F8A000C1F8A440C1F8B0305369D9078C
:10193000FCD50123174C16495361C2F8A000C2F828
:10194000A440C2F8B0304B69DB07FCD5D1F80031B8
:1019500045F60D5021249AB24C61824214D045F6CE
:101960009D518A420CD1C3F34253032B0CD0A3F1F7
:1019700004035DF8044BB3FA83F35B091801704765
:1019800000205DF8044B704708205DF8044B704759
:1019900000402A4004000300704700BF704700BFAA
:1019A000704700BF00BF704710B44FF0E023002124
:1019B00010243248C3F8941DC3F89C4D1124C3F879
:1019C000A00D2F48C3F89C4D1224C3F8A00D2D483C
:1019D000C3F89C4D2C4AC3F8A00D2C4C42F01502C4
:1019E0002B48C3F89C4DC3F8A00D2A4C2A48C3F8D5
:1019F0009C4DC3F8A00D294CC3F89C2D2848294ABA
:101A0000C3F8A04DC3F89C0DC3F8A02D02F5A02289
:101A1000254C0C322548C3F89C4DC3F8A02D244A10
:101A2000C3F89C0DC3F8A02D02F14062214C023294
:101A30002148C3F89C4DC3F8A02D0A32C3F89C0D71
:101A4000C3F8A02D00BF00BF00BF00BF00BF012230
:101A5000C3F8942DBFF34F8FBFF36F8FC3F8501FA0
:101A6000BFF34F8FBFF36F8FD3F8142D5DF8044B86
:101A700042F44032C3F8142D704700BF3F000010FD
:101A800025000807090010008049002013002000ED
:101A9000210002071400002025000813090000108F
:101AA0001600202027000B131700004018000060CC
:101AB0002F000B07190000701A000080F0B5824B50
:101AC0001822824D0120824F83B0C3F85C528149B5
:101AD000C3F86072804CC3F86452A5F530457F4E60
:101AE000C3F8685248F20C75C3F86C42C3F87042F0
:101AF000C3F87442C3F878424FF0FF34DA661A67CD
:101B00005A679A67DA67C3F88020C3F88420C3F85D
:101B10008820C1F82C03724AC1F83003C1F834039D
:101B2000C1F83803C1F83C03C1F85003B1696D4BEB
:101B30000A406D486D4913436D4AB361D6F884304D
:101B400043F00C03C6F88430036843F002030360DB
:101B500003682B4021251A43664B026044608A6863
:101B6000654C1340654A43F000538360C36823F01B
:101B70007803C360036A134023430362036A13407C
:101B80005F4A234340F2056443628262C2620022DC
:101B9000D1F8B83023F03F0343F00103C0F8B83068
:101BA000D1F8BC30574923F03F0343F00103C0F89C
:101BB000BC3002610567C0F880404567C0F88440CA
:101BC0000224036823F00203036081614E4B4F49F6
:101BD000C46143F8042B8B42FBD1434D2B6843F087
:101BE00001032B602C6814F00104FBD1454902234A
:101BF00040F2F5622046A96140F29941EB6140F262
:101C00006643C5F8002242F20142C5F81032404B4B
:101C1000C5F82012C5F8303240F23543C5F83422F9
:101C20003C49C5F840323C4BC5F850123B4AC5F818
:101C3000543242F20123C5F86022C5F86432FFF73E
:101C40004FFE0646002836D083024FF480222B66D2
:101C50000123C5F8A040244CC5F8A420C5F8B03035
:101C60006369DA07FCD50125370565613846FFF75A
:101C700037FE32182A4BD2B21A7078B180024FF474
:101C8000802319496066C4F8A070C4F8A430C4F871
:101C9000B0504B69DB07FCD501234B61214900247F
:101CA000214801230094401A00EB02521F4800F023
:101CB000DFF903B0F0BD1D4B194A18601070D860F1
:101CC000C3E9010003B0F0BD00801F40F9B001007E
:101CD000F910010000841F40F970010000C00F409E
:101CE000FFFCFF1F0003008000402A4000802A40C4
:101CF0001200FFFFFF37F7004000008000FFF07C7C
:101D0000FF000F83F05AF05A00422A4000432A4055
:101D10009F041830EB06180A063201263806180A06
:101D20003A490020003075700000007088380020AB
:101D3000F0B4154A40274FF480314FF480564FF4E9
:101D400000554FF4404443F24200136913F0020F70
:101D50000ED113F4005F0FD013F4805F0ED0002B70
:101D6000F3DA13F4803F0BD15B060BD5F0BC704760
:101D7000946151619061E8E75561E6E75661E4E7F7
:101D80009161E2E75761E0E700800D403F4A0320A0
:101D90003F49F3EE095AD2F880304FF0000C9FED26
:101DA0003D6A23F001039FED3C5A30B4C2F8803005
:101DB000C2F89000D1F8E010384DCBB2384C394819
:101DC0002B6007EE903A0B0DC1F30B21F8EEE77A8A
:101DD00006EE903A07EE101A334BB8EEC77A216040
:101DE000F8EEE66A314937EEC66A37EEC55A76EE46
:101DF000C76A77EEE57A26EE266AC3ED006A25EE1D
:101E0000265AD2F8803067EEA64AC0ED007AC6EEB8
:101E1000275A274885EE276AC4EEA76A75EE875AC7
:101E2000FCEEE55A36EE076A15EE904ABCEEC66A3D
:101E300043EA045376EE877AC2F8803016EE103A01
:101E4000D2F89041FCEEE77A01EA0341214317EE14
:101E5000903AC2F89011C3F30B03D2F890110B43E0
:101E60001449C2F89031D2F8803043F00203C2F82E
:101E70008030114B80F840C0C1F840314FF0E02372
:101E8000012230BCC3F80821704700BF00810D401B
:101E900000441F400000AA420000B442D84800207D
:101EA000D4480020DC480020E04800200000FF0F5C
:101EB00000E400E00028002009E50000314B40F676
:101EC000617210B5C3F8202140F2044400F0ECF830
:101ED0002D4A2E49D2F880302D4843F00303C2F832
:101EE00080302C4BC1F8604102681A4203D1D1F80E
:101EF000A8319A071BD0254A4FF00041244B596363
:101F0000D2F8403143F00203C2F84031D2F84031F8
:101F10009B07FBD44FF400304FF0E0211C4B4FF0F7
:101F20000042C1F88C0219209A6300F0ADF8184AFB
:101F30004FF08040154C002190630A20164B116031
:101F40004FF42072C4F8A801184600F099F84FF435
:101F5000800203464FF4810040F243111860C4F838
:101F600058311A640D4B0E4AC4F84811C3F80422C4
:101F70004FF0E0224FF400310123C2F80C11C4F8F5
:101F8000403110BD00800D4000C00F4000002E40C9
:101F900000900D40001C1E000000002000280020C2
:101FA000F1E6000008B50E4B1B6E9B0700D4FBBE8C
:101FB00072B60C4B00200C4AC3F8400103F1604399
:101FC0000A49A3F55F2311649D46BFF34F8F4FF479
:101FD00000130748074ADB6902609B68984700BF07
:101FE00000441F4000002E4000C00A4003002000B3
:101FF00000802020000012EB104BA020104AD96E68
:1020000041F4403110B4D96640F23764D96E41F4DE
:102010004071D96654649064936C1B06FCD4094AE1
:1020200040F23761A02351649364936C13F08003F2
:10203000FBD1054A13705DF8044B704700C00F4098
:1020400000400C4000800C4037490020F8B500BF2C
:10205000F8BC08BC9E4670475FF800F0D9DA000073
:102060005FF800F0E5D400005FF800F0C5CE000096
:102070005FF800F051F700005FF800F01DE100008C
:102080005FF800F0290B01005FF800F0F5DD0000BB
:102090005FF800F005E200005FF800F0D9DF000013
:1020A0005FF800F0ED0D01005FF800F061EE000058
:1020B0004500000021160000712400009925000051
:1020C000DD270000292A0000412A0000592A0000CB
:1020D000712A0000892A0000A12A0000B92A000004
:1020E000D12A0000E92A0000952F00006530000089
:1020F0007D30000095300000AD300000C53000009C
:10210000DD300000F5300000293100003D310000D5
:10211000553100006D310000853100009D31000017
:08212000913E0000E9D500002A
:10212800043300600C30006020007E0016000000C0
:10213800D42B0060DC28006020007E001600000020
:10214800502400605821006020007E001600000026
:1021580000000000050001000000040C0601F50065
:10216800060005040603F50009000A0C0900F5003D
:102178001800090F0901F40029000E0C0F01F500E1
:102188003E000C0C0E01F500500002040403F5009B
:102198005100060F0601F5005D00060F0600F50068
:1021A800690006080903F5006F0009090C01F80029
:1021B8007A0002040500FF007B0004010601FD000F
:1021C8007C0002020500FF007D00080C0500F500F8
:1021D8008900090D0901F4009800060D0901F400B1
:1021E800A200080C0901F500AE00090C0900F50071
:1021F800BC00090C0900F500CA00090C0900F5002B
:10220800D800090D0901F400E700090C0901F500DF
:10221800F500090D0901F4000401090D0900F40095
:10222800130104080401F9001701040A0401F90064
:102238001C0109090A01F800270109050C02FA0026
:102248002D0109090A01F8003801070C0802F500F8
:1022580043010D0C0E01F50057010B0B0C00F600A5
:1022680067010B0C0B00F50078010C0C0B01F50055
:102278008A010D0C0D00F5009E010C0C0A00F500FA
:10228800B0010C0C0A00F500C2010C0C0C01F500A1
:10229800D4010E0C0D00F500E901070C0600F5004D
:1022A800F401090C0800F50002020D0C0C00F50001
:1022B80016020B0C0A00F5002702100C0F00F5009F
:1022C8003F020D0C0C00F50053020B0C0C01F5003D
:1022D80064020B0C0A00F50075020B0F0C01F500E7
:1022E8008A020B0C0B00F5009B020A0C0800F50093
:1022F800AA020B0C0B02F500BB020C0C0D02F50038
:10230800CD020B0C0C02F500DE020F0C1002F500DA
:10231800F5020C0C0C00F50007030A0C0B02F50083
:1023280016030B0C0A00F5002703070F0700F5003A
:102338003503060C0902F5003E03060F0701F500F8
:102348004A0308070800F5005103090109000200C3
:10235800530303030502F500550309080900F900B2
:102368005E03090C0900F5006C0308080700F90072
:102378007403090C0900F500820307080700F90037
:1023880089030B1108FFF400A103090C0800F900E8
:10239800AF03090C0900F500BD03040C0401F500A6
:1023A800C303071005FFF500D103080C0800F5006A
:1023B800DD03040C0501F500E3030D080D00F90029
:1023C800F00308080900F900F80309080900F900F2
:1023D80001040A0C08FFF9001004090C0900F900AF
:1023E8001E0407080700F900250407080600F9007D
:1023F8002C0405090400F800320408080901F90052
:102408003A0407080801F90041040B080C01F90017
:102418004C04090808FFF9005504090C0900F900E3
:10242800630408090700F9006C04060F0701F500AA
:102438007804010C0502F5007A0407100700F4007F
:10244800880408030A01FB0011122224400CDEE56F
:102458004004822098247FC48223FC241104832012
:102468001C1B994D2681C0701C1349A4DAC7C100F2
:10247800801C61CF0E2830A0C50334E7AE40B105FB
:1024880084262099843C03806C06C0780601EF6698
:102498002424C38C10E387CEFA082108618C30C34A
:1024A8000C304102001040820C30C30C61842108BA
:1024B8000030CA5E6A9308080402010FF840201031
:1024C800080056F0F00302060408081030206040A7
:1024D800C00E0C8C6C361F0F0787C361B1888380D0
:1024E8000470C3082186104308F81C67830302069A
:1024F8000C08102042FC0F08C060C1E0380C06032D
:1025080001011F00010181416121111888FF0203A7
:1025180001000F8404038060180C060303031E00E7
:1025280001838707030373CD86C361B188C3C07F66
:10253800408080404060202010101808001E19CCF0
:102548006633B0E050CCC361B0CCC3C00E198C6CFC
:10255800361B0D86E63F0303060C00330000CC3320
:10256800000044480183861C0C038030070080FF6C
:102578008000000FF8C01C038070183870C08000FD
:102588003C8C1830C30C20408006000FC0C30C04DC
:10259800C7BC64E227313991CC933B0E001F800100
:1025A80000601404C0982307E10420881B8F803F33
:1025B800C18C218C318C3E04618630C419867F80A1
:1025C800079186302602600C00C00C00C00C006128
:1025D80083E03FC063820C3031818C0C4066073049
:1025E80031031871FE003FF0C20821801981F811EB
:1025F8000310300204608FF83FF0C208218019816F
:10260800F8110310300200600F800791873026020E
:10261800600C00C1FC0CC0CC0C6083F03E3C306008
:1026280081060C18307F81060C18306081060C3C3E
:10263800781E1820C1830418304187800F8180805C
:10264800C0602030180C04361E003E7861821031BC
:1026580001B00E0058066033010C1861E7C03E0156
:1026680080200C01803004018030040D837FE01C41
:10267800070C0E0C14141C142C164C2648269827EC
:102688001827104230F47C38786083042C412209E2
:10269800104D84282141061021E100078318C1B09C
:1026A8003607C0F03E06C0D8318C1E003FC19C21C1
:1026B8008C31863187E180300401807800078318E7
:1026C800C1983607C0F01E06C0D8310413018070C7
:1026D800B7E03FC18C218C318C3F04C198318431E3
:1026E8008678701E4C6308C0380700600C4310C61B
:1026F80062707FE98E310401803006008030060068
:10270800807E007CF302304604604604408C08C09A
:102718008C10E303C0F8EC0C81184308620C81901C
:10272800140300600800FBCE430C86118C433886E6
:10273800B20D241C5038A02180420104003E718251
:102748000C40C80700600600B0130218618F3EF9FC
:10275800C82310C83405018040300C0303E03FE46F
:10276800190300C0300C030040180605817FE00EF5
:1027780010208102041020408204081C00810418E3
:1027880020C10408204138208208410410C20820D2
:102798008C0018182C24464283FF80D8801F9898F4
:1027A8004C2C36333AEE380804020371CCC6C363A6
:1027B80021938F001F3360C0C0C0C478018040607F
:1027C80020F1898CC4C26333AEE00E658B2F98313B
:1027D8003C01E040080200403E0300400801006060
:1027E8000C010020040100C0001E19D8CCE1C3016F
:1027F800E0BC8241310F003808040203396CC64638
:10280800632111B8E03000E244C8CE06000000C0E1
:1028180083040810608102047038101010372224D5
:102828003878484DC6733226644CDE77395ECCCC96
:10283800CE6662221111B98E773B336262424DCE69
:102848000F18D87C3C3E1B18F03B87318C433188ED
:102858006230F060100403800F18984C2C2633382F
:10286800EC04020303C07650C1060810601A6CC855
:10287800C0D1B35C23C8C42118E0C34242C6868CC9
:102888009DEE62C489A3470C10E22C44D89D23A472
:10289800650CC1101995430180C0A0918E708846BF
:1028A80023209050281808080818003F42040810F0
:1028B8002040720E086104308608610430C38F001E
:1028C800FFF01E0C1020C182041C30408304082035
:1028D80060998E0000000000050001000000020C55
:1028E8000602F500030005040701F5000600090CBF
:1028F8000900F5001400080E0901F40022000D0C6F
:102908000F01F50036000D0D0E01F4004C00020415
:102918000401F5004D00050F0601F5005700050FED
:102928000600F500610006080903F50067000909BB
:102938000A00F80072000203040200007300040198
:102948000601FD00740002020501FF007500050C78
:102958000500F5007D00090D0900F4008C00050D47
:102968000902F4009500080C0901F500A100080C03
:102978000900F500AD00070C0901F500B800080CC6
:102988000900F500C400080D0901F400D100080C85
:102998000900F500DD00070D0901F400E900080E43
:1029A8000901F400F70002080501F900F900030A1B
:1029B8000501F900FD0009090A01F80008010905E7
:1029C8000A01FA000E010A090A00F8001A01070DA7
:1029D8000801F40026010C0D1002F4003A010D0C58
:1029E8000D00F5004E010B0C0B00F5005F010B0C00
:1029F8000C01F50070010C0C0D00F50082010A0CA9
:102A08000B01F5009101090C0A01F5009F010C0C5E
:102A18000D01F500B1010B0C0D01F500C201040C0C
:102A28000601F500C801060C0700F500D1010C0CE1
:102A38000D01F500E3010A0C0B01F500F2010F0C82
:102A48001000F50009020B0C0D01F5001A020B0D20
:102A58000D01F4002C02090C0A01F5003A020B10D2
:102A68000D01F40050020B0C0C01F5006102090C79
:102A78000A00F5006F020B0C0B00F50080020B0C2E
:102A88000D01F50091020C0C0D00F500A302110CCC
:102A98001100F500BD020D0C0D00F500D1020C0C63
:102AA8000D00F500E3020B0C0B00F500F402030F18
:102AB8000602F500FA02050C0500F5000203030FF3
:102AC8000601F500080308070800F5000F030901CF
:102AD80009000200110304030500F50013030708A9
:102AE8000801F9001A03090D0900F4002903070871
:102AF8000800F9003003090D0900F4003F03080835
:102B08000800F9004703070D0701F40053030A0CF6
:102B18000800F9006203090D0900F4007103040BB1
:102B28000501F6007703050F0600F6008103090D7D
:102B38000901F4009003040D0501F40097030E0841
:102B48000E00F900A50309080900F900AE030908F9
:102B58000900F900B703090C0900F900C503090CBD
:102B68000900F900D30306080600F900D90306088E
:102B78000701F900DF0305090500F800E503090866
:102B88000900F900EE0308080800F900F6030C082C
:102B98000C00F900020409080900F9000B04080CEC
:102BA8000800F900170407080701F9001E040510BA
:102BB8000901F4002804010C0401F5002A04051099
:102BC8000903F500340409030900FB00FFEA03DEEA
:102BD800F720110904824FF91089FF2412090C808B
:102BE800107CD6D2D0F0381E179393D67C10384379
:102BF8003C39218A0C506539CB20B905884C44648E
:102C080021C00E00C806403201A0077831878846E7
:102C1800863430C1C717CF00FE0888846318C610F1
:102C28008208208208210C6318C4222200639ADCDF
:102C380072B608080402010FF84020100800D8F006
:102C4800F0088422108C4231001C3198D83C1E0FA9
:102C58000783C1E0D8C461C0138C6318C6318C6780
:102C6800803C4E860606040C08102041FE3CC60631
:102C7800041C3E0703030306F804187164C9A3463D
:102C8800FE1830600F10203C0E070303030204F8FF
:102C9800071C306060DCE6C3C3C343663C7F820226
:102CA8000204040408080810103C8F1E3E4F063624
:102CB800C78F1B33C03C66C2C3C3C3C3633F06068A
:102CC8000C3860F00FD800032801870E1C0C038015
:102CD800700E0080FF8000000FF8801C01C01C01EE
:102CE800C0E0E0E0C000791A18306083041020408A
:102CF80003000F838C602602C79CC9D89D99D926EA
:102D0800EC6003040F8002001001C016009804C094
:102D18004303F8206103181DE1F0FF861CC19833B6
:102D28000C7E0C318330660CC37FC01F261D81E0EA
:102D38001C0180300600C00C00C18FC0FF031C308E
:102D4800630730330330330330330630CFF0FF9856
:102D5800260180611FC611806018160FFEFFB0584B
:102D68000C0613F984C06030181E001F230E60265D
:102D780000C00C0FC06C06C066063060F8F1EC1994
:102D88008330660CFF98330660CC198378F0F666BA
:102D98006666666F3C6186186186186DBCF3E60846
:102DA8006106206407806C066063061860CF3FF0F8
:102DB8001806018060180601806018160BFEF00ED8
:102DC8007038E071E162C2C5C989931326238C4724
:102DD80018843388F0E0EE09C12C25C49C91921A1E
:102DE80041C8190370201F063183202C0780F01E6C
:102DF80003C068098318C1F0FE31986C361B19F8B6
:102E0800C06030181E001F063183202C0780F01E7A
:102E180003C068198318C0E00E00E007FE0C618645
:102E280030C618C61F8370670C718778701D31987B
:102E38004C0780E01C0701A0D8CBC0FFF8CE188350
:102E480000600C0180300600C0180780F0EC098192
:102E5800302604C0981302604C08C20F80F877022D
:102E68003023041841840C80C8070070020020FB3E
:102E7800E7B0C08C208618418C40CB2065901A7032
:102E88000E38031C0104008200FCF98306101900A7
:102E9800D003001C013011C1860819E3F0F8F606CA
:102EA8003041881D00D00600600600600600F03F33
:102EB800CC11060180700C0300E0380605C17FE0E4
:102EC800FB6DB6DB6DB88210821086108610EDB6E9
:102ED800DB6DB6F8181C34266242C1FF8084207965
:102EE8009830E6D9B33F2070180C060371CCC36143
:102EF800B0D86C63E03CCF060C18189E010380C064
:102F08006031D99D86C361B0CC63F03C46FEC0C039
:102F1800E1623C1E4183061E183060C1830F003CED
:102F280019F6318C1E080401FC40B02E11F82070EF
:102F3800180C060371CCC6633198CC6F786002E632
:102F48006666F01800338C6318C6318B80207018C1
:102F58000C06033D88D87836198C6F782E6666661D
:102F68006666F0EE71CE663198C663198C6631BD1F
:102F7800EFEE3998CC6633198DEF3E31B0783C1EB0
:102F88000D8C7CEE39986C361B0D8CFC6030181E4D
:102F9800003D31B0D86C361B8CFE030180C0F06D4B
:102FA800C61861863C7638583E38FE2798C6318C5C
:102FB80038E73198CC6633198C7FF3612232141CC0
:102FC8000808EF366162223235419C188108F712F1
:102FD8000E0301C12109CFF361623234141C0808C1
:102FE8000810E0FD1860830C70FE198C6318C4612A
:102FF8008C6318C3FFF0C318C631843318C63198E0
:103008007024C1C000000000050001000000020D8E
:103018000602F400040005040601F40007000A0C87
:103028000A00F500160009100A01F3002800100D27
:103038001001F40042000B0D0C01F40054000204CE
:103048000401F400550004110601F4005E000411A7
:103058000601F400670005050701F4006B00060887
:103068000B03F9007100020405020000720004015C
:103078000601FC0073000201050100007400050D43
:103088000500F4007D00080D0A01F4008A00040D13
:103098000A03F4009100090D0A01F400A000080DCC
:1030A8000A01F400AD00070D0A02F400B900090D89
:1030B8000A01F400C800090D0A01F400D700080D40
:1030C8000A00F400E400090D0A01F400F300080DF9
:1030D8000A01F4000001020A0501F7000301030CCC
:1030E8000501F800080109090B01F800130109049A
:1030F8000B01FB00180109090B01F8002301090D58
:103108000A01F400320111101201F40054010C0DEF
:103118000C00F40068010B0D0C01F4007A010B0D92
:103128000D01F4008C010B0D0D01F4009E01090D39
:103138000B01F400AD01080D0B01F400BA010C0DF0
:103148000E01F400CE010B0D0D01F400E001020D9B
:103158000502F400E401070D0A01F400F0010B0D6B
:103168000C01F4000202080D0A01F4000F020D0D13
:103178000F01F40025020B0D0D01F40037020D0DAF
:103188000E01F4004D020A0D0C01F4005E020D0E52
:103198000E01F40075020C0D0D01F40089020A0DF0
:1031A8000C01F4009A02090D0B01F400A9020B0DA1
:1031B8000D01F400BB020B0D0C00F400CD02110D43
:1031C8001100F400E9020C0D0C00F400FD020C0DD6
:1031D8000C00F40011030A0D0B01F4002203031183
:1031E8000501F4002903050D0500F400320303115D
:1031F8000500F400390307070801F40040030A0139
:103208000A000300420304030500F4004403090A0A
:103218000A01F7005003090D0A01F4005F03080AC8
:103228000901F7006903080D0A01F4007603080A8A
:103238000A01F7008003040D0501F4008703080E56
:103248000A01F7009503080D0A01F400A203020D14
:103258000401F400A60304110400F400AF03090DEF
:103268000901F400BE03020D0401F400C2030D0AB3
:103278000F01F700D303080A0A01F700DD03080A63
:103288000A01F700E703090D0A01F700F603080D24
:103298000A01F7000304050A0601F7000A04080AF0
:1032A8000901F7001404040C0501F5001A04080AC2
:1032B8000A01F7002404090A0900F70030040D0A7E
:1032C8000D00F7004104080A0900F7004B04090E35
:1032D8000900F7005B04070A0901F70064040411F8
:1032E8000601F4006D0402110402F40072040411D2
:1032F8000601F4007B0407030901F900FFFFF8C089
:10330800DEF72009864191FF1304C320C8FF898294
:103318006190101F14DA3D1E8340781708F47A353F
:1033280033F040203810EC20C620C640C6406C80E0
:103338003900013C0277026304630477083C0E06F7
:1033480060CC1981E0180F0336C2D8730631E3C484
:10335800FE13266CCCCCC46623108C466333333200
:10336800664C80257EA50030C33F30C30CD6F0C024
:103378000844211084421108003C6642C3C3C3C3F9
:10338800C3C3C342663C113F33333333303E31B09D
:103398007830181C1C1C1818100807F83C66C3C3A2
:1033A80003061C0703C3C3663C0C187162C9A34615
:1033B800FE183060C07F2010080807F38C030180D6
:1033C800F06C63E01E3198780C06F38D83C1E0D071
:1033D8006C63E0FF030206040C081818181030305C
:1033E8003E31B0783C1B18F8C6C1E0F06C63E03C95
:1033F80066C2C3C3C3673B0303C2663CC00030C098
:10340800000064A00081C78E0C0780700E0180FF49
:1034180080001FF000700E01C0183871C080003E97
:1034280031B0783018183818180C0000018003F0F3
:10343800060E06018600661DBB31CF18C79863CCFF
:1034480031E611B399CCF7860001800070400FE097
:103458000600F00F009019819810830C3FC2046099
:103468006606C030FF183303606C0D833FC606C084
:10347800780F01E06FF81F861981A03C01803006A3
:1034880000C0680D831861F0FF183303603C0780A3
:10349800F01E03C0780F0360CFF0FFE030180C0671
:1034A80003FD80C06030180FF8FFC0C0C0C0C0FE68
:1034B800C0C0C0C0C0C00F830E606603C00C00C18E
:1034C800FC03C0360360730F0F10C0780F01E03C97
:1034D8000780FFFE03C0780F01E03C06FFFFFFC036
:1034E800060C183060C183078F1E2780C0D8330CA4
:1034F800630CC1B83F0730C3186306606C0CC0C0CA
:10350800C0C0C0C0C0C0C0C0C0C0FFE03F01FC1FF9
:10351800E0FD05EC6F637913CD9E6CF1478E3C712D
:1035280080E07C0FC1E83D8798F11E33C3786F07B0
:10353800E07C0E0F8183180CC06C01E00F0078034B
:10354800C01B01980C60C0F800FF306C0F03C0F07E
:103558006FF300C0300C0300C0000F8183180CC04B
:103568006C01E00F007803C01B01986C60C0FB0081
:1035780008FF8C0EC06C06C06C0CFF8C0EC06C066D
:10358800C06C06C0703F186C0F03C01E01F00E001F
:10359800F03C0D863F00FF86030180C06030180CA8
:1035A80006030180C0C0780F01E03C0780F01E03CD
:1035B800C0780F01B061F0C06C0D8110630C61041C
:1035C80060CC1901603C070060C18130E19870CC83
:1035D800286626211330C8986C4C14340A1A070739
:1035E800030380818060630C30C1980F00E00600FF
:1035F800F019019830C60E6060C0360630C30C1949
:1036080081D80F00600600600600600600FFC060F9
:10361800300C060301C0603018060300FFC0FB6DC4
:10362800B6DB6DB6E0841084108410841080EDB68B
:10363800DB6DB6DBE03060A244D8A180FFC0C630A5
:103648007E71B0C060F3DB0D86C73DC0C060301B23
:10365800CE360F0783C1E0F07C6DE03C66C3C0C086
:10366800C0C0C3663C0303033B67C3C3C3C3C3C330
:10367800673B3C66C3C3FFC0C0C3663C366F666623
:103688006666603B67C3C3C3C3C3C3673B0303C664
:103698007CC0C0C0DEE3C3C3C3C3C3C3C3C3C3FFCB
:1036A800FFC03003333333333333E0C06030184C5A
:1036B800466361F0EC6231986C30FFFFFFC0DEF7C3
:1036C8001CF0C7863C31E18F0C7863C31E18C0DE3E
:1036D800E3C3C3C3C3C3C3C3C33C66C3C3C3C3C376
:1036E800C3663CDE71B0783C1E0F0783E36F301869
:1036F8000C003B67C3C3C3C3C3C3673B030303DFF8
:10370800318C6318C6003EE3C0C0E03C07C3E37ECB
:1037180066F666666667C3C3C3C3C3C3C3C3C77B52
:10372800C1A098CC4221B0D0281C0C00C61E3891EC
:10373800C4CA66D316D0A6871C38C0C600436236F2
:103748001C181C3C266243C12198CC4261B0D03879
:103758001C0C0603010300FE0C30C1861820C1FCB6
:103768003666666ECE66666630FFFFFFFFC0C666C9
:10377800666737666666C0612438000080C00F40FF
:10378800000000031900000010000000E8841F403A
:1037980001000000FF000000FF0000000000000022
:1037A800000000001800000010000000E4841F4022
:1037B80001000000FF000000FF0000000000000002
:1037C800000000001F000000C1B3000070C00F40DF
:1037D800000C00001100000011000000E0841F40F0
:1037E800020000002C00000012000000E0841F40CE
:1037F800010000001000000011000000DC841F40E0
:10380800020000002D00000012000000DC841F40B0
:10381800010000001E000000B5B3000070C00F409A
:10382800C00000001200000013000000D0841F40F8
:1038380001000000FF000000FF0000000000000081
:10384800000000001300000013000000CC841F409B
:1038580001000000FF000000FF0000000000000061
:10386800000000001C000000A9B300000080C0E0B8
:10387800F0F8FCFE000103070F1F3F7F0000000067
:10388800000180000000000000000000038000002C
:103898000000000000000007C00000000000000059
:1038A800000007C00000000000000000000FC0007A
:1038B80000000000000000001FE000000000000001
:1038C8000000001FE00000000000000000003FE0D2
:1038D8000000000000000000003FF00000000000B1
:1038E800000000007FF0000000000000001FF87FCB
:1038F800F0000000000000003FFE7FF00000000024
:103908000000003FFF7FF0000000000000001FFFE4
:10391800FBE0000000000000000FFFF9FFC00000FE
:10392800000000000FFFF9FFF8000000000000078A
:10393800FFF1FFFF00000000000003FC73FFFF80A1
:10394800000000000001FE3FFFFF800000000000B3
:1039580000FF1E0FFF000000000000007FFE1FFC9C
:10396800000000000000003FFFFFF800000000001A
:1039780000000FDFFFE0000000000000001F19FF3B
:10398800C0000000000000003F3CFF0000000000F5
:103998000000007E7CF800000000000000007FFEB0
:1039A8007C0000000000000000FFFFFC0000000099
:1039B80000000000FFFFFE0000000000000000FF04
:1039C800FFFE0000000000000001FFEFFE00000005
:1039D8000000000001FFCFFE00000000000000030F
:1039E800FF07FE0000000000000003FC07FE0000C7
:1039F800000000000003F003FE00000000000000CB
:103A0800018000FE000000000000000000007E00B1
:103A18000000000000000000003E00000000000060
:103A2800000000000C000000000000078000FC00FF
:103A38000003C0000000078001FC000003C0000074
:103A480000078001FC000003C0000000078001E0BF
:103A58000000001E000000078001E00000001E00BA
:103A68007FE3F79FF9FDE7787BDFC0FFF7FFBFFD36
:103A7800FDFF787BDFC0FFF7FFBFFDFDFF787BDF31
:103A8800C0F0F787BC3DE1FF787BDE00F0F787BC2C
:103A98003DE1F0787BDE0000F787803DE1E0787B50
:103AA800DE007FF7879FFDE1E0787BDE00FFF78788
:103AB800BFFDE1E0787BDE00F0F787BC3DE1E07810
:103AC8007BDE00F0F787BC3DE1E0787BDE00F0F7B5
:103AD80087BC3DE1E0787BDE00FFF7FFBFFDE1E05A
:103AE8007FFBDFC0FFF7FFBFFDE1E07FFBDFC07CAE
:103AF800F3F39F3DE1E03E7BCFC0000000000000F3
:103B08000000000000FFFFFFFFFFFFFFFFFFFFC0F7
:103B1800FFFFFFFFFD68DB111A31C0FFFFFFFFFD4C
:103B28002B5AFB6AEFC0FFFFFFFFFD4B5B3B1A33CD
:103B3800C0FFFFFFFFFD6B5BDB6AFDC0000060009C
:103B480000000000000000000000000000E000008D
:103B5800000000000000000000000001E00000007C
:103B68000000000000000000000001F0000000005C
:103B780000000000000000000003F000000000004A
:103B8800000000000000000007F000000000000036
:103B98000000000000000007F8000000000000001E
:103BA8000000000000000FF800000003C0007E00C5
:103BB8000001E0007F0FF800000003C000FE0000D5
:103BC80001E000FFEFF800000003C000FE00000164
:103BD800E000FFFFF800000003C000F00000000F45
:103BE800007FFE7FC0000003C000F00000000F004F
:103BF8003FFE7FF83FF1FBCFFCFEF3BC3DEFE01F3B
:103C0800FE7FFF7FFBFFDFFEFEFFBC3DEFE01FC630
:103C1800FFFF7FFBFFDFFEFEFFBC3DEFE00FE3C7CA
:103C2800FE787BC3DE1EF0FFBC3DEF0007FF87FC7C
:103C3800787BC3DE1EF0F83C3DEF0001FFFFF0008B
:103C48007BC3C01EF0F03C3DEF0001F37FE03FFB7B
:103C5800C3CFFEF0F03C3DEF0003E33F807FFBC3A2
:103C6800DFFEF0F03C3DEF0007E73C00787BC3DE69
:103C78001EF0F03C3DEF0007FFBE00787BC3DE1E60
:103C8800F0F03C3DEF0007FFFE00787BC3DE1EF03E
:103C9800F03C3DEF000FFFFE007FFBFFDFFEF0F082
:103CA8003FFDEFE00FFFFF007FFBFFDFFEF0F03F7F
:103CB800FDEFE00FF9FF003E79F9CF9EF0F01F3DD0
:103CC800E7E01FF1FF000000000000000000000016
:103CD800001F80FF007FFFFFFFFFFFFFFFFFFFE0E8
:103CE8001C007F007FFFFFFFFEB46D888D18E00089
:103CF800001F007FFFFFFFFE95AD7DB577E0000058
:103D08000F007FFFFFFFFEA5AD9D8D19E0000006A7
:103D1800007FFFFFFFFEB5ADEDB57EE0AED580A814
:103D2800D300408D2000A1C8DB40A4A62EAF000020
:103D38002200FF212600000000FF2F0027000000BE
:103D480000FF2F00A300000029000000012F000041
:103D5800A30000002A000000012F000016035500F0
:103D680053004200200053006500720069006100A2
:103D78006C00000018035400650065006E007300B5
:103D880079006400750069006E006F00040309047F
:103D980009026200030100C032080B00020202019E
:103DA80000090400000102020100052400100105B9
:103DB80024010101042402060524060001070582E6
:103DC8000310001009040100020A0000000705039F
:103DD80002400000070584024000000904020002B6
:103DE800FF6AFF0007058102400001070501024044
:103DF8000001000009026200030100C032080B0044
:103E08000202020100090400000102020100052467
:103E180000100105240101010424020605240600FE
:103E2800010705820310000509040100020A0000C9
:103E380000070503020002000705840200020009CA
:103E480004020002FF6AC700070581020002010799
:103E580005010200020100000A060002EF0201400B
:043E68000100000055
:103E6C000000000000000000000000000000000046
:103E7C000000000000000000000000000000000036
:103E8C000548064B1B1AD90F01EBA301491002D0B0
:103E9C00034B03B118477047C02A0020C02A0020EA
:103EAC000000000008B5054B1BB105490548AFF3F0
:103EBC000080BDE80840FFF7E3BF00BF0000000032
:103ECC00EC38002000D8016000207047704700BF1C
:103EDC00036D0BB101207047406D003818BF0120F5
:103EEC00704700BF10B50446806D18B10FF0C8FEC6
:103EFC000023A365236D2BB104F11800BDE810401D
:103F0C0008F07ABB636D002BF6D110BD10B50446DA
:103F1C00806D00B110BD4FF480700FF0A9FEA0654C
:103F2C00B0B10022236D02703BB101464FF4807298
:103F3C00184607F0B1FFA06D10BD636D002BE9D0E2
:103F4C0001464FF48072184605F054FCA06D10BD6C
:103F5C00014B1846A36510BD3649002038B5056DD8
:103F6C006DB10BB1002038BD1146284606F0D0FCCF
:103F7C000028F7D02846BDE8384006F06BBE446DEB
:103F8C00002CEFD0204604F087F80028EAD0204619
:103F9C00BDE8384004F0FABE8A79A2F150031B0642
:103FAC0022D402F26C72F0B54B7985B0046D0133FA
:103FBC000D798E784F78DBB209784CB1204601969A
:103FCC000095CDE90271042106F0D8FD05B0F0BDD5
:103FDC00406D0028FAD001960095CDE902710421BC
:103FEC0004F018FE05B0F0BD0020704710B5044673
:103FFC00006D80B1037813F0700F00D110BD00215B
:10400C0006F086FC606D0028F8D000220023BDE885
:10401C00104004F041B8606D0028EFD090F83130BA
:10402C0013F0500FEAD000220023BDE8104004F03A
:10403C0033B800BF036D10B50C4682B02BB30DF135
:10404C00060201A9184606F009F838B3BDF8043089
:10405C00BDF8062053EA020120D0C2F3451C02F041
:10406C001F00D20AC3F34311400084F801C0A270B0
:10407C005A0A013903F01F0302F5EA62207001208D
:10408C0061712371A27102B010BD406D30B10DF1A0
:10409C00060201A903F0A6FE0028D7D1002002B029
:1040AC0010BD00BF036D10B50C4682B02BB30DF1E3
:1040BC00060201A9184605F0C1FF38B3BDF804305B
:1040CC00BDF8062053EA020120D0C2F3451C02F0D1
:1040DC001F00D20AC3F34311400084F801C0A27040
:1040EC005A0A013903F01F0302F5EA62207001201D
:1040FC0061712371A27102B010BD406D30B10DF130
:10410C00060201A903F05CFE0028D7D1002002B002
:10411C0010BD00BF006990B10368154A1B6993423A
:10412C0025D1036D63B1187810F0080007D0D86959
:10413C005B69C01A48BF6FF0004070471846704763
:10414C00436D002BFAD093F8310010F00800F6D034
:10415C00186919685A69401A5B6862EB0303B0F17D
:10416C00004F73F10003EAD36FF00040704718471B
:10417C00C9060000036973B11A68084952698A427A
:10418C0007D1186D08B106F04FBA586D18B103F08D
:10419C006DBF184610474FF0FF30704715050000F3
:1041AC00036923B31968134A10B58C6882B0944222
:1041BC0014D1186D48B101220DF1070106F060F918
:1041CC0090B19DF8070002B010BD586D0028F8D0D2
:1041DC0001220DF1070103F079FEF1E701220DF147
:1041EC0007011846A047EBE74FF0FF30EBE74FF025
:1041FC00FF30704755050000036963B11A68074921
:10420C0092698A4208D1186D08B106F0B1BC586D9C
:10421C0008B104F089BB704718461047A50500008B
:10422C0000B5006983B08DF8071060B10368104ABF
:10423C00DB68934215D1036D43B101220DF10701E7
:10424C00184606F041FD03B05DF804FB406D0028F4
:10425C00F9D001220DF1070104F00AFE03B05DF85C
:10426C0004FB01220DF10701984703B05DF804FB34
:10427C00CD050000036D13B1586900217047436DE3
:10428C0013B1D3E90001704718461946704700BFB7
:10429C00036D13B1D86900217047436D13B1D3E995
:1042AC000401704718461946704700BFF0B595B029
:1042BC0000224FF47A74244F1831054604A88DF867
:1042CC000C200097CDE90124CDE9122208F000FA68
:1042DC00129B002B2DD05C2000260DF04FFE019B75
:1042EC0004464660C36004A9029B183040F8083CA1
:1042FC009DF80C3000F8043C144B40F8183C144B5F
:10430C0040F8103C08F036F9124B4FF47A72A76063
:10431C002B606368A66501336E602E73AA602C61F6
:10432C0063600D4B04A8009308F066F9284615B09D
:10433C00F0BD139B002BCED1064A2B732A602B6148
:10434C00C5E90134EDE700BFA00F0020C40F002029
:10435C0020100020740F0020C00D0020836C13B1BE
:10436C00184606F061B9C06C08B103F07FBE4FF07F
:10437C00FF307047036D13B1184606F055B9406D08
:10438C0008B103F073BE4FF0FF307047036D33B1CB
:10439C001B7813F0700F14BF012000207047406D84
:1043AC0030B190F8313013F0500F14BF01200020C1
:1043BC00704700BF036D13B1184606F061B8406D2D
:1043CC0008B103F083BD4FF0FF307047836C00B52C
:1043DC0083B063B101220DF10701184606F050F8C5
:1043EC0001280CD19DF8070003B05DF804FBC06CEC
:1043FC0028B101220DF1070103F068FDF0E74FF041
:10440C00FF30F1E7036D13B1184606F0B1BB406DF8
:10441C0008B104F089BA7047836C13B1184606F0E2
:10442C00A7BBC06C08B104F07FBA7047036D13B121
:10443C00184606F049BC406D08B104F019BD704730
:10444C00836C13B1184606F03FBCC06C08B104F085
:10445C000FBD704700B5836C83B08DF8071043B166
:10446C0001220DF10701184606F02EFC03B05DF891
:10447C0004FBC06C0028F9D001220DF1070104F0F7
:10448C00F7FC03B05DF804FB8A79A2F150031B061C
:10449C0022D402F26C72F0B54B7985B0046D013305
:1044AC000D798E784F78DBB209784CB120460196A5
:1044BC000095CDE90271022106F060FB05B0F0BD5C
:1044CC00406D0028FAD001960095CDE902710221C9
:1044DC0004F0A0FB05B0F0BD00207047836C53B115
:1044EC00187810F008000DD0D8695B69C01A48BF65
:1044FC006FF000407047C36CA3B193F8310010F01B
:10450C00080000D17047186919685A69401A5B682D
:10451C0062EB0303B0F1004F73F10003F2D36FF0C1
:10452C00004070471846EDE7036D53B1187810F052
:10453C0008000DD0D8695B69C01A48BF6FF0004005
:10454C007047436DA3B193F8310010F0080000D10F
:10455C007047186919685A69401A5B6862EB030363
:10456C00B0F1004F73F10003F2D36FF000407047CD
:10457C001846EDE70369D3B10E4810B41C68E46823
:10458C0084420FD1186D18B15DF8044B06F09CBB3A
:10459C00586D18B15DF8044B04F06ABC00205DF84E
:1045AC00044B7047184623465DF8044B184700200F
:1045BC00704700BFCD05000038B504460C4B806D2C
:1045CC00236018B10FF05CFB0023A365236D04F18D
:1045DC0018054BB1284608F00FF8064B2846A36087
:1045EC0008F00AF8204638BD636D002BF2D1F4E7D1
:1045FC00C40F0020C00D002038B504460E4B806D52
:10460C00236018B10FF03CFB0023A365236D04F16C
:10461C0018056BB1284607F0EFFF084B2846A3603E
:10462C0007F0EAFF20465C210DF0AAFC204638BDBD
:10463C00636D002BEED1F0E7C40F0020C00D0020FD
:10464C0030B4029C11469C4634B1012C1CD0022C77
:10465C000ED0002030BC7047056DF5B14FF0FF3324
:10466C00934274EB0C04F4D3284630BC06F050B9DA
:10467C00026D0AB3D36959184CF10003002BE8D131
:10468C00104630BC06F044B9026D62B1536959183A
:10469C004CF10003002BDCD1F2E7406D0028D8D0A0
:1046AC0030BC03F0F9BC406D0028D2D0D0E9002317
:1046BC008A184CEB0303F3E7406D0028C9D0D0E90E
:1046CC00042330BC8A184CEB030303F0E5BC00BF99
:1046DC0070B5244B044605690360002D32D06E681A
:1046EC00013E6E6076BB2B681F4ADB6A93422FD16A
:1046FC00A86D10B10FF0C4FAAE652B6D23B305F1A4
:10470C00180007F079FF2569E5B12B68174A5B683B
:10471C00934224D1164BA86D2B6018B10FF0B0FA50
:10472C000023AB652B6D05F11806A3B1304607F0DD
:10473C0063FF104B3046AB6007F05EFF5C212846F0
:10474C000DF01EFC204670BD6B6D002BD7D1DAE747
:10475C0028469847D7E76B6D002BE7D1E9E7284649
:10476C009847EFE7740F00208500000099070000C0
:10477C00C40F0020C00D002070B5264B04460569FF
:10478C000360002D32D06E68013E6E6076BB2B68E4
:10479C00214ADB6A934233D1A86D10B10FF070FA45
:1047AC00AE652B6D43B305F1180007F025FF2569A5
:1047BC00E5B12B68194A5B68934228D1184BA86D58
:1047CC002B6018B10FF05CFA0023AB652B6D05F173
:1047DC001806C3B1304607F00FFF124B3046AB60E2
:1047EC0007F00AFF5C2128460DF0CAFB2046142175
:1047FC000DF0C6FB204670BD6B6D002BD3D1D6E7F8
:10480C0028469847D3E76B6D002BE3D1E5E72846A4
:10481C009847EBE7740F0020850000009907000013
:10482C00C40F0020C00D00200346002212494FF493
:10483C00807C10B4114C43F8184BA0F808C082616E
:10484C00C0E903230B68ABB11A465B69002BFBD1A3
:10485C00506100230A4A5DF8044B80F864334361CD
:10486C0080F86533436083720260C0F8603380F86F
:10487C00663370470860ECE708320020E40D002036
:10488C00D00E00202DE9F0414FF064081E4F1F4E52
:10489C001F4D02E0384602F05DFC384602F04EFC3B
:1048AC000028F7D1304602F049FC0346304683B16C
:1048BC0002F050FC304602F041FC03463046002B1F
:1048CC00F6D1284602F03AFC0346284643B102F0E2
:1048DC0041FC284602F032FC03462846002BF6D158
:1048EC000C4C01E002F036FC204602F027FC03469B
:1048FC002046002BF6D102200DF0ACF9B8F10108DE
:10490C00CBD1BDE8F08100BFE83A0020B8410020CF
:10491C00503E0020204500202DE9F0414FF0E024CE
:10492C0040257821244815F0AFFB012342F2107288
:10493C004FF4F0512020C4F8885115F0B5FB1F4AF4
:10494C001F490126936ADFF88C800B401D4F4046AF
:10495C0043F0C3039362D36A0B4043F0C303D362A7
:10496C0002F0F8FB384688F8666302F0F3FBDFF8D8
:10497C00688087F86663144F404602F0EBFB88F8BA
:10498C006663384602F0E6FB4FF4FA7087F866630C
:10499C00C4F808510DF05EF9FFF774FF00210B4AC3
:1049AC000020C4F888510A4B11600021C3E90001B2
:1049BC00C4F80851BDE8F0810000202000C00F4071
:1049CC0000FEFFFFB8410020204500209048002049
:1049DC00E82C0020E83A0020503E0020F0B5066993
:1049EC008FB00C46154666B133680746196A384BCA
:1049FC00994264D1306D002852D0002105F088FF17
:104A0C003E693449EA00E30033480391A1F5700193
:104A1C000D922432A1F2FB718DF824400492220AEB
:104A2C00059101F15B418DF82520220C01F5F11166
:104A3C00240E8DF826201A0A01F60F418DF8283025
:104A4C008DF829201A0C069110211B0E8DF82A20A6
:104A5C0007914FF4801108228DF827400B9101F13A
:104A6C006121089001F164118DF82B308DF82C2008
:104A7C000C9156B13368194ADB68934219D1306DE9
:104A8C0028B12C2203A906F01FF90FB0F0BD706DF0
:104A9C000028FAD02C2203A904F0EAF90FB0F0BDDB
:104AAC00706D0028ADD00022002303F0F5FA3E69AA
:104ABC00A7E72C2203A9304698470FB0F0BD00237E
:104ACC00304600220093002388473E6999E700BFD7
:104ADC00E10700005249464601000400CD050000E4
:104AEC002DE9F043174E95B0174F8146DFF85C80E7
:104AFC0033684246142101A85C1C002534600FF079
:104B0C006FFDD7F8844401AA06A82B46214664B150
:104B1C00069505F061FC0028EAD101A948460CF085
:104B2C00C9FE484615B0BDE8F083D7F88814234673
:104B3C0001AA06A80029F0D0129403F06BFD0028FE
:104B4C00D6D1EAE798380020F02C002094040020FD
:104B5C00184B2DE9F043184F95B081461D68DFF8CE
:104B6C005C802B464246142101A80FF039FD00262B
:104B7C00D7F8844401AA06A833460135214664B10E
:104B8C00069605F029FC0028EBD101A948460CF04B
:104B9C0091FE484615B0BDE8F083D7F8881423463B
:104BAC0001AA06A80029F0D0129403F033FD0028C6
:104BBC00D7D1EAE798380020F02C0020940400208C
:104BCC002DE9F041002394B0134E144FDFF85080C0
:104BDC0005E0069505F000FCD8B133680133424678
:104BEC00142101A8336000250FF0FAFCD7F8844497
:104BFC0001AA06A82B462146002CEAD1D7F8881426
:104C0C00234601AA06A821B1129403F003FD002843
:104C1C00E3D114B0BDE8F08198380020F02C0020CE
:104C2C00940400202DE9F0417E4994B000207E4A86
:104C3C0044F202230860684612687C4907F0F6FDCE
:104C4C00129B002B00F0BB805C2000250DF096F928
:104C5C00774A0446456002601830764FDFF8F481DD
:104C6C00DDE9011340F8083C9DF80C3040F80C1CB1
:104C7C0004A900F8043C704B40F8103C07F07AFC97
:104C8C0063686E4A04A80133A565A260636000974F
:104C9C0007F0B2FCD8F81050002D00F082806E683E
:104CAC00013E6E60002E34D12B68654ADB6A93425C
:104CBC0040F0AC80A86D10B10EF0E2FFAE652B6D2C
:104CCC00002B00F0998005F1180007F095FCD8F83E
:104CDC001050F5B12B685B4A5B68934240F09E80A4
:104CEC00534BA86D2B6018B10EF0CAFF0023AB65B7
:104CFC002B6D05F11806002B00F08B80304607F069
:104D0C007BFC3046AF6007F077FC5C2128460DF049
:104D1C0037F9C8F81040002C39D023684A4A1B6B6D
:104D2C00934245D1236D002B62D0D8F810302C243F
:104D3C000026464F05E005F0C7FFD8F81030013CBF
:104D4C0016D08DF8006003B3186801226946C56857
:104D5C00BD421FD1186D0028EDD1586D0122694656
:104D6C000028ECD004F084F8013CD8F81030E8D1DD
:104D7C006BB11A68364992698A4242D1186D78B380
:104D8C0014B0BDE8F04105F0F3BE013CD7D114B02E
:104D9C00BDE8F081184601226946A847D8F81030C2
:104DAC00CDE72368284A1B6BC8F810409342B9D052
:104DBC00204698470028B8D114B0BDE8F081139C68
:104DCC00002C7FF441AF1B4F04A8DFF888800097BC
:104DDC0007F012FCD8F81050002D7FF460AFD6E726
:104DEC00586D0028D3D014B0BDE8F04103F09CBD41
:104DFC00636D002B99D1CAE76B6D002B7FF463AF09
:104E0C0065E7184614B0BDE8F041104728469847AE
:104E1C005DE76B6D002B7FF471AF72E72846984706
:104E2C0077E700BFE4480020C01A0020F42C0020D3
:104E3C00C40F0020C00D002020100020A00F002067
:104E4C00850000009907000071000000CD050000EE
:104E5C00A5050000382400202DE9F041674E92B0E2
:104E6C000446336963B11968654A096A914240F096
:104E7C00B380186D002800F09D80002105F048FDDE
:104E8C00604B61495D481A68FFF7A8FD3569D5B1DB
:104E9C002B68DFF89881DB6A434540F09A80A86D57
:104EAC0018B10EF0EDFE0023AB652B6D002B7CD002
:104EBC0005F1180007F0A0FB37697D68013D7D60A6
:104ECC0045B3002333612046FFF70AFE4F4B25689C
:104EDC001A68002D7BD04E4BD3F8840400284BD09D
:104EEC0000F58961002304A8CDE9031305F0F2F95C
:104EFC000399002854D1162146480EF049FA214650
:104F0C0045480CF023FB44480CF046FB204612B0FD
:104F1C00BDE8F0813B68DB6A434564D1B86D10B1E4
:104F2C000EF0AEFEBD653B6D002B4CD007F11800AA
:104F3C0007F062FB3569002DC3D02B68374A5B68DC
:104F4C00934257D1364BA86D2B6018B10EF098FEDA
:104F5C000023AB652B6D05F11807002B46D03846A6
:104F6C0007F04AFB2F4B3846AB6007F045FB5C2142
:104F7C0028460DF005F8A4E7D3F888140029BAD018
:104F8C0001F589610346109004A8039103F0C6FA59
:104F9C0003990028AFD02A4604A803F04DFDAAE7D8
:104FAC002A4604A805F076FBA5E76B6D002B7FF471
:104FBC007FAF81E7586D00283FF462AF00220023D9
:104FCC0003F06AF85CE77B6D002BAFD1B2E7164DAE
:104FDC0081E7284698476FE7002218460023009285
:104FEC00002288474CE738469847A3E76B6D002BA7
:104FFC00B5D1B7E72846984763E700BF38240020AF
:10500C00E1070000E448002000EE0200C01A002076
:10501C00F02C002050040020B01A0020990700004A
:10502C00C40F0020C00D00203019002085000000A6
:10503C0070B586B0144E0D4604460DF1160205AB44
:10504C00CDE902320DF1120204ABCDE900320B4670
:10505C000022014630460AF0BFFFBDF91420BDF80E
:10506C001030D2F18002758248BF0132C3EB62036B
:10507C0033823CB120460FF073FE214602460248B3
:10508C000CF03CFA06B070BDE43700202DE9F0417D
:10509C0086B01546154F0C460DF116020146064614
:1050AC003846039205AA984602920DF1120201921B
:1050BC0004AA009200220AF08FFFBDF91430A7F861
:1050CC001280ED1ABDF8103048BF0135E41A04EB1C
:1050DC0065043C823EB130460FF042FE314602463A
:1050EC0002480CF00BFA06B0BDE8F081E437002062
:1050FC002DE9F04788B00F46064641494148144611
:10510C00BDF940A01D460AF07BFE0DF116030022EE
:10511C003146039305AB3B48AAF1080902930DF104
:10512C0012030FFA89F9019304AB009353460AF06A
:10513C0053FF002133480AF063FE012131480AF085
:10514C0059FE0DF11E0300223946039307AB2D487F
:10515C0002930DF11A03019306AB00934B460AF030
:10516C003BFF97F80080BDF81C30B8F10008BDF883
:10517C0014C0234918BF4FF001089C440CEB480C99
:10518C004FEA48080FFA8CFCB5EB0C0548BF01350B
:10519C0004EB65041B4D2846A4B20AF031FEBDF8A1
:1051AC001030A5F812A0E31A2B823EB130460FF056
:1051BC00D7FD3146024628460CF0A0F93B7813B9CE
:1051CC0008B0BDE8F08700210E480AF019FE012155
:1051DC000C480AF00FFEBDF81820BDF81430384604
:1051EC00A5F812909B1A434423442B820FF0B8FD70
:1051FC003946024603480CF081F908B0BDE8F08747
:10520C0028210060E437002038B5174C174D204694
:10521C000BF04AFC4FF0011305F1100120466361BD
:10522C000AF0EEFD18211248FFF702FF05F12001EC
:10523C0020460AF0E5FD2C210E48FFF7F9FE20462A
:10524C0000210AF0DDFD204601210AF0D3FD3621B4
:10525C000948FFF7EDFE20460BF036FC4FF4FA60E0
:10526C00BDE838400CF0F6BCE43700202821006083
:10527C006804002074040020800400202DE9F84FFD
:10528C006C482DED068B01F059FF18B9BDEC068B5F
:10529C00BDE8F88F684801F051FF0028F6D0674848
:1052AC0001F04CFF0028F1D0654801F047FF0028C1
:1052BC00ECD0604801F072FF82465F4801F06EFF4F
:1052CC00604C81465D4801F069FF80465C48AAF15C
:1052DC00020A01F063FF5C4B94ED009AA9F10209FC
:1052EC005A4CA8F10208DFED5A8AA0F1020B27787C
:1052FC00DFED589A9FED58AA93ED008A574E584C03
:10530C00584D0BE0B4EECA0AF1EE10FA40F18C8065
:10531C00554B26F8023B554B9E4258D023683AF920
:10532C00022F25F81320013339F9022F236023684B
:10533C0025F81320013338F9022F2360236825F850
:10534C00132001333BF9022F2360236825F8132027
:10535C000133474A23602368934201D3002323601F
:10536C00B0EE480A38EE098A0EF066F9B4EEE88A17
:10537C00F1EE10FAA8BF38EE688A032F22D0042F62
:10538C001BD0022F14D0BAF9003007EE903AF8EE89
:10539C00E77A384B93ED007A27EE800A20EE070A65
:1053AC00B4EEE90AF1EE10FAACDD47F6FF73B0E7A4
:1053BC00B9F9003007EE903AE9E7BBF9003007EE97
:1053CC00903AE4E7B8F9003007EE903ADFE72A4963
:1053DC001D4B184883ED008AD1E9002312F50074A7
:1053EC0043F10005C1E9004501F0B4FE124801F09B
:1053FC00B1FE124801F0AEFE114801F0ABFE1F48A1
:10540C0001F02AFE00283FF441AF1C4801F034FEA5
:10541C004FF4807211490CF017FD1848BDEC068B47
:10542C00BDE8F84F01F044BEBDEEC00A10EE103AD4
:10543C001BB26EE7E83A0020B8410020503E002035
:10544C0020450020E43A0020E03A0020A32400206C
:10545C00DB0FC94000FEFF46000000C7B43300203C
:10546C0090480020000000700080FFFFB434002042
:10547C0000983A0088240020E82C002004390020F1
:10548C00F0B5844885B084494FF0FF34834B4022FB
:10549C000094834D834ECDE90110802182480AF09F
:1054AC00D7FF824A824980480EF0E4F90A2228216B
:1054BC00804809F0F7FE0A2229217F4809F0F2FE04
:1054CC00022224217D4809F0EDFE022225217C4890
:1054DC0009F0E8FE0A2226217A4809F0E3FE734A15
:1054EC0079497A480EF0C6F9794A00212B68166082
:1054FC0011611181D160002B00F0C48019465B69E9
:10550C00002BFBD14A610024724B7148136054612B
:10551C005460947201F02CF86F48FFF785F96F48CE
:10552C00FFF782F96E4A2B68166014611481D460FF
:10553C00002B00F0AC8019465B69002BFBD14A6153
:10554C000027684B6648576157609772136001F0EB
:10555C0031F96548FFF768F96448FFF765F9644A63
:10556C002C68166017611781D760002C00F08C80B6
:10557C00234619465B69002BFBD14A615D4800212B
:10558C005D4B1060502082F86011516182F86111FE
:10559C00516082F86201022091721972D9605872BE
:1055AC009961D961C2E9561103F118021A612246B8
:1055BC006469002CFBD15149012553615C605C612D
:1055CC009C7219604C4801F0A7FB4D480BF062FC33
:1055DC00414B22463E49009449480BF0CFFC334ADC
:1055EC00484947480EF046F947480BF053FC3B4BF3
:1055FC0001223749009444480BF0C0FC2B4A414926
:10560C0041480EF037F941480BF044FC364B22462A
:10561C00334900943D480BF0B1FC244A39493B48CE
:10562C000EF028F93A480BF035FC304B01222C498E
:10563C00009437480BF0A2FC1C4A324934480EF057
:10564C0019F934480BF026FC2B4B224628490094C0
:10565C0030480BF093FC154A2A492E480EF00AF9F3
:10566C002D480BF017FC22462149234B00952A4864
:10567C000BF084FC0D4A2349274805B0BDE8F040E7
:10568C000EF0F8B82A603EE714462A6076E72A60E6
:10569C0056E700BFA0860100801A0600C41A00203D
:1056AC0008320020E40D0020E4370020901E00207A
:1056BC0049C60000C4370020D437002050380020E1
:1056CC006038002094480020710800003824002025
:1056DC009C380020480E0020E83A0020B8410020F9
:1056EC00B4380020540E0020503E002020450020ED
:1056FC00043900206C0E0020CC380020600E0020F5
:10570C00683A0020D1D100007C3A0020903A002069
:10571C00A43A0020B83A0020CC3A00202DE9F04100
:10572C00154C82B01F4680460D4620460021164679
:10573C000AF066FB012120460AF05CFB77B90123D5
:10574C00E3823246A382294640460E23FFF79EFC95
:10575C004FF00113636102B0BDE8F0810A22012011
:10576C00B31E691CCDE900201BB20C2209B22046E5
:10577C0009F0E8FE0023E3E7E4370020F0B51C4C09
:10578C0083B006460D46204601270BF08DF94FF0ED
:10579C0001132046002163610AF032FB20460121EF
:1057AC000AF028FB01211348FFF742FC80230B224F
:1057BC002046002100970AF0D5FD20460E490AF03C
:1057CC001FFB30462521FFF733FC204600210AF051
:1057DC0017FB394620460AF00DFB28463121FFF70E
:1057EC0027FC204603B0BDE8F0400BF06DB900BFBC
:1057FC00E437002068040020282100602DE9F04FD8
:10580C0087B06846FFF7A4F90099002967D036489D
:10581C00FFF7B4FFDFF800A1FFF704FA334B344D68
:10582C001B68DFF8F880AAFB0324324E324F240D9C
:10583C00DFF8EC9005FB14340FE005F045FA621C20
:10584C0033682B49013DAAFB020403F101034FEA23
:10585C001454336001FB14241AD0D8F8103007EB21
:10586C00440C002BEBD0186802226146D0F80CB027
:10587C00CB4509D1186D0028DFD1586D02220028C4
:10588C00DDD003F0F5FADAE718460222D847D6E75E
:10589C0003A8FFF7E1FA039919B31848FFF76EFF55
:1058AC00174B0122182117481A70174B174A1B68FF
:1058BC0003F5FA6313600DF06BFD00230A223168C7
:1058CC0013480BF085FE12480BF066FE03A80CF093
:1058DC000FF868460CF00CF807B0BDE8F08F0D49D6
:1058EC0095E70C49D9E700BFFC0400209048002044
:1058FC0000983A00E448002000000070A404002046
:10590C003D49002004050020F4480020E848002010
:10591C00B01A00203019002073B2E745382400205B
:10592C00CD050000564B0C219FED567AD3ED006A45
:10593C00554AC6EE877AF0B593B0544C0125544FB6
:10594C000DEB01002826FDEEE77A17EE903A0EF0EB
:10595C0047FE504B9FED507A0C21D3ED007A06A8F0
:10596C00494A67EE877AFDEEE77A17EE903A0EF029
:10597C0037FE4A4B4A4A04211B7802A80EF030FE2F
:10598C00484B494A0C211B6809A80EF029FE2046F9
:10599C000BF08AF84FF001132046002163610AF0E6
:1059AC002FFA294620460AF025FA29463F48FFF7E8
:1059BC003FFB204680230B22002100950AF0D2FCED
:1059CC003B782B220021B3FA83F339485B09FFF7AC
:1059DC00A5FE3B782A222B21A3F102033548B3FA0A
:1059EC0083F35B09FFF79AFE3B782B2255215B1B57
:1059FC003148B3FA83F35B09FFF790FE03A82B231E
:105A0C0000222E490096FFF773FB02A82A232B22B3
:105A1C002B490096FFF76CFB06A82B23552229492E
:105A2C000096FFF765FB204621230C222B210095C5
:105A3C000AF0D4FC204621230C22552100950AF0B3
:105A4C00CDFC204680232D22002100950AF08AFCF3
:105A5C0009AB1D4A18210CA80EF0C2FD20460021EE
:105A6C000AF0CEF9294620460AF0C4F934210CA8D4
:105A7C00FFF7DEFA20460BF027F813B0F0BD00BF9D
:105A8C002024002000007A4420050020E437002068
:105A9C0038490020882400200000C842A32400209C
:105AAC0024050020983800202805002068040020D8
:105ABC0030050020380500203C0500209004002013
:105ACC00780C0020440500204805002038B55A4BBE
:105ADC001B78002B4CD107EE900A584C9FED586A5E
:105AEC00F8EEE77A94ED007ADFED566AA7EE867A47
:105AFC0084ED007AD4ED007AF4EEE67AF1EE10FA49
:105B0C0001D5C4ED006A94ED007ADFED4F7AB4EE66
:105B1C00E77AF1EE10FA52DCD4ED007A13219FED06
:105B2C004B7ADFED4B6A67EE877A4A4D4A4887EE2F
:105B3C00A67A85ED007A0DF02BFC94ED000A02217B
:105B4C004648B7EEC00A0BF057FD0F2144480DF044
:105B5C001FFC95ED000A08214048B7EEC00A0BF077
:105B6C004BFD3E480BF018FD3E4B1B781BB338BD6C
:105B7C00012B27D03C4C1A212378013B03443B4892
:105B8C005A4203F0030302F0030258BF5342002BA6
:105B9C00B8BF0433013323700DF0FAFB00230A2243
:105BAC0021782E480BF014FD2C480BF0F5FC2D4BF6
:105BBC001B78002BDBD1BDE83840FFF7B3BEC4ED3A
:105BCC00007AA9E707EE900A294CDFED2A6A002338
:105BDC00F8EEE77A94ED007AA7EEA67A84ED007AD7
:105BEC00D4ED007AF5EEC07AF1EE10FA00D5236010
:105BFC00F7EE007A94ED007AB4EEE77AF1EE10FA53
:105C0C0001DDC4ED007A0F211B480DF0C1FBDFED67
:105C1C001B7A94ED000A0021104820EE270AB7EEFB
:105C2C00C00A0BF0E9FC012115480DF0B1FB0B4843
:105C3C000BF0B2FC98E700BF38490020202400206C
:105C4C0000409C4500401C460004A647DB0FC940A1
:105C5C0000803B48E43A0020AC040020B01A00203D
:105C6C00C00400203D490020A3240020E0040020B3
:105C7C0088240020CDCC4C3DD00400200000C8422C
:105C8C00440500202DE9F0434D4D83B04D4C40F2BE
:105C9C00EE284D4FDFF868912E680DF0F7FB237856
:105CAC00002B50D03B78DB074DD52B68D9F8002062
:105CBC009B1A0E2B47D9C82001250BF0CBFF0221D4
:105CCC002820424E0CF080F8022129200CF07CF8A0
:105CDC00022124200CF078F8022125200CF074F815
:105CEC00022126200CF070F824200CF05BF80446FE
:105CFC0025200CF057F8003C009518BF0124031E1A
:105D0C009FED337A18BF0123DFED326A324A43EA42
:105D1C004400324B3249D3ED007A2B4610703C22B2
:105D2C0067EE877A304687EEA67A81ED007A0221FB
:105D3C000AF0DAFCA0B91D212A480DF029FB2A48EB
:105D4C000BF02AFCFEE72B6822789B1B2AB1B3F5DB
:105D5C00FA6FB0D80DF09AFB9FE74345FAD9AAE742
:105D6C0030460AF0A1FE294630460AF043F84FF0BF
:105D7C0001137361FFF748FAFEF7CEFDFE211B48B5
:105D8C0001F03AFF68B1FEF71BFFFFF7CBFD1621C0
:105D9C0017480DF0FDFA144803B0BDE8F0430BF0C2
:105DAC00FBBB172113480DF0F3FA0F480BF0F4FB73
:105DBC001149124803B0BDE8F043FFF7DFBC00BF48
:105DCC00F44800204349002042490020E4370020D9
:105DDC00DB0FC94000803B483949002020240020BB
:105DEC00E43A0020CC170020B01A0020F02C002040
:105DFC0024180020EC17002004180020181800208C
:105E0C00044900202DE9F04FA84889B009F05EFA4A
:105E1C00A74809F05BFAA74809F058FAA64809F018
:105E2C0055FAA64809F052FAA34809F07FFA28B9A6
:105E3C00A14809F085FA002800F027819E4809F056
:105E4C0073FA04469D4809F06FFA9D4D003C9D493C
:105E5C002B7818BF0124021E4FEA83039A4E18BFF9
:105E6C00012203F00C0342EA44000A680343287041
:105E7C00F3561344032B0B6040F3F881043B980852
:105E8C00C0EB8072013003EB82030B60FFF71EFE48
:105E9C00884809F055FA002840F0A6808B4B0193F6
:105EAC00FFF7ECF901990B7833B1894B894A1B68E0
:105EBC0012689B1A002B0ADA7D4809F041FA78B96E
:105ECC007A4809F03DFA90B909B0BDE8F08F00238B
:105EDC000B70FFF727FD764809F032FA0028EFD057
:105EEC00FFF78CFC714809F02BFA0028ECD002A8C3
:105EFC00FEF72EFE0299002900F0C5817648FFF7C7
:105F0C003DFC72B6754BD3E9002362B6744CA242C9
:105F1C0073F100030DD2FFF7B1F901200BF09AFEDB
:105F2C0072B66E4BD3E9002362B6A24273F1000342
:105F3C00F1D372B66B4B1B6862B66B4C6B4EA4FB09
:105F4C000324674A240D02FB1434FEF76BFE306900
:105F5C00002800F092800368654A1B6B934240F066
:105F6C009981036D002B00F090815D4B614DDFF842
:105F7C00ACB19946DFF870A10093FFF77FF9009B55
:105F8C007F2B40F23781803B4FF080080093002735
:105F9C000FE004F099FE621C2B680137AAFB021477
:105FAC000133B8454FEA14542B6009FB142400F05C
:105FBC00B780D6F810C00BEB440EBCF1000FEAD042
:105FCC00DCF8003002224C487146DB68834269D110
:105FDC00DCF850000028DCD1DCF854000222002848
:105FEC00D9D002F045FFD6E7444A1378002B4AD0AB
:105FFC00A3F10203B3FA83F35B09344913700B78F2
:10600C000191002B7FF44CAFFFF78CFC48E705A8FF
:10601C00FEF722FF3A4801F09DF83A4801F09AF851
:10602C00394801F097F8394801F094F872B600221B
:10603C0000232A49C1E9002362B60599002900F022
:10604C002E813348FFF79AFB214B019901221B68E3
:10605C000A701B2103F5FA631E4A2E4813600DF0DB
:10606C0097F900230A2229682B480BF0B1FA2A4829
:10607C000BF092FA05A80BF03BFC02A80BF038FCD5
:10608C0009B0BDE8F08F0223B7E70C4809F04EF9D0
:10609C0000287FF4D3AE094809F052F900287FF4A8
:1060AC00CDAEF5E602226046984774E7C43700206F
:1060BC00D43700209448002050380020603800204D
:1060CC0039490020703800200C1100203D49002077
:1060DC00F4480020E848002098170020E82C002005
:1060EC0000983A009048002073B2E745382400200D
:1060FC0071000000E4480020CD0500003849002064
:10610C00E83A0020B8410020503E002020450020F5
:10611C00A4040020A4170020B01A00200000007076
:10612C000DF0B4F9009B002B7FF427AF5D4B42F2CE
:10613C000F7219681B6800915B1A93425FD8DFF8E5
:10614C007081DFF87491DFF874A1DFF874B10EE0A0
:10615C00554809F0F5F8002851D10DF097F9514B3D
:10616C00009A1B689B1A42F20F72934247D84E4812
:10617C0009F0ACF8FFF782F872B64C4B1B6862B6AC
:10618C0043441B1BA9FB0312120D08FB1233B3F57E
:10619C00006FDDD34FF400670EE004F095FD621C38
:1061AC002B68013FA9FB021403F101034FEA1454BD
:1061BC002B6008FB1424CBD0D6F810C00AEB440E8D
:1061CC00BCF1000FEBD0DCF8003002227146DB682A
:1061DC005B450BD1DCF850000028DED1DCF8540014
:1061EC0002220028DBD002F043FED8E702226046F0
:1061FC009847D4E70023DDF800800093C7E672B619
:10620C002A4B1F6862B6BC423FF401AFDFF8ACA06A
:10621C00DFF8AC90DFF8A0800EE004F055FD621CB6
:10622C0023492B68A8FB02040133240D2B6001FBCE
:10623C001424A7423FF4EBAE33690AEB440C002B59
:10624C00EDD0186802226146D0F80CB0CB4509D1CC
:10625C00186D0028E1D1586D0028E0D0022202F020
:10626C0007FEDCE718460222D847D8E7DA1CBFF64F
:10627C000FAE6FF003001A1DC01A20F003036FEA73
:10628C009000134401E60B4938E6436D002B7FF474
:10629C006CAEF2E6984700283FF4EFAE65E6054990
:1062AC00CFE600BFF4480020D437002090480020EF
:1062BC0000983A003019002073B2E74500000070D6
:1062CC00CD05000010B504460AF052FF204610BD63
:1062DC00024A034903480DF0CDBA00BF901E0020BE
:1062EC0065240000A433002030B482B00C4602AB0D
:1062FC0003E90600C37C002B30D072B6C37CDA07EE
:10630C0008D54FF0E0214569D1F880212A408262FE
:10631C00C1F880219D0708D54FF0E0218569D1F89F
:10632C0084212A40C262C1F88421590708D54FF054
:10633C00E021C569D1F888212A400263C1F888217F
:10634C001A0708D54FF0E021056AD1F88C212A40B4
:10635C004263C1F88C21DB062FD462B683689C4261
:10636C0035D0224B84609B69214AC3F30111C3F3DE
:10637C00826352F821100133B1FBF3F2CCB1944299
:10638C0027D8B2FBF4F3B2FBF3F294422CD3B3F55F
:10639C00817F20D3174CC46003680322002001992D
:1063AC0018615A6201221C6419661A6102B030BC71
:1063BC0070479942EFD3531CE9E74FF0E022416A52
:1063CC00D2F890310B408363C2F89031C5E7C468B2
:1063DC00E2E70024DFE7022BFBD9023B5A08140248
:1063EC0044EA02441C43D6E71A46E4E700C00F40D7
:1063FC002C110020FF7F7F00024A034903480DF057
:10640C0039BA00BF901E0020652400001C33002008
:10641C00294A2A4B2A4910B5146810792269C87781
:10642C009A420BD2274A1278002A41D04FF0E02230
:10643C00402103F5807EC2F8081202E09E46A3F5C7
:10644C0080732149214A0968106881B378B3204CC4
:10645C002288402A2BD802F1020C403201EB4C016D
:10646C00228000EB4C001A46BFF34F8F03F120043F
:10647C0003F5807CA44534BF4FF0010C4FF0080CA1
:10648C004FF0E02403EB4C1CC4F85C2F2032624527
:10649C00FAD1BFF34F8FBFF36F8F33F9042B21F871
:1064AC00022B9E4533F9022C20F8022BF5D810BD97
:1064BC0003F5807EC5E700BF8C320020E07A2020F7
:1064CC0000800E40304900208432002088320020A9
:1064DC001A490020F8B506460AF02EFCC0B1044655
:1064EC000AF02AFC054680B172B61E4B1A887F2A28
:1064FC0017D81D490A6872B362B620460AF072FCBE
:10650C002846BDE8F8400AF06DBC20460AF06AFC4B
:10651C0072B6144B1A887F2A01D862B6F8BD0025D2
:10652C002C4611480022114907681A8004600C6837
:10653C000D6062B6394630460AF07CFC38460AF0EB
:10654C0051FC3046214601220AF074FC2046BDE87D
:10655C00F8400AF047BC0C6004491A80086062B627
:10656C00F8BD00BF1A490020843200208832002078
:10657C0038B5234C0121062520460AF095FD002054
:10658C0000F058FB02221F4903201F4BC1F87C016D
:10659C00C3F894211D4923681D4859609A609A825A
:1065AC004FF480721B49186000201961DA8221793E
:1065BC00DA839D83A5F20625174AD8609D6142F8BF
:1065CC0021001648164B42F82100164AC3F88820C1
:1065DC000AF048FD2379144C0121144A207003F170
:1065EC001000134C02EB5312E37603F01F039200DE
:1065FC00104C9940104B43F82040116038BD00BF3F
:10660C008C32002000801F4000841F4000000101DC
:10661C00A2403840E079202000C00E4013000080DA
:10662C0000403840010000923049002040380038CA
:10663C0000800E40B125000000280020024A0349CA
:10664C0003480DF017B900BF901E00206524000010
:10665C008C320020294A2A4B2A4910B5146810792B
:10666C002269C8779A420BD2274A1278002A41D065
:10667C004FF0E022402103F5807EC2F8081202E0C0
:10668C009E46A3F580732149214A0968106881B39D
:10669C0078B3204C2288402A2BD802F1020C4032CD
:1066AC0001EB4C01228000EB4C001A46BFF34F8FDC
:1066BC0003F1200403F5807CA44534BF4FF0010C9A
:1066CC004FF0080C4FF0E02403EB4C1CC4F85C2F8B
:1066DC0020326245FAD1BFF34F8FBFF36F8F33F97E
:1066EC00042B21F8022B9E4533F9022C20F8022BA7
:1066FC00F5D810BD03F5807EC5E700BFAC32002095
:10670C00E07C202000800E4031490020A432002083
:10671C00A83200201C490020F8B506460AF00CFBF4
:10672C00C0B104460AF008FB054680B172B61E4B98
:10673C001A887F2A17D81D490A6872B362B6204698
:10674C000AF050FB2846BDE8F8400AF04BBB204647
:10675C000AF048FB72B6144B1A887F2A01D862B62D
:10676C00F8BD00252C4611480022114907681A80F3
:10677C0004600C680D6062B6394630460AF05AFB6C
:10678C0038460AF02FFB3046214601220AF052FB14
:10679C002046BDE8F8400AF025BB0C6004491A807D
:1067AC00086062B6F8BD00BF1C490020A43200206E
:1067BC00A832002070B5254C0121254E2046254DD0
:1067CC000AF072FC00F022FB022223480021234B2A
:1067DC00426300F5C810C3F8B811A23023681860E2
:1067EC001F489A8258601F489E6118612079C3E93E
:1067FC0002214FF480720FFA80FCDA82DA830622CF
:10680C009A83194B45F82C10184A45F82C30184926
:10681C00184BC876C2F88830936843F010439360E5
:10682C000AF020FC2279144B0121144C03EB521377
:10683C00207002F1100002F01F02114C9B009140DD
:10684C00104A42F82040196070BD00BFAC320020E5
:10685C0000FEFFFF00C00E4000801F4000841F4060
:10686C0000000101E07B20201500008000803840F2
:10687C0000800E4001000092403800383149002061
:10688C00F527000000280020024A034903480CF0B9
:10689C00F1BF00BF901E002065240000AC32002028
:1068AC00024A034903480CF0E5BF00BF901E0020CC
:1068BC006524000024330020024A034903480CF0ED
:1068CC00D9BF00BF901E0020652400002C3300208F
:1068DC00024A034903480CF0CDBF00BF901E0020B4
:1068EC006524000044330020024A034903480CF09D
:1068FC00C1BF00BF901E0020652400009432002010
:10690C00024A034903480CF0B5BF00BF901E00209B
:10691C0065240000B4320020024A034903480CF0FD
:10692C00A9BF00BF901E0020652400003433002056
:10693C00024A034903480CF09DBF00BF901E002083
:10694C00652400009C320020024A034903480CF0E5
:10695C0091BF00BF901E002065240000BC320020B7
:10696C002DE9F04F00F5807EB1E8A00AB2E84015A1
:10697C00C5EA0643C6EA2544C7EA0845C8EA2746DD
:10698C00C9EA0A47CAEA2948CBEA0C49CCEA2B4A9D
:10699C00A0E8F8078645E7D1BDE8F04F70474FF007
:1069AC0000022DE9F00F00F5807C00BFB1E8A00AD1
:1069BC00C5EA0203C2EA2544C7EA0205C2EA274631
:1069CC00C9EA0207C2EA2948CBEA0209C2EA2B4A01
:1069DC00A0E8F8078445E9D1BDE8F00F70474FF007
:1069EC0000022DE9F00F00F5807C00BFB1E8A00A91
:1069FC00C2EA0543C2EA0504C2EA0745C2EA070631
:106A0C00C2EA0947C2EA0908C2EA0B49C2EA0B0A00
:106A1C00A0E8F8078445E9D1BDE8F00F70472DE9EF
:106A2C00F00F089C00F5007B51F8045B53F8046BE5
:106A3C00C5EA0647C6EA254952F8045B54F8046BCC
:106A4C00C5EA0648C6EA254AA0E880078345EBD18B
:106A5C00BDE8F00F704700BF2DE9F84F454B464C91
:106A6C001868197904F580750368444AAB42D177EC
:106A7C000BD2434B1B78002B4BD04FF0E023402222
:106A8C002C4605F58075C3F808223E4BDFF804A1AF
:106A9C00D3F80080DFF800913B4BBAF80060D3F8D4
:106AAC0000B0B9F80070B8F1000F4FD0BBF1000F77
:106ABC0021D1B8F1000F49D008F10401204601EBB7
:106ACC0046014036FFF76BFFBFF34F8F4FF0E022CC
:106ADC00C2F8704F2034AC42FAD3BFF34F8FBFF3E0
:106AEC006F8F7F2E26D8AAF800607F2F15D8A9F8B3
:106AFC000070BDE8F88F0BF1040208F10401204688
:106B0C0002EB4702403701EB46014036FFF728FF06
:106B1C00DAE72C4605F58075B7E700245846A9F846
:106B2C0000400AF05FF9194B1A681C60164B1A608A
:106B3C00BDE8F88F00244046AAF800400AF052F94C
:106B4C00134A104B116814601960CEE7BBF1000FAB
:106B5C0008D00BF10401204601EB47014037FFF749
:106B6C003EFFB1E74FF48072594620460DF00CFF02
:106B7C00AAE700BFD4320020E07D202000800E4028
:106B8C0032490020C4320020CC320020D032002008
:106B9C00C83200201E4900202049002038B50021B1
:106BAC0004460AF06BF988B172B61C4A1368002BC4
:106BBC002BD01B490D68002D2CD0156008600021CE
:106BCC00184A118062B618460AF00CF901212046C9
:106BDC000AF054F998B172B6134A136883B1134989
:106BEC000C6854B114600024114A0860148062B619
:106BFC001846BDE838400AF0F5B8086062B638BDF2
:106C0C000B4910600B8062B638BD064910600B80D2
:106C1C0062B6DBE7086062B6D8E700BFC43200207A
:106C2C00C83200201E490020CC320020D032002077
:106C3C002049002038B52D4C05462D4AE36F43F40E
:106C4C004023E3679368002B47DBD2F88830002B96
:106C5C0043DB002342F210724FF40C611C2013F042
:106C6C0023FAE369234A23F44063234943F4006382
:106C7C00E361A36A1A40214B42F0CE02A2624A6839
:106C8C00134043F400234B602DB91D4B0322C3F872
:106C9C002021C3F824211A4C0325154B0020C4F8DD
:106CAC0028511C2418664FF48031DC60154C164AB0
:106CBC001C61164C59619C611024DA61C3F8E00028
:106CCC00C3F88C401248134CC3F89040C3F894108E
:106CDC00C3F89800C3F89C2038BD002DFCD1084B9C
:106CEC000322C3F82021C3F8242138BD00C00F4073
:106CFC000040384000FEFFFF00C00A40F8FFF7FFDD
:106D0C0000801F4001000047001F1F1F1B1F0110A8
:106D1C001B1F01000100000770B5264D0024012146
:106D2C00254E28460AF0C0F9244A254B204614600B
:106D3C001C60FFF77FFF234B0321234A0220C3F87B
:106D4C0080112B6821491A604FF480729C61DA82A1
:106D5C00DA8306229C829A831D4ADE601A61C3E99B
:106D6C00011029791B480FFA81FC1B4B40F82C4071
:106D7C0040F82C30194B1A48D976D2F86630194C99
:106D8C0043F01043C2F8663042F81A0C0AF06AF964
:106D9C002A79154B0121207002F1100003EB5213DC
:106DAC0002F01F02114C91409B00114A42F8204006
:106DBC00196070BDD432002000FEFFFFC4320020E9
:106DCC00CC32002000801F40E07D20200200010119
:106DDC002240384000C00E401400008000800E405D
:106DEC00010400903249002040380038F92B000093
:106DFC0000280020024A034903480CF03BBD00BFA9
:106E0C00901E002065240000D432002038B5244D9B
:106E1C00244CEB6F43F44013EB67A368002B3EDB71
:106E2C00D4F88830002B3ADB002342F210724FF476
:106E3C000C611C2013F038F9EB691B4A022123F476
:106E4C0040531A4843F40053EB61EB6A1A40184B59
:106E5C0042F0CE02EA62002542681340154A43F420
:106E6C00801343600120144B1163D16291624FF483
:106E7C0080312566114AE0602361114B6161A2618A
:106E8C00E361C4F8E050C4F88C0000F18E40C4F803
:106E9C009000C4F89410C4F89820C4F89C3038BD05
:106EAC0000C00F400080384000FEFFFF00C00A40C9
:106EBC00FFFCEFFF00801F40010000071B1F0100BB
:106ECC00001F1F1F024A034903480CF0D3BC00BF2C
:106EDC00901E0020652400000C330020024A034958
:106EEC0003480CF0C7BC00BF901E002065240000B6
:106EFC004C330020024A034903480CF0BBBC00BFD2
:106F0C00901E00206524000054330020024A0349DF
:106F1C0003480CF0AFBC00BF901E0020652400009D
:106F2C0074330020024A034903480CF0A3BC00BF91
:106F3C00901E002065240000DC320020024A034928
:106F4C0003480CF097BC00BF901E00206524000085
:106F5C005C330020024A034903480CF08BBC00BF91
:106F6C00901E0020652400007C33002010B5054CD9
:106F7C0004F108000AF0FCF82046BDE810400AF0C5
:106F8C00F7B800BFE4320020024A002002490CF09E
:106F9C0071BC00BF901E00200D310000024A034955
:106FAC0003480CF067BC00BF901E00206524000055
:106FBC003C330020024A034903480CF05BBC00BF81
:106FCC00901E00206524000064330020024A03490F
:106FDC0003480CF04FBC00BF901E0020652400003D
:106FEC006C330020024A034903480CF043BC00BF39
:106FFC00901E002065240000F4320020024A034950
:10700C0003480CF037BC00BF901E00206524000024
:10701C001433002090F8612190F860118A4219D045
:10702C0038B5D3B290F8622101339A420FD9D9B254
:10703C0000EB83040022A56980F86111294609F050
:10704C00F9FE284609F0CEFE0023A36138BD0021CD
:10705C000B46EDE7704700BFD0F858310BB101205B
:10706C00704710B5044609F067FE03460038C4F8B3
:10707C00583118BF012010BD10B50446D0F8580186
:10708C0008B1043010BD94F86331012B02D108E033
:10709C000CF0FCF909F050FEC4F858010028F7D0A8
:1070AC00EFE709F049FEC4F858010028E9D110BDFA
:1070BC000346D0F8580100B393F8602193F863119C
:1070CC0093F862C10132944598BF002201290FD078
:1070DC0093F861119142FBD0002102F1060CD2B25F
:1070EC0043F82C00084683F86021C3F85811704708
:1070FC0093F861C19445EFD10846704710B5002153
:10710C00044609F0BBFE98B194F866338BB194F841
:10711C00643394F865130133D12BA8BF0023994233
:10712C0007D0991DDBB204EB8101486084F864330D
:10713C0010BDBDE8104009F055BE00BF90F86413B7
:10714C0090F86523CBB29142D0B238BFD133181A24
:10715C00704700BF38B50546D0F8600320B109F080
:10716C0041FE0023C5F8603395F8652395F8643328
:10717C00D4B29A42D9B20ED00134D12C28BF0024FB
:10718C00A31D05EB8303586809F02CFE95F86433B6
:10719C00A342F1D1E1B285F8651338BDD0F8602374
:1071AC00B2B990F8651390F864C3CBB261450DD0B9
:1071BC000133D02B8CBF1346DAB2063300EB8303BA
:1071CC005B6880F865231A1DC0F860331046704761
:1071DC0000221046704700BF90F81CC04160BCF103
:1071EC00020FC26001D18368184709F0DBBF00BFF2
:1071FC00F0B4046840F201251E462561A3B121B309
:10720C0011F8015B013B6566256FAF0707D4154686
:10721C00013E676F1AB105F8017B2A46046865695F
:10722C00ED07F1D5002BEAD16EB10368196F890710
:10723C00FAD41146013E5B6F002AF5D001F8013BF0
:10724C000A46002EF1D1F0BC704790F83C50D9E7BB
:10725C00324B334930B5D3E911542079C8771A6CC5
:10726C0095F804C081F81CC0087752B1B2F5004FF4
:10727C0023D32C4911442A4A1964D07682F81BC0B6
:10728C0030BD19680F24D86C8C6540F20134CA618A
:10729C000C614FF47C544C6103210468246883F81E
:1072AC003D10214B9C4226D1037F4260022BC260D1
:1072BC0026D18368BDE8304018472D68E98B090456
:1072CC0022D492B2EA832168EC8BA4B2EC82CC8BF0
:1072DC00240405D5CC8BC2F3080204F47E4422436B
:1072EC00CA83CA8B92B2CA8200210D4A1964D07625
:1072FC0082F81BC030BD23461146BDE8304018470C
:10730C00BDE8304009F04EBFE98BC2F3080E92B2D3
:10731C0001F47E4141EA0E01E983D4E7601A0020B2
:10732C0000800E400180FFFF7933000043682DE997
:10733C00F04FD3E90041814D4FF0B80A22684FF06D
:10734C00020822EA01027E492260AA6911407D4AA4
:10735C000A43AA6190F810E07B4A03EB0E0603EB9C
:10736C008E0E317C02EB01118968C1F800A090F8F7
:10737C0011C003EB0C050CF10A0C95F8241002EB70
:10738C0001118968C1F800A0817C03EB010903EBB2
:10739C00810199F838B002EB0B1BDBF808B0CBF885
:1073AC0000A0D4F800A05F684AEA070AC4F800A05D
:1073BC00347CDEF814E002EB04146468C4F800E0DA
:1073CC0095F8244053F82CC002EB04146468C4F8FC
:1073DC0000C0C96B99F8384002EB04125268116076
:1073EC009A6C99F8441011601A6A317F5B6B1160CA
:1073FC0095F830201A600F220368C3F810809A6544
:10740C00C27C002A31D072B6C37CDC0708D54FF0A1
:10741C00E0214469D1F8802122408262C1F88021A8
:10742C00990708D54FF0E0218469D1F884212240D6
:10743C00C262C1F884215A0708D54FF0E021C46913
:10744C00D1F8882122400263C1F888211F0708D592
:10745C004FF0E021046AD1F88C2122404263C1F83C
:10746C008C21DE0655D462B60368384C8268A24281
:10747C0059D0324A846092693549C2F30116C2F37D
:10748C008262344D51F826100132B1FBF2F2AA425D
:10749C0031D80022C260002403211C6107245962E8
:1074AC0001211A641C661961C37C13B3DD0704D572
:1074BC00816A4FF0E022C2F800119C0704D5C16A22
:1074CC004FF0E022C2F80411590704D5016B4FF0BC
:1074DC00E022C2F808111A0704D5416B4FF0E022E4
:1074EC00C2F80C11DB0604D5826B4FF0E023C3F815
:1074FC001021BDE8F08F1849A1FB0251090DB2FB18
:10750C00F1F2A24288BF0131B1F5817F0DD3134A4C
:10751C00C0E74FF0E022416AD2F890310B40836310
:10752C00C2F890319FE7C268B5E70229B1D9023998
:10753C004C08220242EA04420A43ABE700C00F4067
:10754C00CFFFFFE3100000082814002000093D00C5
:10755C002C110020FF083D0083DE1B43FF7F7F00C2
:10756C000BB1FFF745BE70474368D3E900120968B9
:10757C00114200D1704710B5026804460020052165
:10758C001061227C1344187C0AF01EFC627C636838
:10759C000521134493F824000AF016FC6368A27CBE
:1075AC0005211344BDE8104093F838000AF00CBCD8
:1075BC0000207047704700BF30B583B005460C46BD
:1075CC000AF0CAFD1C4B984204D800232B80238060
:1075DC0003B030BD69460AF0C1F89DF805309DF83E
:1075EC00062001339DF80410503ADBB292B21F29E9
:1075FC0098BF0C2B01D87F2A18D900219DF80220A6
:10760C009DF801302980172A98BF3B2B9DF800105C
:10761C0001D83B2903D90023238003B030BD5B0183
:10762C0043EAC22343EA51039BB2F5E741EA431113
:10763C0041EA422189B2E1E7FFA5CE1210B504461A
:10764C0040F2D4410AF09CFC204610BD012BF0B551
:10765C00054695B03DD0022B40F2022001F1040109
:10766C000CBF03460023684605F0E0F8129B002B84
:10767C0038D05C2000260AF081FC214B04AF044674
:10768C00C0E90036019B3946183040F80C3C1D4BC4
:10769C0040F8103C029B40F8083C9DF80C3000F878
:1076AC00043C04F067FF184B4FF47A72A665A36094
:1076BC00164B6E602B6063682E730133AA602C61CD
:1076CC006360134B3846009304F096FF284615B0C0
:1076DC00F0BD44F202230431684605F0A7F8129B72
:1076EC00002BC6D1139B002BC3D14FF47A71074AE0
:1076FC0004AF2B732A602B61C5E90131E1E700BFB0
:10770C00C40F002020100020A00F0020740F0020B8
:10771C00C00D002010B5D0F884448EB00A4644B198
:10772C00002321466846009302F056FE80B90EB045
:10773C0010BDD0F8881441B1234668460C9400F073
:10774C0069FF50B900200EB010BD08460EB010BD38
:10775C00684603F095F80EB010BD684601F018F8B5
:10776C000028EFD0E3E700BF70B5D0F884548EB09A
:10777C0016465DB105F5896500230A46684629461B
:10778C00009302F0A7FD90B90EB070BDD0F888043C
:10779C000028F9D000F589640A462B466846214634
:1077AC000C9500F0BBFE48B900200EB070BD3246FF
:1077BC002946684602F06EFF0EB070BD3246214677
:1077CC00684601F039F90028EED0DDE710B5D0F8A5
:1077DC0084448EB00A464CB100200123214600900F
:1077EC00684602F0F9FD80B90EB010BDD0F88814CF
:1077FC0041B1012368460C9400F00CFF50B90020F5
:10780C000EB010BD08460EB010BD684603F0EAFE7F
:10781C000EB010BD684600F061FF0028EFD0E3E722
:10782C0030B5D0F884448FB00A464CB10025012302
:10783C0004F589616846009502F0D6FC0FB030BDA6
:10784C00D0F888040028F9D000F589610123684636
:10785C000C9401F073F90FB030BD00BF10B5D0F827
:10786C0084448EB00A463CB10023214668460093FE
:10787C0002F0B2FD0EB010BDD0F8881431B1234621
:10788C0068460C9400F0C6FE0EB010BD08460EB053
:10789C0010BD00BFF8B5054690F8D00408B90146F4
:1078AC00F8BDD5F88434002B4CD0DC69D5F89004A5
:1078BC00013C002854D00368DB6B9847E0B1D5F845
:1078CC00900478B303681B6C9847A8B9D5F890045A
:1078DC0040B3036801215B6C9847074610B3D5F899
:1078EC00840458BBD5F8886433466EB9D5F8900437
:1078FC0090B900200146D3E7D5F88404E8B9D5F84F
:10790C008834002BF5D00746184602F0EBF90646F2
:10791C003FB1D5F8900428B1036800215B6C9847FF
:10792C0000B1A41BD5F88434FBB19B794FF40071E2
:10793C00994089B2A1FB0401F8BD002704F0A4FC16
:10794C000646E5E7D5F88834D5F89004B3B1D3F8FA
:10795C0030440028AFD1184602F0C4F90646E0E7DF
:10796C00184604F091FC0646DBE7D5F88864002E37
:10797C00BFD0D6F83C14A1FB0401F8BD0028B8D048
:10798C001C4698E790F8D03463B1D0F8843463B1D6
:10799C009A794FF40070D9699040013980B2A0FBFC
:1079AC0001017047184601467047D0F8880400283A
:1079BC00F9D0D0F83C14D0F83004A1FB000170478A
:1079CC002DE9F043D0F890548DB04DB198462B680A
:1079DC0004462846DB699847B0F5405F064604D854
:1079EC00002630460DB0BDE8F0834FF400700CF06B
:1079FC003FF907460028F3D00DF10409B6F1806F6A
:107A0C0002464346294648462ED901F037FC064625
:107A1C0038460CF035F9002EE2D02B682846271D8D
:107A2C001B6A984794F8C034FF2B21D0D4F8C43487
:107A3C0004F5946502932846D4F8C8340393B4F83B
:107A4C00C034ADF8043099E80E0005F0B5FD94F89B
:107A5C00B134C4F89054002BC3D1012329463846C5
:107A6C001A4604F071FEBCE704F0D4F80646CFE7E2
:107A7C0004F2944594F8CC14284606F0E5FB28460D
:107A8C00C4F8905405F042FE0028AAD10123D4F882
:107A9C00901438461A4604F057FEA2E770B5D0F899
:107AAC00905484B00446002D40D090F8D03483B16B
:107ABC0090F8D134FE2B6ED094F8D20436285AD9D3
:107ACC002B68694628469B6C984784F8D00404B010
:107ADC0070BD90F8D134FE2B58D090F8D2043628D3
:107AEC004FD994F8C034261DFF2B24D104F29445B1
:107AFC0094F8CC14284606F0A7FB2846C4F89054FA
:107B0C0005F004FE002864D003212E200AF05CF955
:107B1C003549364A364B48681268A3FB0232920C40
:107B2C0002EB82024B681B1A9A42FBD8002084F8A5
:107B3C00D00404B070BDD4F8C83404F59465D4F8FE
:107B4C00C414B4F8C024284602936B460191ADF8D6
:107B5C0000200ECB05F030FD94F8B134C4F89054ED
:107B6C00002BD1D10123294630461A4604F0ECFDF6
:107B7C000028DCD1C8E70AF015F9003818BF01203D
:107B8C00D5E70AF00FF90028ABD1CFE7194B9B686A
:107B9C009B03CBD5A5E72B6828465B6D9847421C09
:107BAC008AD0F8B994F8D134FE2BBFD103212E2002
:107BBC000AF00AF90C490D4A0D4B48681268A3FBF0
:107BCC000232920C02EB82024B681B1A9A42FBD8CF
:107BDC00ACE70123D4F8901430461A4604F0B4FDF7
:107BEC00002891D00120A2E7001000E05C1A0020D0
:107BFC0083DE1B4300800042F0B50D46044685B081
:107C0C00364806F0B3FFFE2D84F8D15426D0362D1D
:107C1C0002D9002005B0F0BD0026314B04F5946765
:107C2C008DF80450C4F8C4348DF80560384684F8D7
:107C3C00C05484F8C164C4F8C864CDE9023604ABFE
:107C4C0013E90E0005F0B8FC94F8B134C4F8907444
:107C5C00B3B3304684F8D00405B0F0BD04F29445BB
:107C6C000023FF221946284684F8CC3484F8C0241B
:107C7C0006F0EAFA2846C4F8905405F047FD38B9E6
:107C8C000123D4F89014201D1A4604F05DFDF0B9C0
:107C9C002E200023032184F8D03484F8D2040AF077
:107CAC0093F81049104A114B48681268A3FB023232
:107CBC00920C02EB82024B681B1A9A42FBD8A8E783
:107CCC0001233946201D1A4604F03EFDC2E701226D
:107CDC002E2384F8D02484F8D2349BE75937000043
:107CEC0040787D01001000E05C1A002083DE1B430D
:107CFC0018484FF0290C184A0023184910B4C0F842
:107D0C009424072280F8B1C44FF0FF0CC0F8A814DB
:107D1C004FF47F41124CC0F8AC24124AA0F8D01496
:107D2C00A0F89C3480F8B53480F8CC3480F8D2C4F8
:107D3C000460C0F8A0240C490C4A5DF8044BC0F850
:107D4C008434C0F88834C0F8903480F8BC340BF01C
:107D5C0091BD00BFF02C0020A410002000093D00B4
:107D6C0044100020DC0E002055370000901E00202F
:107D7C0070B500F1240384B08C46044601AD164660
:107D8C0093E8070085E807004FEA4C122946206A61
:107D9C0001F0C4FE012806D132462946206A01F0C2
:107DAC00A1FE04B070BD002004B070BD10B5044637
:107DBC0000F0BAFD002384F8313084F8333010BD64
:107DCC0038B514460D46002200F12401006A01F07A
:107DDC0089FE034620B1428901202A801B89238019
:107DEC0038BD00BF38B514460D46002200F1240101
:107DFC00006A01F077FE034620B1C28901202A8077
:107E0C009B89238038BD00BF38B50D4690F83110E2
:107E1C0009B1002038BD382204460CF0B5FD012311
:107E2C0040222562184684F8333084F8312038BD5E
:107E3C00F0B40D460978202903D115F8014F202CF8
:107E4C00FBD0156095602C782F2C11D084B16E1C52
:107E5C003C2C1D4F35462AD8212C12D804F1FF3C5E
:107E6C00BCF11E0F16D80020F0BC704715F8014F5E
:107E7C00202CFBD02F2CF9D01D601146F0BC01F04A
:107E8C001FBDA4F1220C5FFA8CFC27FA0CFC1CF031
:107E9C00010FE8D12E2C01D0202C0DD116F8014B5E
:107EAC00002CE5D02F2CE3D03C2C3546D4D95C2CBF
:107EBC00D9D003D97C2CD6D09660EFE73E3C012C70
:107ECC00FAD80020F0BC7047012100052DE9F04FD5
:107EDC0090F8333083B00546DC0774D558060F464E
:107EEC00904640F1B080D5E90023D5E9041018EB99
:107EFC00020443F10003A14270EB0303C0F0A9801C
:107F0C00B8F1000F5BD0464605F11809D5E90032EF
:107F1C00D5F820A0DAF838441C40C4F3080B002C28
:107F2C0070D1134370D195F831305A064CBFDAF842
:107F3C003424EA69AA619AF84504023ADAF82C1456
:107F4C00630A824001EB54211144BBF1000F45D16F
:107F5C00B6F5007F42D3DAF81C2291423ED0B6F53A
:107F6C00806F58D34FF0010B0BFA00FBABEB030BFC
:107F7C00730A9B4528BF9B4691424FEA4B240AD873
:107F8C0001EB0B039A4206D20AF50470019106F03C
:107F9C008FFD0199B8B1DAF814025B460268D2F889
:107FAC0014A03A46D04770B123462744D5E90012B5
:107FBC005B1842F10002361BC5E90032A8D14046DD
:107FCC0003B0BDE8F08F95F832304FF0FF3043F03E
:107FDC00020385F8323003B0BDE8F08FCBF50074A6
:107FEC0000220AF50470B44228BF344606F08CFD1A
:107FFC000028E8D000EB0B012246384609F024FF9C
:10800C002346D2E7AA6996E795F833305B060ED57E
:10801C00AA6901328EE7DAF814023A4603681B6942
:10802C0098470028CFD04FF400731C46BDE74A4652
:10803C005046A96901F0B4FD0028C4DB0CD0D5F87A
:10804C0020A0AA6977E795F8313019077FF558AF6A
:10805C0049E7A1EB020853E795F8313013F0500FC4
:10806C00B1D0A8EB06084046AAE700BFF0B583B034
:10807C000122044685690DF10701D0E90067FFF77D
:10808C0025FF0128A5610CBF9DF807004FF0FF30BC
:10809C00C4E9006703B0F0BD2DE9F04F1F4690F81E
:1080AC00313083B00446D0F81880002B51D01646DE
:1080BC00D0E9001CBC4508BF91425CD056EA0702CF
:1080CC004DD01D0704D5D0E90402B042BA4140D3CB
:1080DC0094F83320751ED4F820A0019247F1FF309C
:1080EC009AF845240932D2B2C2F1200ED540A2F141
:1080FC00200900FA0EFB20FA09F045EA0B050543AE
:10810C000198400633D4481E20FA02F24CF1FF309D
:10811C0051EA0C0C00FA0EFE20FA09F042EA0E02AB
:10812C0042EA000201D0954229D25B064CBFDAF834
:10813C003434E369A36104F1180906E0A169013D37
:10814C00206A01F02DFD002803DD4A46002DF5D1F3
:10815C0007E00020C4F8188003B0BDE8F08F0023BE
:10816C0083610120C4E9006703B0BDE8F08FE369C7
:10817C002B44A361F5E7012003B0BDE8F08FAD1AE5
:10818C00D9E700BF2DE9F04F174690F831208FB09A
:10819C000546002A40F0D7808B4691F8311011F03B
:1081AC00500F00F0D08003F003019A46032900F031
:1081BC00CA80013103F0080041EA00030293002F4A
:1081CC0000F0CB80396901F10E08B649A1FB081803
:1081DC00DBE900104FEAD808014308F102085FFA06
:1081EC0088F805D000200021CBF81820CBE900013D
:1081FC000024029B264643F040030393202206A949
:10820C005846FFF763FE00B3202840F09C809DF990
:10821C0018209DF81830002AC0F2A28034B9DBF87F
:10822C000020A2F12009DBF818200192444501D26C
:10823C000134E4B2002B00F01381202206A9584629
:10824C000026FFF743FE0028DED11AF4007F7AD017
:10825C00029B9B0777D5002F75D0444517D2DDF8CC
:10826C0004A0202206A95846FFF730FE631C002804
:10827C0061D0202867D12CB9DBF80020DBF818A0DE
:10828C00A2F12009DCB2A045EBD8CDF804A038222D
:10829C00002128469BF833400CF076FBDBF82030AD
:1082AC00C4F38014019A2B620823002685F82C4015
:1082BC0085F831303B68C5E909297B60BE81B8F18E
:1082CC00000F33D008F1FF39B346DFF8DCA15FFAB9
:1082DC0089F9012259462846FFF74AFD044690B316
:1082EC0090F90020002A2EDB202200210CF04CFB00
:1082FC00002E00F0BC80BBF1010F00F0D780C12331
:10830C00A3461E3404F81E3CBB8938461BB9D7E97A
:10831C0001239A4205D006F035FC2BF8020FA34539
:10832C00F2D101365FFA86FBD845D2D8284600F048
:10833C00FBFA06460DE05846DBF8186000F024FB0B
:10834C00002840F0918000231E4685F8313085F8D6
:10835C00333030460FB0BDE8F08F4FF0030847E7DD
:10836C0056BB444538BF0024852B7FF447AF3146BC
:10837C003822284601260CF007FB9DF81C209DF89E
:10838C00193085F8303002F03703D20658BF43F06D
:10839C00080385F83130DBF80030DBF82020203B77
:1083AC002A62DBF81820C5E909239BF83330C3F3A4
:1083BC00801385F82C3021E7C02B28D0C12B7FF4FB
:1083CC003CAF3A4606A9284601F0EEF9E8B1BB8964
:1083DC00DBB9D7E901329A4217D11AF4006FB2D146
:1083EC001AF4884F70D195F8333098076CD41AF47E
:1083FC00806FA8D11AF4804FABD02846D5E904235E
:10840C00FFF74AFE0028A4D19DE70646F6E6029B3C
:10841C0085F833309DF819309B0702D5039B85F8FE
:10842C0033300B9BEB61DDE90823C5E90423DDE95F
:10843C000C23C5E90223002FCFD04FF000033A697B
:10844C00BB813B687B609DF81B309A427FF4F5AE94
:10845C00BE8ABDF81C30F61AB6FA86F67609CDE659
:10846C00002F7FF4F2AE6EE7CBF818600BE7852394
:10847C00237085F8309084F80190DAF80030002BE6
:10848C0046D00DF113020DF1160105A89847BDF861
:10849C0014306381BDF8163023819DF81330237599
:1084AC003FE700BF89888888FC310020C02384F80E
:1084BC0001B02370029B63F07F0385F833303B6976
:1084CC00E370BB8AA3802CE795F83130D9063FF5D1
:1084DC003AAF13F001017FF436AF1AF4806F89D0F4
:1084EC0095F8332092077FF52EAF002B3FF42BAF7E
:1084FC00D5E90032134304D000220023A961C5E959
:10850C000023284600F042FC00283FF41CAF20E773
:10851C0045F621436381E381638202E72DE9F04351
:10852C00002597B0994690F8313001921495ADF82A
:10853C001450002B3ED191F831300F4613F0500FF0
:10854C0038D01378044616462F2B37D04FF000083E
:10855C0001AB02AA31462046FFF76AFC50B3019EDC
:10856C003378002B3ED0002302AA39462046FFF771
:10857C0009FEF8B1A44608AD04F13007DCF80000A0
:10858C000CF1100C5CF80C1CAE465CF8082C103589
:10859C005CF8043CBC45AEE80F00EFD1DCF8000001
:1085AC0008AF2860204600F0BFF984F8318084F8C9
:1085BC003380CDE7002017B0BDE8F08316F8011F1B
:1085CC002F29FBD00196B1B9382220463D6A0CF018
:1085DC00DBF9012340222562184684F8333084F8F5
:1085EC003120E8E74B4602AA39462046FFF7CAFD80
:1085FC0017B0BDE8F0833822002108A83D6A0CF0C2
:10860C00C3F9012308AF10958DF8533040238DF832
:10861C0051309BE719B101F58961FFF77FBF08461F
:10862C00704700BF90F8313063B991F8313013F0D6
:10863C00500F07D00B6813F01F0C03D11346624682
:10864C00FFF7A0BD002070478169F8B50446006AA9
:10865C0001B10131012201F069F90128054632D935
:10866C0001230146206A1A4601F0C0F9064650B3B0
:10867C00A3695BB394F83320510612D5591CA94257
:10868C0018D022F04002E16984F8332005E0206A1A
:10869C0001F0A8FA3946B0B1A3694F1C99423A4689
:1086AC00F5D34FF0FF322946206A01F09BFA50B106
:1086BC00A16911B93046A561F8BD2A46206A01F0BE
:1086CC0091FA0028F6D100263046F8BD94F83330E4
:1086DC0043F0400384F83330ECE700BF90F83330BC
:1086EC009A0736D5C16970B50546A1B90024214653
:1086FC0007E0037803F07F03037095F830308B426A
:10870C0029D3013401222846FFF732FBE1B20028BD
:10871C00EFD1002070BD5B06006A34D590F845346B
:10872C00D5E902240933013ADBB244F1FF34C3F139
:10873C00200CDA40203B04FA0CFC24FA03F342EA46
:10874C000C021A430023013201F050F90028CDD15C
:10875C00DFE70020704700232C6A85F83130204673
:10876C0085F8333006F0A4F90028D2D004F5047053
:10877C0006F09EF90028CCD0D4F840040368BDE87C
:10878C0070401B6A184701F04DFA0028AED1C0E7C3
:10879C0090F83130DB0601D40020704710B5002270
:1087AC0088B000230446FFF777FC08E020281BD193
:1087BC009DF900309DF80020002B15DB32B12022F2
:1087CC0069462046FFF782FB0028EFD194F833303E
:1087DC000822204643F0020384F8312084F8333019
:1087EC00FFF77CFF08B010BD002008B010BD00BF23
:1087FC002DE9F0414FF0000882B04A4F064644463E
:10880C00414600223046FFF7B3FA054630B10178F5
:10881C00C02969D0C1292BD0852909D096F83230CE
:10882C00002043F0010386F8323002B0BDE8F0813D
:10883C0096F8313003F0370383803B6883B10DF138
:10884C0003020DF1060101A89847BDF80630AB8173
:10885C002B82BDF80430EB816B829DF803306B7575
:10886C00326A92F8103243F0010382F81032297800
:10887C00A1F185000022B0FA80F0400901E0042249
:10888C00A95CE303012A02F1010243EA540311FA41
:10889C0083F39CB201D10028F1D11F2AF0D908F141
:1088AC00010896F830305FFA88F18B42A9D2012288
:1088BC0006F12401306A01F015F90028AED0356AB2
:1088CC004480284606F0F4F80028A7D005F504707B
:1088DC0006F0EEF80028A1D0D5F8400403681B6A16
:1088EC0098470028A1D199E796F8333013F0400F40
:1088FC00437814BF43F0020303F0FD034370D6E941
:10890C000401D6E90732C5E90201D6E902016B611F
:10891C00C5E9060192F8103243F0010382F81032D7
:10892C002978A5E7FC31002038B590F8313043B3F5
:10893C0090F93320044690F83330002A0CDB056A9A
:10894C00284606F0B5F878B994F83230002043F098
:10895C00010384F8323038BD03F07F0380F83330E4
:10896C00BDE83840FFF744BF05F5047006F0A0F8E9
:10897C000028E9D0D5F8400403681B6A9847002802
:10898C00E2D0012038BD00BF70B590F831300546FB
:10899C005A064CD480682B6AD3F83C341844B0F196
:1089AC00806F01D3002070BD2846FFF74DFE0028D4
:1089BC00F8D0286A0024AE6990F84534023E9E40F7
:1089CC00D0F82C341E443119052200F50470013402
:1089DC0006F09AF84FF4007200210028E2D00BF058
:1089EC00D3FF286A012390F8452493409C42EAD394
:1089FC0095F831305B0615D495F8332062F07F0280
:108A0C00D5E9023185F83320D0F83C249B1841F18C
:108A1C000000AB60D5E90431E8609B1841F100011E
:108A2C00C5E904312846BDE87040FFF77DBF006AF8
:108A3C0001F0FEF9AFE700BF70B5044690F83100C5
:108A4C009CB0002310F0180F0C931A9303D0206ADB
:108A5C000B6A984202D000201CB070BD40F6012376
:108A6C006846FFF75BFD0028F5D0A44604F13006FC
:108A7C000EADDCF800000CF1100C5CF80C1CAE46D2
:108A8C005CF8082C10355CF8043CB445AEE80F00DB
:108A9C00EFD1DCF8000009AA04F1240328609DF84A
:108AAC00305007CA83E8070094F83330204684F826
:108ABC00305063F07F0384F83330FFF735FF002824
:108ACC00C9D00021022208230EA815918DF86B2025
:108ADC008DF86930FFF702FEBEE700BF38B591F89C
:108AEC00313013F0500F02D10025284638BD40F626
:108AFC0002230446FFF746FB0028F5D0102320463E
:108B0C0084F83130FFF740FF05460028ECD0A1690E
:108B1C00002200232046E161FFF7BEFAC12294F83F
:108B2C00313084F83320002BDFD04123204684F8E9
:108B3C003330BDE83840FFF75BBE00BFF0B5002511
:108B4C0097B01F4690F831300192ADF8145014953F
:108B5C00002B46D191F831300E4613F0500F40D017
:108B6C001378044611462F2B3ED001AB02AA2046A7
:108B7C00FFF75EF9002834D0019B1B78002B41D005
:108B8C00002302AA31462046FFF7FCFA30B947B35E
:108B9C0002AA31462046FFF7A1FF10B3A44608AD48
:108BAC0004F13006DCF800000CF1100C5CF80C1C25
:108BBC00AE465CF8082C10355CF8043CB445AEE8C5
:108BCC000F00EFD1DCF8000008AE28602046FFF75C
:108BDC00EDF8019901AB02AA2046FFF729F900280C
:108BEC00CAD1002017B0F0BD013101910B782F2BA9
:108BFC00FAD0316A08A8FFF707F90028F1D00199DB
:108C0C0008AEB2E702AA31462046FFF767FF17B05D
:108C1C00F0BD00BF2DE9F04F0E4690F8311083B037
:108C2C0009079DF830B09DF834909DF838809DF878
:108C3C003C7040F18580A2F2BC7294B27F2C7FD83C
:108C4C005A1E0B2A7CD80BF1FF321E2A78D8B8F1A9
:108C5C003B0F98BFB9F1170F8CBF4FF0010A4FF0C3
:108C6C00000A3B2F88BF4AF0010ABAF1000F67D106
:108C7C0005460193FFF758FE002861D0019B514631
:108C8C004BEA431B7B0817F001074BEA4424D346FD
:108C9C0043EA481818BF6427A4B248EAC92806F06A
:108CAC0001091FFA88F800222846FFF761F800280E
:108CBC0046D090F800C0BCF1850F45D00CF14003B4
:108CCC00DBB2012B3CD8ACF185010023B1FA81F168
:108CDC00490902E0042310F803C04FEACB32012B00
:108CEC0003F1010342EA5B021CFA82F21FFA82FBD7
:108CFC0001D10029EED11F2BEDD90AF1010A95F80B
:108D0C0030305FFA8AF18B42CDD2012205F1240179
:108D1C00286A00F0E7FE98B12C6AA0F802B0204651
:108D2C0005F0C6FE60B104F5047005F0C1FE38B163
:108D3C00D4F8400403681B6A03B0BDE8F04F184731
:108D4C00002003B0BDE8F08F95F831302A6A03F0AB
:108D5C003703838092F8103243F0010382F810320B
:108D6C00B9F1000F02D0A0F810804482B20703D5ED
:108D7C000775A0F808804481730703D54775A0F8E0
:108D8C000C80C48190F800C09DE700BF90F8333090
:108D9C009A0762D570B5C56982B00446A5B313F0C5
:108DAC00400634D0006AA26890F845C4013AE168E4
:108DBC000CF1090C41F1FF315FFA8CFCCCF1200E67
:108DCC0022FA0CF2ACF1200C01FA0EFE21FA0CFC8A
:108DDC00A16942EA0E0242EA0C02013219B3013DCA
:108DEC006D1A01312A44019172BB63F07F03204656
:108DFC0094ED007B84F8333084ED027B84ED047BAE
:108E0C00FFF792FD02B070BD012002B070BD816908
:108E1C0061B90195C1612946206A00F003FFC8B110
:108E2C0094F83330E1E70195E161DDE701AA006ACE
:108E3C00019600F0B5FE00280CDB10D1019D002D31
:108E4C00E9D194F83330D0E70023019900F0CEFD3E
:108E5C000028E5D1002002B070BD002070474FF013
:108E6C00FF32A169206A00F0BDFE0028E6D1F1E7CF
:108E7C002DE9F04390F8333083B004469D0740F160
:108E8C00A18091461A070E4600F19580B9F1000FAA
:108E9C0000F0288123684D46206AA169D0F8382457
:108EAC0002EA0308C8F30807B8F1000F40F09480F9
:108EBC00002900F0D48094F833305B0640F1EC804C
:108ECC0090F845C4D4E902320CF1090C013B5FFA6D
:108EDC008CFC42F1FF32CCF1200E23FA0CF3ACF1F6
:108EEC00200C02FA0EFE22FA0CFCE26943EA0E0395
:108EFC0043EA0C031344994280F0D5800131A161FF
:108F0C0090F845240239D0F82C3491401944B5F529
:108F1C00007FC0F08A80B5F5806FC0F0A680012379
:108F2C0093406A0AA3EB0803934228BF1346D0F878
:108F3C001C228A424FEA432809D35F18BA4206D250
:108F4C00002280F810224FF0FF32C0F81C22D0F81B
:108F5C00140232460768BF6AB84798B34346464482
:108F6C00A5EB0805D4E90072D4E90401DB1942F140
:108F7C00000298429141C4E9003207D294F83310B0
:108F8C0061F07F01C4E9043284F83310002D83D1E1
:108F9C00D4E9020198429141C0F09680534B1B6872
:108FAC00002B00F09D8094F83330484663F07F032B
:108FBC0084F833300DE0D0E90423FFF76DF8002876
:108FCC007FF464AF94F83230002043F0010384F84E
:108FDC00323003B0BDE8F08390F8452402394FEAF3
:108FEC005828D0F82C34914041441944002F8ED08D
:108FFC00C7F50078012200F50470A84528BFA846E3
:10900C0005F082FD0028DDD0384447444246314605
:10901C0008F01AFFB7F5007F206A9FD100F50470A5
:10902C0005F046FD002899D1CCE76268636900928F
:10903C000193226923689342DDE900239A4112D2FD
:10904C00012200F5047005F05FFD0028BAD02A4615
:10905C0031463844A84608F0F7FE2B467FE7E16915
:10906C0049B3A1614CE70522EBE7D0F81C328B42E7
:10907C0006D1002380F810324FF0FF33C0F81C32B9
:10908C00D0F81402324603685B6A9847002899D0DE
:10909C004FF40073984662E704F1180200F080FD6B
:1090AC0000288FDB04D12046FFF7CEFA002889D0A8
:1090BC00A169206A24E72046FFF7C6FA002881D070
:1090CC00A169206AE1611BE794F833104846C4E9B2
:1090DC00023261F07F0384F8333003B0BDE8F083D3
:1090EC00484676E7D4E9003252E700BFFC31002055
:1090FC0069B170B5054608460C460BF031FE2B687D
:10910C000246214628465B68BDE870401847704708
:10911C008368C3F3080383B1002110B40269D154EE
:10912C000133B3F5007FF9D10168D0E903321C6833
:10913C001846636A5DF8044B18470120704700BF5E
:10914C0082680346006940F2FF1CC2F30802815496
:10915C006245586801EB7001986800F10100C3E9A1
:10916C00011001D001207047D868196810B4046848
:10917C004A1C646A1A601A6923465DF8044B184746
:10918C0038B58368CAB20D460169C3F3080340F2CF
:10919C00FF1C0446CA546345416802EB71024260ED
:1091AC00826802F10102826005D0290A2046BDE8DE
:1091BC003840FFF7C5BF0168C0684A1C03685B6A8A
:1091CC002260226998470028EFD138BDF8B50023FA
:1091DC00064601601D46C0E90133A8B205F0E6FD64
:1091EC00A842044607D0C1B23046FFF7A9FF0028B9
:1091FC003BD10020F8BD6C1CB4F5803F04D12AE0B3
:10920C000134B4F5803F04D0A0B205F0CFFDA042EC
:10921C00F6D0671BB7F5007F1DD34FF6FF713046B4
:10922C00FFF7AEFF0028E4D0B9B23046FFF7A8FF35
:10923C000028DED02546B5F5803FCED13046BDE8BE
:10924C00F840FFF765BFC5F3072130460135FFF73E
:10925C0077FF0028CDD0A542E9B23046EBD2FFF71C
:10926C006FFF0028EFD10020F8BDC4F30721304672
:10927C00FFF766FF0028BCD00135DCE72DE9F04F85
:10928C001F4689B00B680D4604901446C1600261FC
:10929C000846DB699847B0F5801F0090C0F0D88075
:1092AC0000230122009E01335200DBB201D0964212
:1092BC00F9D81C2B009640F2B780A3F10B080122C1
:1092CC0048FA02F1C8F347088A4002910792013329
:1092DC0001225B109A40069204229A4003920222C9
:1092EC0002FA03F30193009A0021039B2046029E8D
:1092FC004FF0010AD31A4FF400724AF6552BF34083
:10930C0003FA06F90593019E0BF03EFBFF2384F84C
:10931C00BFA184F8C0A1B14484F8C431224684F8BA
:10932C00C53107230021284684F8C231FE23C4F836
:10933C00C66184F8C3312B68C4F8CA915B6AA4F87F
:10934C00FEB19847002863D04FF4007200212046EC
:10935C000BF01AFB009B84F86D804FF000086366DD
:10936C00F421059B04F17800069AE365202326641A
:10937C0023726372A372EB23A66546462370762391
:10938C00C4F848906370902384F86EA0A3704523B2
:10939C00E37058232371462363714123A371542333
:1093AC00E371042323664FF48073A4F86830092317
:1093BC0084F86C308023C4E9142284F86F304FF4A5
:1093CC00C3720BF0E1FAA4F8FEB1A8F16A03012B09
:1093DC0006D9B8F1700F03D014F8083003EB7606F9
:1093EC0008F10108B8F5007FEFD12B682246DDF8B3
:1093FC00049028465B6A4946984748B12B68494611
:10940C00224628465B6A0C31CDF80490984740BB45
:10941C002FB13B680F22B84938465B689847002645
:10942C00304609B0BDE8F08F1A2B4FF0080800F257
:10943C00A6814FF48043CDF8088001934FF400438C
:10944C0003934FF4807307934FF4005306934AE74A
:10945C00002FE4D03B681522A84938465B68984732
:10946C00D7E742460021204609F1010A0BF08CFA9D
:10947C004AF6552309F1090204F2FF19A4F8FE314A
:10948C0000239346A04601E018F8013FC14503EBC9
:10949C007606F9D12B682246514628465B6A9847D6
:1094AC000028B5D02B6822460AF10C0128465B6ACD
:1094BC0098470028ACD00AF101039B4502D09A468C
:1094CC002378DFE74FF40072002120469B460BF017
:1094DC005BFA00220AF1030A1146234601E013F855
:1094EC00011F984501EB7606F9D12B6822465946A7
:1094FC0028465B6A984700288AD02B6822460BF1D5
:10950C000C0128465B6A9847002881D00BF10101B9
:10951C008A456AD1231F04F5FE7243F8046F9A4200
:10952C00FBD12B68224628465B6A984700283FF4FB
:10953C006FAF2B680BF10D01224628465B6A9847EA
:10954C0000283FF465AF2FB13B680C226C493846BC
:10955C005B689847069A0021019B2046002613441D
:10956C004FF400729946059B4FEA83080BF00CFAF6
:10957C0023464FF0FF3208F20728F821B7F1000B11
:10958C004FEA582A03F8011B4FEA9838C4F8012017
:10959C0018BF4FF0010BDA605A609A60C3F80F20C5
:1095AC0002E00136B24523D0B6FBF8F308FB136397
:1095BC0043B9BBF1000F05D03B6801225149384635
:1095CC005B6898472B6809EB0601224628465B6AC4
:1095DC00984700283FF41CAF002EE2D131464FF4DF
:1095EC00007220460BF0D0F9DBE78B46217874E74C
:1095FC00002F34D03B680222434938465B689847B9
:10960C00059E079A0736F60806F2FF13B2EB532FA6
:10961C004FEA5329FFF4FDAE4FF4007200212046AF
:10962C000BF0B2F907232370B9F1000F00F08A8018
:10963C004FF0000808E0B8F1000F01D184F8008069
:10964C0008F10108C1457BD9039A28462B6802EB27
:10965C00080122465B6A98470028ECD1D8E6059EA3
:10966C00079A0736F60806F2FF13B2EB532F4FEAB0
:10967C005329FFF4D4AE4FF40072394620460BF058
:10968C0083F907232370B9F1000FD1D1039B079AFB
:10969C0004989918FFF79AFD00283FF4C0AE029A7F
:1096AC004FF400739340049A92689A423FF6B7AE17
:1096BC004FF00208029B4FF40072002108FA03F9E4
:1096CC00039B204699440BF05FF9812203230499F4
:1096DC0009F1FF3984F820208222237084F840207D
:1096EC00C4E90D864A684FF00108636562648B68B3
:1096FC00A3650023E3650EE0140D0020B00C0020E0
:10970C00C80C0020D80C0020F00C0020079B9845BA
:10971C003BD208F101082B6809EB080122462846C8
:10972C005B6A9847064600283FF472AEB8F1010F09
:10973C00ECD14FF40072002120460BF025F9E8E73C
:10974C00002FA3D03B681622144938465B68984713
:10975C00039B079A04989918FFF738FD00283FF4EB
:10976C0058AE029A4FF400739340049A92689A424E
:10977C003FF64FAE0A493846FFF7BAFC98E74FF46C
:10978C008072CDF808800792A1E5002F3FF448AE17
:10979C0004493846FFF7ACFC42E600BFDC0C002065
:1097AC00F40C0020040D00202DE9F0410C46154668
:1097BC0001F11E08AB89284634F8027F1BB9D5E9A4
:1097CC0001239A420ED005F0DDF905F0EFFA0646BA
:1097DC00384605F0EBFA864209D14445EAD101201E
:1097EC00BDE8F081B7FA87F04009BDE8F0810020B0
:1097FC00BDE8F0812DE9F04F90F8313083B0884608
:10980C00002B4FD090F830300746012B53D9013A3A
:10981C000B464FF0020A00248E18DFF8A0B000228D
:10982C00514638460193FEF7A3FA00283AD0027845
:10983C00C12A37D1054600F11E09019B35F8020FEC
:10984C0024B300F5105292B2B2F5806F2AD20BEA13
:10985C008424C0F30900204300F5803019463246B9
:10986C0005F006FA0346E8B100244D45E6D10AF1AD
:10987C00010A97F830205FFA8AFA5245CFD2A3EB4F
:10988C0008009846002388F800300FE000F52052BD
:10989C0092B2B2F5006F02D30028DFD1EFE7B2F538
:1098AC00806F06D30023184688F8003003B0BDE85B
:1098BC00F08F0446D9E70020E4E700BF00FC0F005E
:1098CC0070B50C4600234FF6FF75226819461E46EC
:1098DC00A3812361626017E005F054F9A84222D0FD
:1098EC0005F064FA2369F203A189013342EA5602B6
:1098FC00060A236152FA80F083B2C0F34E0040EAAC
:10990C00C33016FA80F086B220460029E4D1D4E99F
:10991C0001239A42E0D12069A6820138FE288CBF2F
:10992C000020012070BD002070BD00BF2DE9F84F54
:10993C0007468A469146002942D0A1F10208D7F881
:10994C003034434542D908F007030125C8F3C80B4E
:10995C009D40EDB246464446D7F82C1400223846BA
:10996C0001EB143105F0D0F8E8B10BF1FF3B834467
:10997C0000F2FF101BF8011F0AE04A452BD0A0454E
:10998C0010D0D7F83054A54214D913F0FF050CD0E1
:10999C00013429424FEA4503A4EB0602EDD0A04561
:1099AC002646EED10120BDE8F88F58454FF0010551
:1099BC00E0D101E00026344601254FF0000BCBE747
:1099CC00D0F82084D7F830344345BCD84FF0000889
:1099DC000125C346BEE7BAF1000F04D1B9F1010F5E
:1099EC0008BFC7F82064B01CBDE8F88F2DE9F84318
:1099FC008046881E15461E468318D8F8302493429C
:109A0C0037D8CEBBD8F82034834288BFC8F820049E
:109A1C0000F007030124D8F82C74C0F3C8099C404B
:109A2C0007EB1031E4B2012240468F1805F06CF8B8
:109A3C00F8B109F1FF3E864400F2FF101EF801CF89
:109A4C001CEA040F8CEA040C4FEA440414BF0122F4
:109A5C000022B2420DD0013D8EF800C018D014F097
:109A6C00FF04EDD17045A1464FF00104E6D1394613
:109A7C00D9E70020BDE8F883D8F820148B42C7D969
:109A8C008142C5D3934228BF0023C8F82034BFE7D6
:109A9C000120BDE8F88300BFF8B5D0F830340133AD
:109AAC008B4201D20020F8BD07460C4600F5047627
:109ABC00002505E0D7F8303401350133A342F1D34A
:109ACC00D7F824140022304601EBD41105F01CF811
:109ADC00A4000028E6D0C4F308040459631CE9D19F
:109AEC00681CF8BD38B50C460B6890F845C400F5F9
:109AFC000470D0F82812023B656803FA0CF3294075
:109B0C0003EB5123D0F81C12194404F0FDFF18B1DB
:109B1C006368C3F30803184438BD00BF2DE9F8434C
:109B2C000C46D0F8383449680B401144616013443A
:109B3C0090F8451401F10902D2B2D3402BB3804600
:109B4C005D1E00F5047905E02368013D03F1010376
:109B5C0023601AD3267A002EF6D1D8F83034324648
:109B6C002768484601339F4212D8D8F8241401EBD9
:109B7C00D71104F0C9FFBF0050B1C7F30807C35990
:109B8C005A1C09D0013D2360E4D20120BDE8F883C2
:109B9C004FF0FF30BDE8F8833046BDE8F88300BFD6
:109BAC0038B5D0F8303401338B4202D24FF0FF304D
:109BBC0038BD0C46D0F82414154600F5047000226C
:109BCC0001EBD41104F0A0FF0028EFD0A400C4F3E3
:109BDC00080403595A1C02D001202B6038BD002008
:109BEC0038BD00BF01291BD938B5D0F830340C462C
:109BFC0001338B4201D2002038BDD0F82414154615
:109C0C0000F50470012201EBD41104F07DFF034632
:109C1C000028F0D0A4000120C4F308041D5138BD65
:109C2C0000207047D0F830340133994201D900201C
:109C3C0070472DE9F04F054683B00C4600F50479CA
:109C4C000F464FF00008D5F82414002248464FEA7E
:109C5C00D41B01EBD41104F057FF90B1A300C3F354
:109C6C000803C2580193531C16BF16464FF0000A46
:109C7C004FF0010A012C04D9D5F83024013294425A
:109C8C0003D9002003B0BDE8F08FD5F824140122CD
:109C9C004846594404F038FF0028F2D0019B40F8A4
:109CAC000380BAF1000F12D00134B44208D0002363
:109CBC00E21B39462846FFF799FE0028E1D03746CB
:109CCC00D5F830340133B342DBD33446BBE7621CE6
:109CDC00534639462846D21B03B0BDE8F04FFFF778
:109CEC0085BE00BF2DE9F84300250646D0F82C149C
:109CFC0000F504782C46002240464F1C04F004FF6B
:109D0C00A8B100F1FF3E04F58059D6F8300405E007
:109D1C0079B90834844209D24C4516D01EF8011F7B
:109D2C00FF29F5D1083408358442F5D3401BBDE832
:109D3C00F8830822012319424FEA430C18BF01355E
:109D4C00013A5FFA8CF3F6D1E3E73946D3E700BF6B
:109D5C00F8B500234FF0FF3600F504771546C0F830
:109D6C004014044641601A46C0F81412194680F893
:109D7C0044340370C66080F81032C0F81C62384658
:109D8C0004F0C2FE042D0DD8064658B1BDB16B1EB1
:109D9C0000EB031393F8BE2112F07F0202D193F86B
:109DAC00C2310BB90020F8BD00EB05163846D6F8C9
:109DBC00B651294604F0A8FE06460028F2D005222A
:109DCC001A49F01C0AF032FE0028EBD196F86C30E0
:109DDC00092BE7D1336D01462B44C4F82434736D41
:109DEC00C4F82834B36D2B440125C4F82C34F36D1E
:109DFC00C4F83034336EC4F8343496F86D20C4F89B
:109E0C002004204602F1090384F8452405FA03F3E3
:109E1C005A1EC4F83C34C4F838242A46FFF786FD91
:109E2C004023284684F84434F8BD00BF240D00209C
:109E3C0010B50446D0F83414FFF72EFE94F84534D0
:109E4C000933DBB2984010BD70B590F9023082B086
:109E5C000446002B0DDBA56805F1280004F028FE54
:109E6C0000283BD16378002043F00103637002B0FB
:109E7C0070BD80680122A169283004F045FE0028DD
:109E8C00F0D0A58805F00F056B0100EB4515C35C00
:109E9C00E52BE7D023781B0701D5E369EB61236A37
:109EAC0015491A0C6B830E68AA8266B10DF1030278
:109EBC000DF1060101A8B047BDF80430BDF806202D
:109ECC002B836B82EA82A378A56803F07F0305F1EC
:109EDC002800A37004F0ECFD0028C3D005F50E702B
:109EEC0004F0E6FD0028BDD0286803681B6A98477B
:109EFC000028B7D0BBE700BFFC310020024638B5C4
:109F0C0052F8105F04468068294602F021F950B1DE
:109F1C0055B123690135AB42A37818BF03F0BF03D9
:109F2C0063F07F03A37038BDA37843F04003F7E7D9
:109F3C00F8B5047814F0200404D11A4B0546426994
:109F4C009A4202D300273846F8BDFFF7D7FF0746E1
:109F5C000028F7D0A8682E698279023E41699640A4
:109F6C000E440179A9B1214606E00AF00DFDA8685E
:109F7C00E1B202798A420BD93144052228300134EE
:109F8C0004F0C2FD4FF4007200210028EDD1D9E796
:109F9C0082794FF4007369693846934011FA83F360
:109FAC006B61F8BD00FE1F0010B5044680680A46C0
:109FBC002830A16904F0A8FD20B1A38803F00F0399
:109FCC0000EB431010BD00BF10B5037804462BB155
:109FDC00FFF73AFF00232370A37010BD002301206C
:109FEC002370A37010BD00BF38B5037805460C462E
:109FFC0013B1FFF729FFF0B1A8680022A969283036
:10A00C0004F082FDB8B1AA8802F00F0200EB4213F3
:10A01C0052015D6880589968DA6820606560A160BB
:10A02C00E26018695D699969DA69206101206561EE
:10A03C00A161E26138BD002038BD00BF30B589B0E8
:10A04C000D4614466946FFF7CFFF28B1BDF8102026
:10A05C00BDF80E302A80238009B030BD30B589B0F0
:10A06C000D4614466946FFF7BFFF28B1BDF818200E
:10A07C00BDF816302A80238009B030BD0B7813F060
:10A08C00700F01D100207047F0B540F6022389B063
:10A09C000D46044601F0F0F838B101221023204699
:10A0AC00A2702370FFF744FF10B9002009B0F0BD77
:10A0BC002269237822626BB1636933B1A3780022E1
:10A0CC0023F02003C4E90422A3702046FFF7BCFE52
:10A0DC000028EAD0A0680122A169283004F014FD00
:10A0EC000028E2D0B4F804C010220CF00F0C4FEA98
:10A0FC004C1300EB4C1C8CF80B20C058A768236A3F
:10A10C0097F806E09E1EDCF80410DCF80820DCF85A
:10A11C000C3006FA0EF6EE46AEE80F00DCF8100036
:10A12C00DCF81410DCF81820DCF81C30AEE80F005A
:10A13C007B6907F128000122F1184FF02033CDF88C
:10A14C000130CDF80530ADF8093004F0DDFC844663
:10A15C000028AAD02E27EE468DF800707646BEE871
:10A16C000F00CCF80000CCF80410CCF80820CCF888
:10A17C000C308DF80170BEE80F00CCF81000CCF854
:10A18C001410CCF81820CCF81C302B6A1A0CADF833
:10A19C001A30ADF814200FCECCF82000CCF82410D7
:10A1AC00CCF82820CCF82C300FCECCF83000CCF8E2
:10A1BC003410CCF83820CCF83C30A46804F12800DA
:10A1CC0004F076FC00283FF470AF04F50E7004F038
:10A1DC006FFC00283FF469AF206803681B6A09B064
:10A1EC00BDE8F040184700BF2DE9F041002694B0BF
:10A1FC00984603780192ADF814600B96002B41D170
:10A20C000B780D4613F0700F3CD0137804461646AD
:10A21C002F2B3BD0002728E0019E3678002E50D003
:10A22C0001F02AF8034602AA294620462BB9B8F1B8
:10A23C00000F27D0FFF722FF20B3A6460DF12C0C00
:10A24C00BEE80F00ACE80F00BEE80F00ACE80F0052
:10A25C00DEF8005020462378CCF800500BB1FFF705
:10A26C00F3FD019E0BAD2770A770314601AB02AA1E
:10A27C00204601F04DF9064602AA29460023204645
:10A28C00002EC9D1002014B0BDE8F0810136019632
:10A29C0033782F2BFAD0AD68242200210BA80AF0BA
:10A2AC0073FB0D95EB79102B03D0202B0FD00C2BBF
:10A2BC00E8D120238DF82C3001230BAD8DF82E30F6
:10A2CC00A8E702AAFFF7DAFE14B0BDE8F08140233C
:10A2DC00F0E700BF2DE9F041002594B098460378D3
:10A2EC0001920295ADF83850002B37D10B780E4601
:10A2FC0013F0700F32D01378044615462F2B31D043
:10A30C0000271EE0019D2D78002D40D000F0B4FFF9
:10A31C00A6460DF1080C08B366462578BEE80F007A
:10A32C00ACE80F00BEE80F00ACE80F00DEF8003020
:10A33C002046CCF800300DB1FFF786FD019D27704B
:10A34C00A770294601AB0BAA204601F0E1F805469F
:10A35C000BAA314600232046002DD3D1002014B087
:10A36C00BDE8F0810135019529782F29FAD0A9B9DA
:10A37C00B568242220460AF007FBA560EB79102B68
:10A38C0003D0202B22D00C2BE8D120221FE04346F7
:10A39C000BAA00F071FF14B0BDE8F081B66824225E
:10A3AC00002102A80AF0F0FA0496F379102B03D0DE
:10A3BC00202B03D00C2BD1D1202300E040238DF88F
:10A3CC000830012302AE8DF80A3099E740220123B0
:10A3DC0022701846A370C2E719B101F58961FFF725
:10A3EC0079BF0846704700BFCB6870B50D46044670
:10A3FC0093B906780EB1184670BD8D68242231468B
:10A40C000AF0C2FAA560EB79102B18D0202B10D0D3
:10A41C000C2B14D0304670BD242200210AF0B4FA63
:10A42C0001201023A0702370D5E90223A2602362BF
:10A43C0070BD4022012322701846A37070BD2022EB
:10A44C00F8E700BF70B505780DB1002070BD0E4661
:10A45C000446242229460AF097FAA660F379102BB9
:10A46C000BD0202B03D00C2B07D0284670BD4022DC
:10A47C00012322701846A37070BD2022F8E700BF9C
:10A48C002DE9F04F2DED028B837883B00546DF0765
:10A49C0040F18C808846017892460E0700F191803D
:10A4AC008C0608D583685A894369C3EB42139BB267
:10A4BC009A4528BF9A46BAF1000F00F0AF806A693E
:10A4CC0005F11003880656464FF0000908EE103AC5
:10A4DC00AF68C2F3080B3DD5396A01EB5221BBF1D1
:10A4EC00000F51D1B6F5007F4ED37A6B91424BD011
:10A4FC00B6F5806FC0F082802878730A800605D488
:10A50C003879A0EB0900834228BF034691424FEAF9
:10A51C0043240CD8C818824209D207F12800CDE98F
:10A52C00001304F0C5FADDE9001300283ED0F86AE8
:10A53C00026857694246B847002837D06A69361B0B
:10A54C00A04422446A6169D02978C2F3080BAF6831
:10A55C008806C1D497F8059009EA5229BBF1000F7F
:10A56C0036D1B9F1000F33D1002A33D14A064CBF92
:10A57C003A6A2A6A2A61023AB8797969824049446E
:10A58C001144BBF1000FADD0CBF50074002207F1E4
:10A59C002800B44228BF344604F0B6FA30B100EBC0
:10A5AC000B012246404607F04FFCC7E76B784FF093
:10A5BC00FF3043F002036B7003B0BDEC028BBDE8BF
:10A5CC00F08FC36942699B1A9A4528BF9A4672E775
:10A5DC002A69D0E70B0705D5AA78540602D52A6953
:10A5EC000132C7E718EE102A3846296901F0FEFD42
:10A5FC000028DBDB0CD0AF682A69BCE7F86A42465E
:10A60C0003681B6998470028D0D04FF4007495E775
:10A61C002B7813F0700FC9D0AAEB060A504603B082
:10A62C00BDEC028BBDE8F08F70B582B00122044600
:10A63C000DF10701D0E90456FFF722FF01280CBFEA
:10A64C009DF807004FF0FF30C4E9045602B070BD0E
:10A65C00436913F4F07F30B5044683B0C3F343155C
:10A66C0009D0012907D120334361A068383000EBB1
:10A67C00451003B030BD01220DF107012046FFF754
:10A68C00FFFE40B2012803D163691F336361ECE71D
:10A69C000020EEE72DE9F04103789AB0002613F084
:10A6AC00180F0896119606D0174683688A680446D8
:10A6BC000D469A4203D000201AB0BDE8F081FFF796
:10A6CC00C3FBA6460DF1440CBEE80F00ACE80F002E
:10A6DC00BEE80F00ACE80F00DEF800303246A1698E
:10A6EC00CCF80030A36803F1280004F00DFA002820
:10A6FC00E1D0A288EC4694F8008002F00F0200EB47
:10A70C00421E5201DEF804108058DEF80C30DEF8E0
:10A71C000820ACE80F00DEF81410DEF81820DEF884
:10A72C001C30DEF81000ACE80F0018F008033A46B5
:10A73C00294640F09B8008A8FFF756FD0028BAD0A8
:10A74C00109EBDF8243000250E990122A3809DF89F
:10A75C002330A068E3700B9B2830A161E3608DF877
:10A76C0020508DF8225004F0CFF90028A3D0A388F4
:10A77C0003F00F0300EB4310DDF80D30C0F80D3083
:10A78C00DDF81130C0F81130DDF81530C0F8153097
:10A79C00DDF81930C0F81930BDF81D30A0F81D30A7
:10A7AC009DF81F30C3779DF80B30C372002E3BD041
:10A7BC00A068B31E2A46817928308B4050F8141CAF
:10A7CC00194404F0A1F9054600283FF474AF006A5F
:10A7DC006F46696AAA6AEB6A0FC7286B696BAA6B2A
:10A7EC00EB6B0FC73146A06801F022FD00283FF447
:10A7FC0062AFA068236A82792830023B50F8141C9F
:10A80C0093400122194404F07FF9064600283FF4D6
:10A81C0052AF6D460FCD30627162B262F3620FCDF2
:10A82C0030637163B263F36300210222082311A821
:10A83C0019918DF846208DF8443000F0D3FE002895
:10A84C003FF439AFA46804F1280004F031F9002872
:10A85C003FF431AF04F50E7004F02AF900283FF4F0
:10A86C002AAF206803681B6A984725E740F6012346
:10A87C006046FFF72FFD00287FF463AF1BE700BF96
:10A88C000378DA0601D400207047436930B50446DA
:10A89C0083B033B18378002223F02003C0E9042273
:10A8AC00837000230FE06361A3686A0138339A5CFC
:10A8BC0003EB4513EAB1E52A04D02E2A02D0DB7A49
:10A8CC001B0722D5636913F4F07FC3F3431503F11F
:10A8DC002003E8D101220DF107012046FFF7D0FD3E
:10A8EC0040B2012803D163691F336361DCE76378ED
:10A8FC005BB9A3780822204643F002032270A370B0
:10A90C0003B0BDE8304000F06DBE002003B030BD98
:10A91C002DE9F041037804460769002B39D00D4628
:10A92C004169A94242D0002D37D018072AD5E269D7
:10A93C00AA422ED3D4F808C06E1EA2789CF806004A
:10A94C0012F0400F00F10900C0B226FA00F630D127
:10A95C004A1EC24009B196422FD25B064CBFDCF8AE
:10A96C002030236A236104F1100806E02169013EBE
:10A97C00A06801F03BFC00280BDD4246002EF5D10F
:10A98C00A2780CE09A06D5D5A3685B89B5EB431F7A
:10A99C00F6D900202761BDE8F0818278056122F0AC
:10A9AC00200201206561A270BDE8F0810120BDE8A4
:10A9BC00F081236A33442361F1E7B61AD3E700BF71
:10A9CC002DE9F0410E4615460021242204469846F6
:10A9DC009DF8187009F0D8FFB068336A00F138029E
:10A9EC00A58005F00F0502EB4512C4E90203D17AEC
:10A9FC000B0711D401F017012170D37A13F0180F43
:10AA0C0002D141F00801217008F00303E770012B1B
:10AA1C0038D0022B06D0F3B1002318462370A37054
:10AA2C00BDE8F08103232178CD06F5D4CE07F3D40D
:10AA3C0008F0080118F4806F43EA0103A370416B1E
:10AA4C00958AA161518B41EA054112D019BB63F083
:10AA5C007F03A37010E018F4806FDDD108F00803B9
:10AA6C0043F00103A370416B938AA161518B41EABE
:10AA7C0003412162D369E36118F4804F04D10120B2
:10AA8C00BDE8F0810223CEE7E1692046FFF740FFE5
:10AA9C000028F4D1C0E701F0CBFB0028BCD0A37890
:10AAAC00D5E700BF0378002B45D12DE9F0470B7893
:10AABC0084B00C4613F0700F30D04B6913F01F05A7
:10AACC002CD106469046A94601220DF10F012046D5
:10AADC00C3F3431A5F09FFF7D3FC40B24FEA4A12A3
:10AAEC0001281BD16369A1681F3301F1380C636124
:10AAFC001CF802200CEB4A1C82B12E2A12D0A2F1B7
:10AB0C00E500B0FA80F0400960B99CF80B1011F028
:10AB1C00080E12D00F2907D00546D5E7002004B047
:10AB2C00BDE8F0870025CFE75106CDD502F01F0513
:10AB3C009CF80D90C8E70020704785B10CF10A0114
:10AB4C0001E01CF8012F4FEACE13614543EA5E0386
:10AB5C0052FA83F35FFA83FEF3D1CE45DED143463E
:10AB6C00BAB2214630460095FFF72AFFD7E700BF5F
:10AB7C0003780BB1FFF768B9012070472DE9F04756
:10AB8C000E46017882B009079DF828709DF82C902C
:10AB9C009DF830A09DF8348018D5A2F2BC7294B206
:10ABAC007F2C13D85A1E01930B2A0FD87A1E1E2AFB
:10ABBC000CD8BAF13B0F98BFB9F1170F06D8B8F102
:10ABCC003B0F03D80546FFF73FF918B9002002B038
:10ABDC00BDE8F087A8680122A969283003F094FF2A
:10ABEC000028F3D0019B4FEA5802A98847EA431387
:10ABFC00F70701F00F0142EA4A1243EA442300EB43
:10AC0C0041109BB242EAC92248BF4382B40792B2B8
:10AC1C0008D518F001080382C28118BF4FF06408F0
:10AC2C0080F80D80710701D50383C282AC6804F1F2
:10AC3C00280003F03DFF0028C8D004F50E7003F087
:10AC4C0037FF0028C2D0206803681B6A02B0BDE839
:10AC5C00F047184783789B0727D5036A10B504463D
:10AC6C0082B0ABB1016911BB019301621946A068B6
:10AC7C0001F0DEFAB0B1A378616963F07F0322784A
:10AC8C00E161A37022B12046FFF7DEF802B010BDDF
:10AC9C00012002B010BD6FF070422169A06801F074
:10ACAC00B7FA68B9002002B010BD0020704700232D
:10ACBC0001AA8068019301F099FA0028F2DBEAD12D
:10ACCC00019B002BD7D0D1E72DE9F04783780546BF
:10ACDC009C0777D588461907914600F1B5806B69BA
:10ACEC0013EB09026ED2B9F1000F40D04F464FF072
:10ACFC00000AA868C3F308062969447914EA5324A6
:10AD0C003FD1002E3DD100296ED0AA78520676D5BF
:10AD1C00EA699A4273D9013129610239827943690E
:10AD2C0091401944B7F5007F53D3B7F5806F70D3BA
:10AD3C0003797A0A1B1B934228BF1346426B8A4243
:10AD4C004FEA432407D35E18B24204D24FF0FF32CD
:10AD5C0080F828A04263C06A42460668B66AB047CB
:10AD6C0080B36B693F1BA04423446B61C1D1EA697A
:10AD7C009A4276D2AA784846EB6162F07F03AB70B8
:10AD8C0025E0827902394369914019442144002E0F
:10AD9C00C8D0C6F500740122BC4228BF3C462830FE
:10ADAC0003F0B2FE70B1304426442246414607F00F
:10ADBC004BF8B6F5007FA868D3D1283003F078FEA5
:10ADCC000028CED16B78002043F001036B70BDE8F6
:10ADDC00F087C6F500746A69EB69BC4228BF3C4633
:10ADEC009A4205D30522DAE7296A21B3296194E74F
:10ADFC00AB7813F0200F14BF05220122CFE705F129
:10AE0C00100201F0F3F90028DCDB24D0A8682969D2
:10AE1C0083E7436B8B4204D14FF0FF3380F828A0BB
:10AE2C004363C06A424603685B6A98470028C9D0EE
:10AE3C004FF4007495E72846FFF760F80028C1D05E
:10AE4C002969A868296268E7C169FFF761FD0028D4
:10AE5C007FF445AFB6E72846FFF750F80028D5D168
:10AE6C00B0E7054B1B682BB1AB78484663F07F030A
:10AE7C00AB70ACE74846AAE7FC3100202DE9F04F57
:10AE8C0084468DB01446156898460646894603AF2D
:10AE9C0001934FF0000EBCE80F000FC7BCE80F0089
:10AEAC000FC7DCF8003065603B604346A4F80CE04B
:10AEBC00002B3FD04FF0010AA9EB0A0103A889B27D
:10AECC004901FFF725FD50B3002103A8FFF7C0FB94
:10AEDC00074620B300250DE003F054FE804658468B
:10AEEC0003F064FF8346404603F060FF834516D1B0
:10AEFC000D2D18D0EAB239463046013500F0E4FE8B
:10AF0C00A38983462046002BE6D1D4E90132934233
:10AF1C00E2D1BBFA8BF040090DB0BDE8F08F0020F8
:10AF2C000DB0BDE8F08F0AF1010A019B5FFA8AFAB5
:10AF3C005345C1D20120EFE72DE9F04F07468DB004
:10AF4C0016469A460DF10C0C02F1150402F120057F
:10AF5C0001914FF000090FCFACE80F000FCFACE818
:10AF6C000F003B68CCF800304FEAC91314F8012FDE
:10AF7C0043EA5903A54252FA83F35FFA83F9F3D1FA
:10AF8C0033684FF000087360A6F80C80BAF1000F1C
:10AF9C004ED00127019B03A8D91B89B24901FFF7A9
:10AFAC00B7FC002855D0002103A8FFF751FB00285F
:10AFBC004FD0059A574500F1010B4FF0010492F860
:10AFCC0028304FF0000543F0010382F828304FF091
:10AFDC000F030CBF47F040023A46C3724FF0000318
:10AFEC00027003734FF0000380F80D90438306E06A
:10AFFC00ABF80000013401350BF1020BE4B2B0895F
:10B00C0018B9D6E901239A4216D0304603F0BAFD9E
:10B01C00042DEBB2ECD90A2B02D8ABF80300E9E70C
:10B02C000D2CABF80500E5D10137FFB2BA45B1D212
:10B03C0001200DB0BDE8F08FB8F1000F06D008F17B
:10B04C0001084FF6FF705FFA88F8E1E74FF001084E
:10B05C00DEE700200DB0BDE8F08F00BF02464FF0D8
:10B06C00203152F8163B2DE9F043C0F816108646F5
:10B07C0084685160C2F807101A782E2A14BF012078
:10B08C00002003D113F8012F2E2AFBD0611E994208
:10B09C000BD90A4602E09342114606D01146013AFA
:10B0AC0091F800C0BCF12E0FF5D19C424FF0000579
:10B0BC0040F2868007260827A946A84606E00133F9
:10B0CC000A264FF0080910279C425BD91A782E2AC1
:10B0DC0008BF9942F3D0222A0DD07C2A0BD0A2F1C2
:10B0EC005B0CBCF1020F06D9A2F12A0CBCF1050FC6
:10B0FC0021D82D2A1FD002F0C002802A5DD04E45E7
:10B10C002FD299422CBF002001200A2E08BF40F0FC
:10B11C000100002847D09EF81630202B40D09EF816
:10B12C00143001207E21312273448EF8150099755C
:10B13C00DA75BDE8F083A2F13A0CBCF1050FDAD94F
:10B14C00A2F1210CBCF15D0FD5D84E45D9D3A2F19B
:10B15C00610CBCF1190F28D8203A3D43D2B2EDB2A4
:10B16C0001E000205F2209F1010CF144013389F860
:10B17C0016205FFA8CF2062A914698BF8EF814209E
:10B18C009C42A3D89EF81630202B09D00028C6D09C
:10B19C0018EA050F18BF02258EF81550BDE8F0838C
:10B1AC000020BDE8F0830B468EE7A2F1410CBCF108
:10B1BC00190F98BF47EA0808D5E70133002083E749
:10B1CC00A846DFE72DE9F84F4FF0620900250F463E
:10B1DC000446DFF8A0B04FF07E0A91F8148001F11C
:10B1EC001606B8F1030FDBF8003028BF4FF0030848
:10B1FC002B449DB208F10403DBB205F00F02581E7C
:10B20C002D09092A02F1370198BF02F13001FA1811
:10B21C00C3B291759845F0D107EB08030021204685
:10B22C0083F816A0FFF774FB01212046FFF710FAF4
:10B23C0003460B2230469BB193F800C01946BCF173
:10B24C00000F13D0DB7A1B07EED409F0F1FA0028BB
:10B25C00EAD109F1FF3919F0FF09C2D1484603E0E0
:10B26C006078B0FA80F04009BDE8F88F0120BDE8A5
:10B27C00F88F00BFF44800202DE9F04F2DED028B24
:10B28C008BB0CDE902038B6807930B7813F0700F2A
:10B29C0053D0029B1B78002B4FD1136990469A4ACE
:10B2AC000E460C33A2FB0323C3F3870298F8153028
:10B2BC009807049200F0A780571CFFB20023304679
:10B2CC0019461C460693FFF723FB08F11603A34609
:10B2DC00A146A24608EE103A059475690021304645
:10B2EC00FFF7B6F9C5F34F15034620B30278E52AEC
:10B2FC0029D042B3BC4238BF00242E2A2BD090F860
:10B30C000BC0BCF10F0F54D01CF0080C23D1B9F1B9
:10B31C00000F40F0D5800B2218EE101A09F088FAB5
:10B32C000028DAD198F8153013F0010300F0E4800E
:10B33C0001230593D1E7737883B100200BB0BDECEA
:10B34C00028BBDE8F08F002C08BFAA46BC4201D28C
:10B35C000134E4B212B14FF00009BEE7039B9A0529
:10B36C00EBD503F00303013B012BE6D8002C08BFFF
:10B37C00AA46BC4203D348E0DCB2A74245D0002128
:10B38C003046FFF765F9631C0028F5D17378002B64
:10B39C00D3D1A74239D9079D05E02B7904EB0314CF
:10B3AC00E4B2A74231D93046FEF7C2FD0028F4D1F1
:10B3BC00C3E7B9F1000F19D102F01F0B04995945DD
:10B3CC008BD112F0400988D0437B89460693BBF1A0
:10B3DC00010F82D1691C4B464246304689B2FFF7B9
:10B3EC004DFD002808BF4FF0000976E70BF1FF3B3D
:10B3FC005FFA8BFB5A45AED1437B069A9342E6D05B
:10B40C004FF0000969E7012758E7059B2BB141462E
:10B41C003046FFF7D7FE00288FD0013F424630461A
:10B42C00FBB20AEB03051F46ADB22946FFF784FDBC
:10B43C00002882D069013046FFF76AFA00283FF4F1
:10B44C007CAF00213046FFF703F9044600283FF497
:10B45C0074AF2022002109F097FAD8F81620D8F8FA
:10B46C001A302260636098F82030B8F81E20A3725E
:10B47C00228198F8153003F018032373234B1B68B3
:10B48C00002B3BD00DF123020DF1260109A89847A2
:10B49C00BDF824302382BDF82630E3819DF823309B
:10B4AC006373079A92F8283043F0010382F828302E
:10B4BC00039B2A46314602980097FFF781FA3DE735
:10B4CC00BBF1010F7FF439AF0A3001E013F8012F03
:10B4DC004FEACC11984241EA5C0152FA81F25FFAD0
:10B4EC0082FCF3D1069B63457FF427AF4F46039B49
:10B4FC0019053FF522AFDBE71F46F8E745F6214378
:10B50C00238223836382CCE74FECC44EFC310020B2
:10B51C002DE9F0411F460B7882B00C46202B1546C6
:10B52C0003D114F8013F202BFBD02C60237863B39C
:10B53C002F2B2AD04FF00008294E211D204601AA9E
:10B54C0003F0E8FB044670B1019BB3F5803F40D299
:10B55C007F2B08F1010831D83C2BD9B229D82129ED
:10B56C0005D81F2909D8002002B0BDE8F081223986
:10B57C00C9B226FA01F1CA07F5D42E2B01D0202B23
:10B58C001CD123780BB12F2BD7D12B69013BFE2B70
:10B59C00E9D82378202B03D114F8013F202BFBD0C2
:10B5AC002F2BF9D028463C6002B0BDE8F041FFF7E4
:10B5BC0055BD5C29D7D005D97C29D4D0C5F81080CD
:10B5CC00AC60DEE73E390129F8D8002002B0BDE8B6
:10B5DC00F08108F10208AC60C5F81080D1E700BF1B
:10B5EC0001210005F0B500238BB0019383789A07F5
:10B5FC0024D5016A054619B1806800F019FEE8B13E
:10B60C0001212846FEF7D0FCC0B1421E00F10A0C05
:10B61C000024E30112F8011F43EA5403944551FA44
:10B62C0083F3DCB2F5D1E52600230670AF682B70EE
:10B63C0007F12800AB7003F03BFA10B900200BB0F7
:10B64C00F0BD07F50E7003F033FA0028F6D0386819
:10B65C0003681B6A98470028F0D0EB78002BEED0DB
:10B66C00294601A8FEF7C0FE0028E7D0EB78002B96
:10B67C00E4D0012721E001A8FEF7EAFF7B1CF9B218
:10B68C000028DBD0C27A0F2AD8D102785FFA83FC6B
:10B69C009FB202F01F038B42D0D1437BA342CDD18A
:10B6AC000670A96891F8283043F0010381F828301E
:10B6BC0053060DD4EB786345C0D3A98801A8C91BE8
:10B6CC0089B24901FFF724F900210028D3D1B5E74D
:10B6DC00AC6804F1280003F0EBF90028AED004F5B7
:10B6EC000E7003F0E5F90028A8D0206803681B6AE7
:10B6FC009847A4E72DE9F843DDF82090A2B1054660
:10B70C000C469846571801E0BC420DD02B682046D9
:10B71C0049465E6AC0472146024628460134B04776
:10B72C000028F1D1BDE8F8830120BDE8F88300BF03
:10B73C00486810B50C4630B10B894A8901339BB26D
:10B74C009A420B8101D9206810BD0368012203497C
:10B75C005B68984700232068238110BDD80C00201B
:10B76C002DE9F04F054687B08846924600214FF4EC
:10B77C000072406A09F008F9286A28B103680C22A3
:10B78C003A495B689847286A6B6A4FF00009EE6982
:10B79C000AF1FF32DFF8E0C0E968ADF814904C1CF8
:10B7AC00CDE903304FEA5A13ADF816303368DF6A2F
:10B7BC00674526D16AB301EB0A07DFF8C0A00AE09F
:10B7CC002146039A30460134D84700283FD0A7427F
:10B7DC001ED033680498D3F824B00028F0D0BDF8FC
:10B7EC001430BDF8162001339BB29A42ADF81430D8
:10B7FC00E6D80368514601225B689847ADF814906F
:10B80C00DEE703AB214630460093194BB847F0B145
:10B81C00286A20B10368022216495B689847B8F180
:10B82C00100F4FF0F8016A6A4FF001030CBF0420AF
:10B83C000C201170FF216A6AD15401339842FAD15D
:10B84C00E8696A6A0368E9685B6A984718B9002076
:10B85C0007B0BDE8F08FD5E90231E86919446A6A8E
:10B86C0003685B6A984707B0BDE8F08FC80C0020EE
:10B87C00D1780000F00C002095780000D80C002046
:10B88C0038B5436A4FF40075044600212A46184621
:10B89C0009F07AF84FF02031EB22A0F80B50C0F8E9
:10B8AC0003100346C0F8071090210270762099709F
:10B8BC000222587094F82B1059734AF65521208D9A
:10B8CC001A74F822D8815A752269DA61A269A3F830
:10B8DC00FE111A6238BD00BF70B504464FF40072F9
:10B8EC000021406A09F050F8656A2269216805F266
:10B8FC00BF1003F06DF9A369226905F2C31021682A
:10B90C001A44013A03F064F994F82A204AF65523B4
:10B91C0085F8C2212269E069C5F8C621626AA1696D
:10B92C00A5F8FE310368C5F8CA1100215B6ABDE8B1
:10B93C007040184770B546694FF4807390F82BE04F
:10B94C000446A6F58072456A4360B2FBFEF202F231
:10B95C00011C4FEA1C214FEA410C81600CF1A10043
:10B96C0098420ED98033F21AB2FBFEF202F20111A8
:10B97C00090A4FEA410C0CF1A1008342F2D3C4E94D
:10B98C0001311B1AA2F6F57103F18000B1F5704F6D
:10B99C0020614FD20CF1210C8133204602FB0EC2E8
:10B9AC00E360B2F5803FA26134BF0423062384F820
:10B9BC002A3001232385FFF78FFF08B9002070BDC3
:10B9CC002046FFF75DFF2922A1684FF0203385F850
:10B9DC0026204622C5F82F30802085F836205422A8
:10B9EC00C5F82B30C5F83230312385F83820362293
:10B9FC00E982412185F8393085F837104FF4007110
:10BA0C0085F8240085F83A200F4BE069C5F82730FB
:10BA1C000368A5F81110626A21695B6A98470028CF
:10BA2C00CCD062682046E3681021D21ABDE8704081
:10BA3C00FFF796BE206A0028C0D003681322034982
:10BA4C005B689847002070BD87D612009C0C0020C4
:10BA5C00F8B546694FF4005390F82BC04FF4804270
:10BA6C00A6F58041036142F2090E0446456A426024
:10BA7C00B1FBFCF101F18103DB0983600EEB4300A8
:10BA8C00904240F2B68002F50052B11AB1FBFCF1C3
:10BA9C0001F18103DB090EEB43005F008242F2D31C
:10BAAC00C4E901234FF6F473994240F2978001FBED
:10BABC000C2CA2F500522046D21B92B202F5005378
:10BACC0022854D4AE360ACF50053944594BF4FF08A
:10BADC000B0C4FF00C0CA36184F82AC0FFF7FCFE92
:10BAEC0008B90020F8BD2046FFF7CAFEA16829223C
:10BAFC004FF020338020696285F842205421462281
:10BB0C00C5F84B3085F840004120C5F84730C5F8E2
:10BB1C004E30022385F85220332285F854103221FE
:10BB2C0085F8552085F8530085F85610EB62E069CE
:10BB3C00324B334A2B630368C5F843205B6A626A55
:10BB4C00216998470028CCD0E06921690368063147
:10BB5C00626A5B6A98470028C3D04FF400720021D8
:10BB6C00606A08F011FFE069264A0368C5F8FC21F9
:10BB7C0021695B6A0231626A98470028B1D0E0699A
:10BB8C00216903680831626A5B6A98470028A8D06B
:10BB9C004FF0FF33E0691C4AC5E97A331B4B2A602E
:10BBAC00C5F8E43103682169626A5B6A0131984720
:10BBBC00002896D0E06921690368626A07315B6AE4
:10BBCC00984700288DD0A268204694F82B3020216D
:10BBDC0003EB4202BDE8F840FFF7C2BD206A002823
:10BBEC003FF47FAF0368132209495B689847002034
:10BBFC00F8BD5F0056E700BF0004FB000100060023
:10BC0C0087D61200000055AA5252614172724161EE
:10BC1C009C0C002038B504460D68C1610846626270
:10BC2C00EA692362904700F2FF736061DB0A062B1E
:10BC3C00236024D9102B13D80223B0F5800F84F87D
:10BC4C002B3020462ED2FFF775FE0546206A05B331
:10BC5C0020B103680D2219495B689847284638BD06
:10BC6C00202B23D9402B23D9802B23D9B3F5806FDC
:10BC7C0022D9B3F5004F8CBF80234023DDE7206A27
:10BC8C0020B1036814220E495B68984700252846AA
:10BC9C0038BD0028FAD003680F220A495B68984720
:10BCAC00284638BDFFF7D4FE0546CFE70423C4E78A
:10BCBC000823C2E71023C0E72023BEE77C0C00203A
:10BCCC00640C00208C0C0020042A04D801EB4202E6
:10BCDC00B2F8010070470A2A03D801EB420290889F
:10BCEC0070470C2A03D801EB4201C888704700202A
:10BCFC00704700BFF8B504780E467CB114F06004B0
:10BD0C00174607D0012A09D92F22002301200A70D7
:10BD1C004B70F8BD2146FEF747F918B900231846B9
:10BD2C003370F8BD0346A446082111E0027B114292
:10BD3C0003D00EF1200E5FFA8EFE651CBD42EDD2D3
:10BD4C000CF1010C06F804E0ECB2BCF10C0F10D0B5
:10BD5C00BCF1080F11D013F801EBAEF14102192A16
:10BD6C00E4D9BEF1200FE8D10CF1010CBCF10C0FA1
:10BD7C00EED1002320463355F8BD1A78202AF8D08E
:10BD8C0010214FF02E0ED8E72DE9F04F00248BB088
:10BD9C00037889460194002B55D0C3780646002BB6
:10BDAC0058D0014601A89046FEF71EFB00284AD049
:10BDBC00F078002843D008F1FF38CB464FF0010A49
:10BDCC00C844B18801A8A1EB0A0189B24901FEF768
:10BDDC009FFDC0B3002101A8FEF73AFC98B3C37ACB
:10BDEC000F2B30D103785FFA8AF103F01F038B42DB
:10BDFC0029D1471C0025042DEBB23FD83B8874BBDE
:10BE0C0003F5205189B2B1F5006F3ED3A3B11846AA
:10BE1C005946424602F02CFF8346A0B1002401355E
:10BE2C0002370D2DE7D10AF1010AF1785FFA8AF396
:10BE3C001FFA8AFA9942C4D2ABEB0900D946002307
:10BE4C0089F8003003E00023184689F800300BB065
:10BE5C00BDE8F08FFFF74EFF0BB0BDE8F08F03F598
:10BE6C00105189B2B1F5806FEDD20A4AC3F30903C0
:10BE7C0002EA8420184300F58030C9E70A2B94BFEE
:10BE8C00B7F80330B7F80530B9E7B1F5806FDAD2FF
:10BE9C001C46C4E700FC0F00FFF776BF2DE9F84302
:10BEAC00DDE90887C3B181460C4615465E1802E0F1
:10BEBC00C047B44210D0D9F8003021462A46484633
:10BECC001B69984703463A46204629460134002B05
:10BEDC00EED11846BDE8F88301231846BDE8F88377
:10BEEC0010B41468B4F5807FA44628BF4FF4807C4E
:10BEFC0001EB4C00814207D231F8023B13B9536875
:10BF0C00013353608842F7D8A4EB0C0414605DF83D
:10BF1C00044B704710B41468802CA44628BF4FF013
:10BF2C00800C01EB8C00814207D251F8043B13B911
:10BF3C005368013353608842F7D8A4EB0C041460A7
:10BF4C005DF8044B704700BF2DE9F843C3790446F4
:10BF5C000D461746202B59D0102B30D00C2B51D11D
:10BF6C00027AC1F34E01836900F50E7911FA85F15D
:10BF7C00A2F1020248468EB2B2FA82F2C1F3462115
:10BF8C00520901EB03085200414602F0BDFD0028A6
:10BF9C0038D0C6F30806731C865DB3F5007F23D03A
:10BFAC0018440378EA07E26946EA03234CBF1B09ED
:10BFBC00C3F30B039A4240D20020BDE8F883027A07
:10BFCC00C1F30721836900F50E70A2F10202194436
:10BFDC00B2FA82F25209520002F096FD90B16D0055
:10BFEC0005F4FF75435B25E0227A08F10101484610
:10BFFC00A2F10202B2FA82F25209520002F084FD5E
:10C00C000028CED14FF0FF30BDE8F883027A816969
:10C01C0000F50E70A2F1020201EBD511B2FA82F218
:10C02C005209520002F070FD0028EBD0AD0005F46F
:10C03C00FE754359E2699A42BED301203B60BDE8CC
:10C04C00F88300BF2DE9F843C37905460C46164624
:10C05C00202B48D0102B2DD00C2B41D1C1F34E01ED
:10C06C00836900F50E7911FA84F11FFA81F8C1F396
:10C07C004621CF18037A4846022B394614BF0122B9
:10C08C00032202F041FD58B314F00104C8F3080375
:10C09C003FD0C25C02F00F0242EA0612C2540133D6
:10C0AC00B3F5007F3AD0C6F30712034401201A708F
:10C0BC00BDE8F883027AC1F30721836900F50E709D
:10C0CC00022A194414BF0122032202F01DFD03466B
:10C0DC0030B16400012004F4FF741E53BDE8F883F2
:10C0EC000020BDE8F883037A816900F50E70022BFD
:10C0FC0001EBD41114BF0122032202F005FD03460B
:10C10C000028EDD0A400012004F4FE741E51BDE8FB
:10C11C00F883C6540133B3F5007F15D12B7A791C03
:10C12C004846022B14BF0122032202F0EDFC034609
:10C13C000028D5D0C6F30712002CB7D1197821F0FE
:10C14C000F0141EA1212B1E7C6F307120344F5E7F7
:10C15C002DE9F041C46882B005460E468C429046EB
:10C16C0040D301270134EB6901AA2846A34205D22A
:10C17C009FBBEC6801273C44A3422ED3A64218BFB8
:10C18C00012C214629D9FFF7DFFE002825DBE9D059
:10C19C00019B002BE6D107B1EC60EB69A3421CD3E9
:10C1AC006FF0704221462846FFF74CFF0746A0B1BE
:10C1BC003EB96B6A002B01DB013B6B62C8F8004097
:10C1CC000CE0012E09D0EB699E4206D8314622467E
:10C1DC002846FFF737FF0028EBD10027384602B07E
:10C1EC00BDE8F0810C460027BCE700BF01290CD943
:10C1FC0010B4C4698C4203D35DF8044BFFF7A4BEA2
:10C20C004FF0FF305DF8044B70474FF0FF30704734
:10C21C0001290BD910B4C4698C4203D35DF8044BCB
:10C22C00FFF710BF00205DF8044B704700207047EB
:10C23C0070B5054682B00C461DE0EB699C421FD8D8
:10C24C00FFF782FE064621460022002E284617DB09
:10C25C00EB699C4214D8FFF7F5FE621E80B16B6A45
:10C26C00002B03F10103A8BF6B62EB68A342019C96
:10C27C0088BFEA602EB1012C214601AA2846DCD8E1
:10C28C00002002B070BD00BF2DE9F0470646406AA1
:10C29C0084B000281BDAF2790C2A1BD1F7697B1CBD
:10C2AC00022B40F2CD8002240025214602AA304602
:10C2BC00FFF74AFE002804F1010306DB57D1A74221
:10C2CC001C465CD0F2699342EFD94FF0FF3004B0BA
:10C2DC00BDE8F087F169002096F8383201313469F5
:10C2EC00DB07CDE9021000F1858000214FF0FF3310
:10C2FC00202A06F5127786F83812C6F8443242D056
:10C30C00D6F800804F4BD8F80020D6F818A09569C5
:10C31C009D4278D1002C00F082800AEB040913694D
:10C32C0051463A46404698470028CED00299B1F57E
:10C33C00807F8E4628BF4FF4807E07EB4E0CBC45A9
:10C34C000BD9039D3B46002233F8024B0CB9013547
:10C35C0002469C45F8D802B103950AF1010AA1EBFB
:10C36C000E01D14502915AD0D8F80020D7E7029A95
:10C37C00002AA4D1A74205F101051C46A2D12846EA
:10C38C0004B0BDE8F087D6F800A02E4BDAF80020F8
:10C39C00D6F8189095699D4246D1002C3FD009EBF8
:10C3AC000408136949463A465046984700288CD0F1
:10C3BC00DDF808C0BCF1800FE64628BF4FF0800EB8
:10C3CC0007EB8E02BA420BD9039D3B46002153F872
:10C3DC00044B0CB9013501469A42F8D801B10395CA
:10C3EC0009F10109ACEB0E03C845029317D0DAF83A
:10C3FC000020D6E706F50E7002F05AFB00283FF439
:10C40C0064AFF27971E7234602AC3A465146019487
:10C41C0040460D4C0094A84700283FF456AF0398B3
:10C42C00706204B0BDE8F087234602AC3A46494638
:10C43C0001945046054C0094A8470028EFD144E7DE
:10C44C00002044E73D80000081800000B5800000A2
:10C45C0070B500230446154601204FF0FF3204F15D
:10C46C0028062160E371E060E162C4F83C1284F8B4
:10C47C00283084F838326263C4F84422CDB1042DDC
:10C48C0001D9002070BD1A461946304602F03CFB1B
:10C49C006FF0704300F5DF722B441D0102EB0313A8
:10C4AC000028EED019790029EBD0525D5206E8D164
:10C4BC009D6800222946304602F026FB0028E0D079
:10C4CC00B0F80B30B3F5007FDBD1037C5A1E23721E
:10C4DC00012AD6D8417B4B1E0129217163714FF083
:10C4EC000003A37144D0012252000133D2B2DBB25B
:10C4FC00914204D0082BF7D10020A37170BD1E46C9
:10C50C00A371C18A216109B9416A2161C289B0F85C
:10C51C0011302A4463815B01A26190F810C003F2D0
:10C52C00FF1301FB0C2202EB53232262B0F8132001
:10C53C00636102B9026AED1AAB18F3405A1CE2614E
:10C54C004FF0FF32626240F6F47293420CD94FF610
:10C55C00F47293420AD9C26A202322620120E37149
:10C56C002163C4F8401270BD0C23F7E71023F5E7E4
:10C57C001E46C6E7F8B500268F6B0D460446C0E98B
:10C58C000E669FB10146242000F0DCF80680867010
:10C59C008446AD6BA0630FCDACE80F000FCDACE8BB
:10C5AC000F002B68CCF800302046F8BDCB6B002B6D
:10C5BC00FAD00146382000F0C5F880F83170478673
:10C5CC000246EB6BE06303F130071E68103353F83F
:10C5DC000C5C103253F8080C53F8041CBB4242F8A4
:10C5EC00106C42F80C5C42F8080C42F8041CECD1BC
:10C5FC001B6820461360F8BD10B50446806B10B163
:10C60C00FDF7E2FC30B9E06B10B1FBF7CFFB20B9C2
:10C61C00002010BD0023A36310BD0023E36310BDF5
:10C62C00002952D02DE9F0410446806B0D46174687
:10C63C001E4610B1FDF7C8FCA0BBE06B10B1FBF7B8
:10C64C00B5FBB8BBD5F88084B8F1000F11D02146EA
:10C65C00242000F077F8334600263A460680867090
:10C66C00A063D5F88014FDF7B7FE58BBA063BDE8F6
:10C67C00F081D5F8843493B12146382000F062F86B
:10C68C00334680F831803A46A0F83280E063D5F822
:10C69C008414FBF7BFFFA8B9E063BDE8F08100206C
:10C6AC00BDE8F0810023D5F88084A363B8F1000FB6
:10C6BC00CDD1DEE70023D5F88084E363B8F1000F19
:10C6CC00C5D1D6E70120BDE8F0810020704700BF3E
:10C6DC00F8B50446806B0D46174610B1FDF774FC97
:10C6EC0038BBE06B10B1FBF761FB38BBAE6B76B1BE
:10C6FC002146242000F026F800213A460180817062
:10C70C00A063A96BFEF7CEF988B9A063F8BDE86BFE
:10C71C000028FBD02146382000F014F83A4680F867
:10C72C0031604686E063E96BFBF77CFF20B10120AA
:10C73C00F8BD0023A363D9E7E063F8BD0023E363EE
:10C74C00D4E700BF084670472DE9F04100260446A7
:10C75C009846C0F88814C0F8806401464FF4906085
:10C76C001746FFF7EFFF424680F84464054680F811
:10C77C007964A0F87A64C4F88404D4F88814FDF7BA
:10C78C00E7FAA0BB0026214640F26C40C4F8846452
:10C79C00FFF7D8FF0223C6714246A0F8486405464D
:10C7AC0080F84A640372C4F88004D4F88814FFF744
:10C7BC004FFE38B900231A4A18461360C4F8803467
:10C7CC00BDE8F08105F589663046FDF7FDFB29468D
:10C7DC003046FDF737FE0028ECD0124B1A68AAB988
:10C7EC001D600F4BAFB101201C60BDE8F08105F559
:10C7FC0089663046FBF7DAFA29463046FBF704FB2C
:10C80C000028BFD0084B1A68002AE9D0044B002F2F
:10C81C00E9D11A68002AE6D00120BDE8F08100BFFA
:10C82C00AC330020B03300208032002070B50025DE
:10C83C004FF47A760446456005738660C0E912555C
:10C84C00034D40F8105BFFF7EBFE204670BD00BFB8
:10C85C00A00F00204FF0FF30704700BF407C7047A6
:10C86C00007D7047407D704701207047007F704706
:10C87C002DE9F0471E46C37C05460C46022B91461B
:10C88C00089F28D02B68214628461B6E984798B1E4
:10C89C00AC61B9F1000F12D004EB090801E0A0451E
:10C8AC000DD039462046B0472B6801462846DB6D33
:10C8BC00013498470028F2D10020BDE8F087AB691D
:10C8CC00287F4B44AB610028F7D12B6828465B6E60
:10C8DC00BDE8F047184783698B42D3D1D9E700BF35
:10C8EC00704700BF043002F0B5B800BF10B5044665
:10C8FC00202105F045FB204610BD00BF2DE9F0417D
:10C90C001F46C37C05460E46022B144624D02B68CA
:10C91C00314628461B6E984778B1AE6187B1002628
:10C92C0001E0B7420CD02A68214628460136D26D68
:10C93C0004F5007490470028F3D10020BDE8F08185
:10C94C00AB69287F3B44AB610028F7D12B682846A4
:10C95C005B6EBDE8F041184783698B42D7D1DDE7A8
:10C96C002DE9F041204E074600F10408356805F525
:10C97C001675ADB203E03368EB1A1B0410D44046B5
:10C98C0002F06CF8FF280446F5D1FD21404602F078
:10C99C007FF8BB7CCBB900230120FB74BDE8F08190
:10C9AC001E23B87C7B740028F8D0387C012102F05F
:10C9BC0009F8FF21404602F06BF8404602F022F8DD
:10C9CC0000231846BB74BDE8F0810121387C01F0CE
:10C9DC00F9FF2146404602F05BF8404602F012F89F
:10C9EC000023BB74D7E700BFF44800202DE9F041C9
:10C9FC00C37C012B35D0867C04464EB1043002F04A
:10CA0C002DF8B0F1FF0518BF01252846BDE8F081CF
:10CA1C00071D4FF00108384601F0D6FF3146207C47
:10CA2C0001F0D0FFFF21384602F032F8384684F886
:10CA3C00128002F013F8A37CB0F1FF0518BF01259A
:10CA4C00002BE2D04146207C01F0BCFFFF21384690
:10CA5C0002F01EF8384601F0D5FF2846A674BDE852
:10CA6C00F08100252846BDE8F08100BF2DE9F84390
:10CA7C00204F0446884691463D68061D05F596757F
:10CA8C00ADB203E03B68EB1A1B040DD4304601F049
:10CA9C00E5FFFF282075F5D0FE281AD01823A07CBE
:10CAAC00637430B9BDE8F8831D23A07C637400283F
:10CABC00F8D0207C012101F085FFFF21304601F0E8
:10CACC00E7FF304601F09EFF00231846A374BDE833
:10CADC00F8834A464146304601F0CCFF207538B900
:10CAEC00304601F0BBFF304601F0B8FF0120D9E71A
:10CAFC002523D4E7F4480020F0B5002783B00C219F
:10CB0C0004463A46C77400F05BF8B0B9A67C1EB96F
:10CB1C000126304603B0F0BD05460121207C01F012
:10CB2C0051FF201DFF21019001F0B2FF019801F08F
:10CB3C0069FF3046A57403B0F0BD0923A67C63746D
:10CB4C00002EE6D0251D207C01213E4601F03AFF47
:10CB5C00FF21284601F09CFF284601F053FF304688
:10CB6C00A77403B0F0BD00BFC27C022A03D0012A17
:10CB7C0004D00120704703685B6E1847FFF7BCBFF9
:10CB8C0038B503680D460D4904461A6A8A420CD121
:10CB9C00C27C022A04D0012A0BD00120257738BD93
:10CBAC005B6E98470028F8D138BD90470028FBD021
:10CBBC00F3E7FFF7A1FF0028F6D0EEE7098D0000A0
:10CBCC002DE9F041036882B00F46354901920646C3
:10CBDC001A6A8A425ED1C27C022A41D0012A5BD0F9
:10CBEC00B47C002C47D0351D0C2F11D0DFF8B4804D
:10CBFC00D8F8004004F59674A4B204E0D8F80030DC
:10CC0C00E31A1A0434D4284601F028FFFF28F5D182
:10CC1C000DF1040802AC47F04001284601F038FF42
:10CC2C0014F8011D284601F033FFA045F8D1002F60
:10CC3C0028464FF00A040CBF9521872101F028FFEC
:10CC4C00284601F00BFF2846013C01F007FF0306C4
:10CC5C00A4B2307501D5002CF5D102B0BDE8F0813D
:10CC6C005B6E98470028BBD1FF2002B0BDE8F08175
:10CC7C00002FCDD0F8E7351D284601F0A5FE214642
:10CC8C00307C01F09FFEFF21284601F001FF0123BB
:10CC9C00B374A9E79047E5E7FFF72EFFE2E700BF83
:10CCAC00098D0000F44800202DE9F04788B00546B6
:10CCBC004FF00008174601AC2E1D85F8128085F840
:10CCCC00118085F8158084E80E009DF80400287406
:10CCDC0001F074FE0121287C01F074FE6C490723DD
:10CCEC00C5E9021394E8070005AB83E8070030465A
:10CCFC000ECB01F073FEAC7C85F81380002C67D052
:10CD0C000A240121287C01F05DFEFF21304601F050
:10CD1C00BFFE611E11F0FF04F7D121460A24287CC6
:10CD2C0001F050FE002228461146FFF749FF01286A
:10CD3C0004F1FF3304460AD013F0FF04F2D10123AF
:10CD4C00A87C6B74002851D108B0BDE8F0874FF473
:10CD5C00D57208212846FFF733FF420757D56C756B
:10CD6C002B68DFF830A19B6D534561D1687DA0F134
:10CD7C000204DFF82491B4FA84F4D9F80030640981
:10CD8C0003F5FA68A4071FFA88F805E0D9F8003013
:10CD9C00A8EB03031B0449D4372100222846FFF7D4
:10CDAC000FFF224629212846FFF70AFF0028EDD164
:10CDBC002B689B6D534565D1687D022849D0AB7CAF
:10CDCC00CBBB07230120C5E9027308B0BDE8F0878F
:10CDDC00304601F0F9FD2146287C01F0F3FDFF21DE
:10CDEC00304601F055FE0123AB7489E7287C012104
:10CDFC0001F0E8FDFF21304601F04AFE304601F01B
:10CE0C0001FE00231846AB7408B0BDE8F08702237E
:10CE1C0004246B75304601F021FE631E287513F057
:10CE2C00FF04F7D1AA289BD0062389E7172387E7AD
:10CE3C00284698479BE70121287C01F0C3FDFF2180
:10CE4C00304601F025FE304601F0DCFD0023AB74CA
:10CE5C00B7E700223A212846FFF7B2FEA8B93046C0
:10CE6C0001F0FCFD00F0C000C02801D103236B755C
:10CE7C00304601F0F3FD304601F0F0FD304601F094
:10CE8C00EDFD9CE72846984797E7122358E700BF2B
:10CE9C00801A0600058A0000F4480020F8B500222C
:10CEAC000D463A210646FFF78BFEE0B9371D2C1DC7
:10CEBC00384601F0D3FD04F8010DA542F8D1B47C3D
:10CECC0014B901242046F8BD307C012101F07AFD13
:10CEDC00FF21384601F0DCFD384601F093FD0023BC
:10CEEC002046B374F8BD1223B47C7374002CE9D0C3
:10CEFC00341D307C012101F065FDFF21204601F03D
:10CF0C00C7FD204601F07EFD00231C46B37420466D
:10CF1C00F8BD00BF70B5164682B000220446FFF77C
:10CF2C004FFEB0B11B236374A07C08B902B070BD76
:10CF3C00251D207C012101F045FDFF21284601F033
:10CF4C00A7FD284601F05EFD00231846A37402B02D
:10CF5C0070BD0546102231462046FFF787FD00289C
:10CF6C00E2D0A67C002EE1D0207C012101F02AFD2C
:10CF7C00201DFF21019001F08BFD019801F042FD75
:10CF8C003046A57402B070BD0368254ADB6C934231
:10CF9C0000B585B00FD16A460921FFF7BBFF38B148
:10CFAC009DF8003013F0C00308D0402B27D0002090
:10CFBC0005B05DF804FB69469847F0E79DF8093029
:10CFCC009DF80A2003F003039DF806109DF8070056
:10CFDC005B0001F0030180009DF808C043EAD21306
:10CFEC009DF8052040EA812002F00F0240EA9C10D7
:10CFFC0013440130073B984005B05DF804FB9DF8E5
:10D00C0009009DF8073001309DF8082003F03F031C
:10D01C0000EB034000EB0220800205B05DF804FB3E
:10D02C00E594000003680A4630B59B6D83B0164D3D
:10D03C000446AB4224D1407D03284FF01201204618
:10D04C0018BF5202FFF7BCFD20B901231846E37448
:10D05C0003B030BD0C23A07C63740028F8D0251DD0
:10D06C00207C012101F0AEFCFF21284601F010FDCF
:10D07C00284601F0C7FC00231846A37403B030BD4A
:10D08C0001919847019AD7E7058A0000F8B5144634
:10D09C00C27C06460D46012A1F4602D183698B428B
:10D0AC0005D029463046FFF7BDFF80B1B56187B189
:10D0BC00002501E0AF420CD021464FF400723046FF
:10D0CC00013504F50074FFF7D1FC0028F2D10020E3
:10D0DC00F8BDB369307F3B44B3610028F8D13046CA
:10D0EC00BDE8F840FFF708BD2DE9F84F9B46C37C1F
:10D0FC0006460C46012B1546DDF82890DDF82C80F1
:10D10C0002D183698B4205D021463046FFF78AFF56
:10D11C00B0B1B461BBF1000F15D004EB0B0A02E007
:10D12C00C847A2450FD04FF4007229463046FFF78E
:10D13C009DFC07464246204629460134002FEFD17C
:10D14C000020BDE8F88FB369307F5B44B3610028E1
:10D15C00F7D13046BDE8F84FFFF7CEBC03682DE998
:10D16C00F0415F69164B9F421FD1C37C04460D46AC
:10D17C001646012B02D18369994205D029462046D7
:10D18C00FFF750FF70B1A5614FF400723146204695
:10D19C00FFF76CFC30B1A369207F0133A36148B168
:10D1AC00BDE8F0810020BDE8F081BC460123BDE85C
:10D1BC00F04160472046BDE8F041FFF79DBC00BF41
:10D1CC002D92000003680A4630B59B6D83B0164D56
:10D1DC000446AB4224D1407D03284FF01901204670
:10D1EC0018BF5202FFF7ECFC20B902230120E374B4
:10D1FC0003B030BD0E23A07C63740028F8D0251D2D
:10D20C00207C012101F0DEFBFF21284601F040FCCF
:10D21C00284601F0F7FB00231846A37403B030BD79
:10D22C0001919847019AD7E7058A000003682DE918
:10D23C00F043DB6C1746414A85B004460E469342D8
:10D24C0045D16A460921FFF765FE0546B5B19DF843
:10D25C000A305A0618D5637D032B01D076027F0263
:10D26C00324620212046FFF7ABFC28B93A46212153
:10D27C002046FFF7A5FC70B326236374A57C9DB9EB
:10D28C00284605B0BDE8F08303F03F039DF80B2062
:10D29C005B0043EAD2137A1C32431342DBD02723C0
:10D2AC00A57C6374002DEBD0251D207C012101F0A1
:10D2BC0089FBFF21284601F0EBFB284601F0A2FB7D
:10D2CC0000231D46A374284605B0BDE8F0836946CB
:10D2DC0098470546BAE7024626212046FFF770FC20
:10D2EC000028C9D1DFF8588042F2107704F1040904
:10D2FC00D8F800301F44BFB204E0D8F80030FB1A55
:10D30C001B0417D4484601F0A9FBFF280646F4D1AC
:10D31C00A37C002BB4D00121207C1D4601F052FBD4
:10D32C003146484601F0B4FB484601F06BFB002344
:10D33C00A374A5E728236374A0E700BFE59400005D
:10D34C00F448002070B5002282B00E460921044634
:10D35C00FFF736FCB0B11B236374A07C08B902B094
:10D36C0070BD251D207C012101F02CFBFF212846DE
:10D37C0001F08EFB284601F045FB00231846A374F0
:10D38C0002B070BD0546102231462046FFF76EFBF9
:10D39C000028E2D0A67C002EE1D0207C012101F0F7
:10D3AC0011FB201DFF21019001F072FB019801F08F
:10D3BC0029FB3046A57402B070BD00BF70B50022C9
:10D3CC0082B00E460A210446FFF7FAFBB0B11B23CC
:10D3DC006374A07C08B902B070BD251D207C0121AE
:10D3EC0001F0F0FAFF21284601F052FB284601F02B
:10D3FC0009FB00231846A37402B070BD0546102229
:10D40C0031462046FFF732FB0028E2D0A67C002EE6
:10D41C00E1D0207C012101F0D5FA201DFF210190E3
:10D42C0001F036FB019801F0EDFA3046A57402B01C
:10D43C0070BD00BF70B5051D16460446284601F0A8
:10D44C0027FB4FF400723146284601F02BFBFF21DD
:10D45C00284601F01DFBFF21284601F019FB284648
:10D46C0001F0FCFA00F01F032075052B04D02023DB
:10D47C00A07C637410B970BD012070BD207C0121AB
:10D48C0001F0A0FAFF21284601F002FB284601F02A
:10D49C00B9FA00231846A37470BD00BF2DE9F04102
:10D4AC00174D06460F4600F104082C6804F5167457
:10D4BC00A4B203E02B68E31A1B040CD4404601F021
:10D4CC00CDFAFF28F6D13A46FC213046FFF7B2FFE1
:10D4DC0018B1BDE8F08124237374B07C0028F8D017
:10D4EC00307C012101F06EFAFF21404601F0D0FAA8
:10D4FC00404601F087FA00231846B374BDE8F0816A
:10D50C00F4480020036870B59B6D1646224A82B021
:10D51C0004460D4693423CD1407D03284FF0180140
:10D52C00204618BF6D022A46FFF74AFB0546B0B1EC
:10D53C000D236374A07C08B902B070BD251D207C3E
:10D54C00012101F03FFAFF21284601F0A1FA2846FB
:10D55C0001F058FA00231846A37402B070BD32468D
:10D56C00FE212046FFF766FF0028E3D0A67C002EA4
:10D57C00E2D0207C012101F025FA201DFF21019031
:10D58C0001F086FA019801F03DFA3046A57402B01C
:10D59C0070BD9847C1E700BF058A000010B4047F36
:10D5AC0034B104680123A46AA4465DF8044B6047B7
:10D5BC005DF8044BFFF7A6BF10B584B004460DF11F
:10D5CC00040C8CE80E009CE80E00FFF76DFB20B1FC
:10D5DC009DF8053003F00103237704B010BD00BFA4
:10D5EC00002070470020704700207047704700BF34
:10D5FC00084B0021084A094810B499631C6B14604D
:10D60C0012685DF8044B1A639A6C22F081029A64DA
:10D61C000170704700002C40F83100202E4900208A
:10D62C00034B586A80F08070C0F30060704700BFF5
:10D63C0000002C40014B1878704700BF2E49002089
:10D64C002B4A2C4B526AD3F800312B49C2F3C2221D
:10D65C0003F03F03013270B5284C4FF47A75A4FBEC
:10D66C00034305FB00F09B08B1FBF3FEBEFBF2FE8F
:10D67C00B0EB1E1F35D201231E465B001A01BEFB08
:10D68C00F2F2824201D9FF2BF6D9BEFBF3F236023D
:10D69C0090422AD24FEA430C012200E0A4461546E0
:10D6AC0003EB0C040132BEFBFCF1814217D9102AAA
:10D6BC00F4D1F0254FF47A731149124A03FB0CFC98
:10D6CC00BEFBFCF30B60104BD16A0B402B43334376
:10D6DC0043F46023D362536A1B07FCD570BD2D0144
:10D6EC00E8E7724600260123D2E79C460025E1E7D5
:10D6FC0000C00F4000800D4000EC695EABAAAAAAE6
:10D70C00C431002000002C400F00F0FF014B1878B2
:10D71C00704700BFA2240020014B1868704700BF5F
:10D72C00F831002010B4074C8C460FCCCCF800001C
:10D73C000120CCF80410CCF80820CCF80C305DF8A3
:10D74C00044B7047CC31002010B4074C8C460FCCE6
:10D75C00CCF800000120CCF80410CCF80820CCF850
:10D76C000C305DF8044B7047DC310020024B01207B
:10D77C001B680B60704700BFEC310020704700BF86
:10D78C0010B504460C2104F0FBFB204610BD00BF75
:10D79C00044B1B7823B1044B18780230C0B270478D
:10D7AC00012070472B4900202C490020184B1A7877
:10D7BC0012F0C0020FD0402A01D000207047587AD6
:10D7CC00DA79197A013002F03F0300EB034000EBE9
:10D7DC000120800270475A7A9979D87902F00302B5
:10D7EC0093F808C001F003018000520040EA812048
:10D7FC0000B593F80AE040EA9C105B7942EADE122D
:10D80C00013003F00F031344073B98405DF804FB11
:10D81C00DC310020404A0520404938B5D2F800419F
:10D82C003F4B44F080043F4DC2F80041D2F8004118
:10D83C0024F03F04C2F80041D2F8004144F018042F
:10D84C00C2F80041D2F8004124F08004C2F8004133
:10D85C00D3F8802042F00C02C3F880205A6A22F4DC
:10D86C0060525A62DA6942F48032DA615A6A42F4DE
:10D87C0000625A62C1F8CC01C1F8D001C1F8BC01F8
:10D88C00C1F8C001C1F8C401C1F8C801AA6C264B8B
:10D89C0042F00042AA64EA6A1343EB62EC6A14F0A9
:10D8AC008074FBD14FF4C870FFF7CAFE1B4B47F2D4
:10D8BC00B80241F2B801C3F8CC411C48C3F8D041BE
:10D8CC00C3F8BC41C3F8C041C3F8C441C3F8C84154
:10D8DC00C3F8BC23C3F8C023C3F8AC23C3F8B013FC
:10D8EC00C3F8B4231249C3F8B823124B6863C1F8C8
:10D8FC00F8314FF0E0234FF480420F49602081F85B
:10D90C006E00C3F80C21EB6A064A43F00063EB622D
:10D91C00D36A1B01FCD438BD00800D4000801F4031
:10D92C0000C00F4000002C40008000010B007F1154
:10D93C00002800209197000000E400E02DE9F04160
:10D94C0004F0DCF9174E184D0746DFF8748004E03C
:10D95C0004F0D4F9C01B40451BD8346B2C40F7D0D5
:10D96C00124A0021124B1170326B1A601968114A5D
:10D97C0031631B68134209D00F491F240F4B40F22F
:10D98C007A2200200C701A60BDE8F0810120BDE8FD
:10D99C00F081064A064B1470326B1A601B683363B5
:10D9AC00EAE700BF00002C4002007F112D49002047
:10D9BC00F831002000007F11A2240020C831002083
:10D9CC0040420F002DE9F843264C0F462378002BDC
:10D9DC0038D1254B5A6AD2052BD5234DDFF89480CC
:10D9EC00AB6A43F48033AB6204F088F9064604E07A
:10D9FC0004F084F9801B40452AD86B6A13F48069C3
:10DA0C00F6D007F13C0C184807F50F77436A5B0515
:10DA1C00FCD5ACF1400353F8042F9C450262FAD1BB
:10DA2C000CF1400CBC45F1D1012318462370BDE824
:10DA3C00F8839A6A22F480329A629A6A42F400322B
:10DA4C009A62CAE7FFF77AFF0028C2D1BDE8F883D3
:10DA5C0006492124064B4FF47E7248460C701A601E
:10DA6C00BDE8F8832D49002000002C40A2240020A2
:10DA7C00C831002040420F002DE9F041074688468E
:10DA8C001F4C04F03BF91F4E054604E004F036F938
:10DA9C00431BB34224D8636AD907F7D4BB02C4F83A
:10DAAC00088020D427F0FF03154C174EE36004F0D8
:10DABC0025F9144F054604E004F020F9401BB84248
:10DACC000ED8236B3342F7D0226B104B1A601A68B6
:10DADC0022631A68D20703D51B6813F4702F0BD07E
:10DAEC000020BDE8F081A26CFBB222F0FF02A26420
:10DAFC00A26C1343A364D5E70120BDE8F08100BFFD
:10DB0C0000002C4040420F0001000F00F8310020B3
:10DB1C00154B30B50D4685B01968FFF7ADFF08B34E
:10DB2C00124B05F10F041A69009259690191996918
:10DB3C000291DB690393002301E05EF8102C03F0E3
:10DB4C00030C01334FEACC0C23F0030E0F2B22FAFB
:10DB5C000CF20EF1100104F8012D0DEB010EECD1BD
:10DB6C000023EB7305B030BDF031002000002C40D9
:10DB7C0010B5037ADB0705D5154B1B68B3B1BDE8AF
:10DB8C0010401847134B1B783BB9134B5C6A84F05D
:10DB9C008074C4F30064204610BD0F4B0F4C1B6BFC
:10DBAC001C40B4FA84F46409204610BD0C4B1C785C
:10DBBC00002CF0D00B4B0C481968FFF75DFF0028C8
:10DBCC00E9D0054B1C6984F48074C4F30024E2E7AB
:10DBDC00F43100202D49002000002C4002007F1160
:10DBEC002A490020F031002000001A0D08B5044B22
:10DBFC0004481968FFF740FF08B1034B186908BDCA
:10DC0C00F031002000001A0D00002C4008B5074B25
:10DC1C0007481968FFF730FF30B1064B186980F4DC
:10DC2C008070C0F3002008BD012008BDF031002039
:10DC3C0000001A0D00002C402DE9F047294B8946B5
:10DC4C00DFF8C0A0284ECAF8003004F057F8274D72
:10DC5C000446DFF8B480264F06E004F04FF8001BB2
:10DC6C00B84229D805F012FC31682846FFF704FFAA
:10DC7C000028F2D0D8F81030DB05EED500234FF495
:10DC8C000072CAF80030D8F8283023F48033C8F872
:10DC9C002830184BC8F804201B78CBB149461648DD
:10DCAC00FFF7EAFE30B915490E24154B40F25742E6
:10DCBC000C701A60BDE8F087104A0A210020104B46
:10DCCC00117040F24B42CAF800001A60BDE8F087B0
:10DCDC004FEA492908484946FFF7CEFE0028E9D10A
:10DCEC00E1E700BFAD9D0000F031002000001A0DEF
:10DCFC0040420F002C49002020003A19A224002099
:10DD0C00C8310020F431002000002C402DE9F041F6
:10DD1C00254C00212548A36A23F48033A362FFF726
:10DD2C00ABFE054648B922490920224B40F23D2260
:10DD3C0008701A602846BDE8F0811F4BDFF8808020
:10DD4C00C8F8003003F0DAFF636A0646D80118D42D
:10DD5C001A4F04E005F09AFB636AD90111D403F061
:10DD6C00CDFF831BBB42F5D9114A0A210025114B6B
:10DD7C0011704FF410722846C8F800501A60BDE8B4
:10DD8C00F0810022084BC8F800205A6A9207D1D5BE
:10DD9C00586B9A6AD96A22F4803241F08061D96258
:10DDAC0058639A62C6E700BF00002C400000DB0CF1
:10DDBC00A2240020C8310020C197000040420F006F
:10DDCC00F43100202DE9F04782468946364E03F0A7
:10DDDC0095FF364D0446DFF80081354F04E003F023
:10DDEC008DFF031BBB4227D831682846FFF744FE42
:10DDFC000028F4D0D8F81030DA05F0D501232D4DD9
:10DE0C002D4F51462B7000232C483B602C4BC8F8EF
:10DE1C000090C8F804302B4BC8F83830FFF72CFEB4
:10DE2C000446A0B928490420284B40F29F120870E0
:10DE3C0020461A60BDE8F08723490A20234B4FF493
:10DE4C00CC72002408701A602046BDE8F087204B85
:10DE5C00DFF88890C9F8003003F050FF2B780646A5
:10DE6C00BBB1DFF84C8003E005F010FB2B7883B1DD
:10DE7C0003F044FF831B4345F6D90023C9F8003057
:10DE8C0011492520114B4FF4D172002408701A60EF
:10DE9C00DAE73B6800229B07C9F80020F0D53A6806
:10DEAC000C4B1A42D0D0EBE7F031002000001A0DD9
:10DEBC0040420F002E490020F831002011003A0694
:10DECC004000010002007F11A2240020C831002074
:10DEDC00D597000000007F1100002C40F431002089
:10DEEC002DE9F041324D1446AB7A13F0400012D1BB
:10DEFC0003F03F03EA7A5B0043EAD213621C0A4345
:10DF0C00134208D02B4927242B4B40F202320C70C1
:10DF1C001A60BDE8F081294B1B780BB949026402E9
:10DF2C002748FFF7A9FD40B922490F24224B40F2A4
:10DF3C000A320C701A60BDE8F08121462148FFF7C7
:10DF4C009BFD40B91B4910241B4B40F20D320C7049
:10DF5C001A60BDE8F08100211B48FFF78DFD38B930
:10DF6C0014491124144B4FF444720C701A60E2E7FC
:10DF7C0003F0C4FE154E164D0446DFF85C80154FB9
:10DF8C0031682846FFF778FD18B1D8F81030DB055A
:10DF9C00D1D403F0B3FE001BB842F1D905492824B3
:10DFAC00054B40F2133200200C701A60C3E700BF1F
:10DFBC00DC310020A2240020C83100202C49002094
:10DFCC0000001A2000001A2100001B26F03100204E
:10DFDC0000001A0D40420F0000002C402DE9F04FBC
:10DFEC0012F0030483B018BF012401900093002B9E
:10DFFC0008BF44F001045CB140492520404B40F27D
:10E00C00F512002408701A60204603B0BDE8F08FAA
:10E01C003C4B15463C4A0E46DFF80C91136003F05E
:10E02C006DFEDFF808810746DFF804B1DFF8F0A0D9
:10E03C0006E003F063FEC01B504544D805F026FAF9
:10E04C00D9F800104046FFF717FD0028F1D0DBF897
:10E05C001030DA05EDD5009A2C4B2B4903EA02431C
:10E06C0000222B4F0A6043F400730121DFF8C480B7
:10E07C003970C8F80020CBF80050CBF80430254B91
:10E08C00CBF83830244B1B7843B331460198FFF75B
:10E09C00F3FC81460028B7D0204B1B4A136003F0D9
:10E0AC002DFE3B780546DBB11D4E03E005F0EEF985
:10E0BC003B78ABB103F022FE401BB042F6D90023F3
:10E0CC00114A1360A0E70D4B0A2200210E481A706A
:10E0DC004FF4FC720A4B01601A6095E77602D4E7A4
:10E0EC000023094A1360D8F800309B078CD5D8F868
:10E0FC0000200C4B1A4208BF4C4685E7A224002096
:10E10C00C8310020AD9D0000F43100200000FF1F3D
:10E11C002E49002002007F112C490020D5970000C9
:10E12C0040420F0000007F11F031002000001A0D5A
:10E13C0000002C40F8310020F8B50646007A0C4659
:10E14C001546C0071F4613D483B10F4401E0BC42EF
:10E15C000CD033682A46214630461B69013405F53C
:10E16C00007598470028F2D10020F8BD0120F8BDB9
:10E17C00900712D0002BF9D00F4401E0BC42F5D02F
:10E18C0033682A46214630461B69013405F5007573
:10E19C0098470028F2D10020E7E70648FFF71EFF5A
:10E1AC000028E3D104490C24044B40F2A1320C703A
:10E1BC001A60F8BD37003A12A2240020C8310020A2
:10E1CC00F8B50646007A0C461546C0071F4613D410
:10E1DC0083B10F4401E0BC420CD033682A4621467F
:10E1EC0030465B6A013405F5007598470028F2D17A
:10E1FC000020F8BD0120F8BD900712D0002BF9D0FB
:10E20C000F4401E0BC42F5D033682A462146304623
:10E21C005B6A013405F5007598470028F2D100209F
:10E22C00E7E70648FFF7DAFE0028E3D104490E249D
:10E23C00044B40F23D420C701A60F8BD27003A19AD
:10E24C00A2240020C83100202DE9F04F0025DFF872
:10E25C00C0929B4C91B0DFF8BC829A4E0172457211
:10E26C0089F80050257088F800503570FFF7D2FA05
:10E27C0029462846FFF700FC50B90121924B40F289
:10E28C008E22054621701A60284611B0BDE8F08F29
:10E29C0003258E4F4FF4D5713846FFF7EDFB002860
:10E2AC004ED1013DF6D13378002B3DD0DFF868B26A
:10E2BC0003F024FD864E0546DFF860A2854F002151
:10E2CC003046FFF7D9FB50B9002517217E4B4FF490
:10E2DC002A72284621701A6011B0BDE8F08F594699
:10E2EC005046FFF7C9FB0028EED003F007FD401B9A
:10E2FC00794BB842E8D81A69002AE0DA1969774AEA
:10E30C0011601B695A0002D5012388F800300021E6
:10E31C007348FFF7B1FB054610BB02216A4B40F274
:10E32C00B12221701A60AFE7FFF774FA294628462C
:10E33C00FFF7A2FB3378002BB8D14FF4401BB7E7A3
:10E34C00654B1B69B3F5D57F07D006215E4B4FF4A7
:10E35C002572002521701A6096E701233370A5E71A
:10E36C0000216048FFF788FB054630B90321564B66
:10E37C004FF42D7221701A6086E7574E5A4B326952
:10E38C005A4F13405A495B483B60FFF7C1FB0546A7
:10E39C0030B907214C4B40F2B92221701A6073E757
:10E3AC0055495648FFF7B4FB054630B90821464B92
:10E3BC004FF42F7221701A6066E739685048FFF7E6
:10E3CC005BFB054630B905213F4B40F2BF22217063
:10E3DC001A6059E739683E48FFF74EFB38B91421EB
:10E3EC00394B40F2C322002521701A604CE7022100
:10E3FC004448FFF741FB05460028F0D0B36A694654
:10E40C006FF07F4023F00603B362B36A43F002035C
:10E41C00B3624FF010137364FFF7D4FC9DF80D300A
:10E42C009B0743D5002841D0274E6946364894F8BF
:10E43C0000803768FFF7C6FC9DF8103003F00F031F
:10E44C00012B36D1A8B34CF25030304C0523C4F814
:10E45C00CC31C4F8D031C4F8BC31C4F8C031C4F8E4
:10E46C00C431C4F8C831FFF7EBF8002347F2B80207
:10E47C00C4F8CC31C4F8D031C4F8BC31C4F8C031C4
:10E48C00C4F8C431C4F8C83141F2B803C4F8BC2391
:10E49C00C4F8C023C4F8AC23C4F8B0330123C4F8C7
:10E4AC00B423C4F8B82389F80030EDE646F2A8107E
:10E4BC00CBE746F2A81084F800803760C5E700BFB0
:10E4CC00A22400202B490020C831002000001A088B
:10E4DC0000001A3740420F0000002C40EC310020A5
:10E4EC000000090200001A030000FFFFF0310020B9
:10E4FC00DC31002000000909CC3100200000090AA1
:10E50C0000001B0700001A06F1FFFF8000801F406F
:10E51C002A4900202C49002000003040000002292C
:10E52C00374B5A6A92052DE9F0410F460DD49A6A81
:10E53C0022F480329A6272B69A6A42F400329A627B
:10E54C009A6A42F480329A6262B603F0D7FB2C4E80
:10E55C00DFF8C480054604E003F0D0FB431B4345C1
:10E56C0037D8746A14F40064F6D007F13C0C2448D4
:10E57C0007F50F77436A1B05FCD5ACF14003026A23
:10E58C0043F8042F9C45FAD10CF1400C6745F1D1AE
:10E59C0003F0B4FB1A4F1B4D0646DFF87C8004E0F9
:10E5AC0003F0ACFB831B43451DD83C6B2C40F7D0D0
:10E5BC003B6B154A136013683B63136813F002033B
:10E5CC001BD01268114B1A420CBF01200020BDE871
:10E5DC00F0810F491A250F4B40F2563220460D7030
:10E5EC001A60BDE8F0810A491D250A4B40F26132E0
:10E5FC0020460D701A60BDE8F0811846BDE8F08128
:10E60C0000002C4002007F11F831002000007F1127
:10E61C00A2240020C831002040420F002DE9F04711
:10E62C00294B8946DFF8C0A0284ECAF8003003F009
:10E63C0065FB274D0446DFF8B480264F06E003F057
:10E64C005DFB001BB84229D804F020FF3168284636
:10E65C00FFF712FA0028F2D0D8F81030DB05EED50F
:10E66C0000234FF40072CAF80030D8F8283043F475
:10E67C008033C8F82830184BC8F804201B78CBB16D
:10E68C0049461648FFF7F8F930B915490C24154BD3
:10E69C0040F2BD320C701A60BDE8F087104A0A21B6
:10E6AC000020104B117040F2B132CAF800001A6011
:10E6BC00BDE8F0874FEA492908484946FFF7DCF9DD
:10E6CC000028E9D1E1E700BFAD9D0000F03100204A
:10E6DC0000001A0D40420F002C49002030003A1265
:10E6EC00A2240020C8310020F431002000002C406E
:10E6FC002DE9F04100221D4C0D4642721146A36AD1
:10E70C001B4823F48033A362FFF7B6F940B91949CB
:10E71C000924194B40F2D3320C701A60BDE8F08119
:10E72C00002DFBD0154B164E336003F0E7FA636AED
:10E73C000746DA0116D4DFF84C8004E004F0A6FE9C
:10E74C00636ADB010ED403F0D9FAC01B4045F5D93E
:10E75C00084A0A210020084B117040F2D732306071
:10E76C001A60DBE7002328463360D7E700002C4013
:10E77C000000DB0CA2240020C8310020C19700004F
:10E78C00F431002040420F000A4B1B7810B50446B0
:10E79C001BB9637A43B9012010BDFFF7CFF80028ED
:10E7AC00FAD0637A002BF6D020460121BDE8104048
:10E7BC00FFF79EBF2D4900202DE9F0410446007A59
:10E7CC00ADF5007D164610F0010513D093073CD033
:10E7DC00012338486A46FFF701FC00283AD04FF471
:10E7EC0000726946304603F02FFB28460DF5007D7C
:10E7FC00BDE8F081DFF8CC800F4698F80030002B94
:10E80C0035D1637A012B39D022682B49126A8A429E
:10E81C004AD198F80020002A34D1002B39D139463E
:10E82C002046FFF7FBFEE8B10123676063723146B7
:10E83C002046FFF775FEA8B16368054601332846EC
:10E84C0063600DF5007DBDE8F08101231948FFF7E9
:10E85C00C5FB38B919490B20194B4FF45D720025D3
:10E86C0008701A6028460DF5007DBDE8F081FFF7B1
:10E87C0065F80028F6D0637A012BC5D16268BA42DC
:10E88C00C2D1D4E7FFF75AF80028EBD0637A002BFB
:10E89C00C5D001212046FFF72BFF0028BFD1284609
:10E8AC000DF5007DBDE8F081204690470028F6D09C
:10E8BC00B5E700BF11003A1129A90000A2240020DD
:10E8CC00C83100202D4900202DE9F041047AADF526
:10E8DC00007D0F46904614F001041DD012F0030F7A
:10E8EC0006D0684611464FF40072804603F0ACFA2D
:10E8FC000123424639462C48FFF770FB044630B9D9
:10E90C002A490D202A4B40F2114208701A60204609
:10E91C000DF5007DBDE8F081264D06462B782BBB0E
:10E92C00737A022B29D032682349126A8A4236D173
:10E93C002A7832BB002B2BD13368394630461B6EFC
:10E94C0098470028E3D002237760737233684146FE
:10E95C003046DB6D98470028D9D0736804460133E4
:10E96C00204673600DF5007DBDE8F081FEF7E6FFF3
:10E97C000028CCD0737A022BD5D17268BA42D2D18E
:10E98C00E4E7FEF7DBFF0028C1D0737A002BD3D06D
:10E99C0001213046FFF7ACFE0028B8D0CCE730465A
:10E9AC0090470028B3D0C7E701003A18A2240020F2
:10E9BC00C83100202D49002029A90000012103F0B5
:10E9CC0003BA00BF03F0C4B908B5034653F8040BEF
:10E9DC0093E80600F7F788FC08BD00BF84B00DF182
:10E9EC00100C0CE90E00024623B11846136004B05B
:10E9FC00F8F79CBC024B1846136004B0F8F796BCB1
:10EA0C00601A00200268D37C13B3D80704D5906A2F
:10EA1C004FF0E021C1F80001990704D5D06A4FF0FE
:10EA2C00E021C1F80401580704D5106B4FF0E02128
:10EA3C00C1F80801190704D5506B4FF0E021C1F85B
:10EA4C000C01DB0604D5926B4FF0E023C3F81021C8
:10EA5C00704700BF0068F8F787BD00BF0268FF234E
:10EA6C0012685366D36D13F4F81FFBD0506FC0B20D
:10EA7C00704700BF4FF0FF0C006808B5134680F8D4
:10EA8C003CC00A460021F8F76BFD002008BD00BF12
:10EA9C0003681A685166D36D13F4F81FFBD0536FDB
:10EAAC00704700BF134600680022F8F759BD00BF3D
:10EABC0030B5037883B0DC071DD50446406804F1FB
:10EACC0010020368E16801925B6A9847019A054657
:10EADC00A8B12378990708D56068D4E902311944A4
:10EAEC0003685B6A984750B1237823F001032846EA
:10EAFC00237003B030BD0125284603B030BD00257E
:10EB0C00284603B030BD00BFF8B543680BB3C368EB
:10EB1C0004460F4615468B4206D110F8103B05F003
:10EB2C0003052B432370F8BDFFF7C2FF88B16B07B9
:10EB3C0005D504F1100630460023E760EFE7606866
:10EB4C0004F110063946036832461B6998470028C1
:10EB5C00F1D10020F8BD00BF4FF0000C024B82F841
:10EB6C0000C01B68184700BF00320020024A03494E
:10EB7C00034B116018607047FC310020F9AC0000A9
:10EB8C000032002010B50446808982B018B10023F1
:10EB9C00A38102B010BDD4E901318B42F9D201AA94
:10EBAC00184600F0B7F880B1019B6060B3F5803F68
:10EBBC0001D298B2EDE7980AC3F30903A0F52150EE
:10EBCC00A3F5105380B2A381E3E74FF6FF70E0E7A3
:10EBDC00B1F5807F21D810292ED840234FF0200C7E
:10EBEC00B2FBF3F1B1F5806F20D203FB112300B51A
:10EBFC00B2FBFCFEB3FBFCF30CFB1E224FEA910CA8
:10EC0C00DBB201322CF03F0CC9B2037042EA0C02A9
:10EC1C008170D2B242705DF804FB3F239C46802980
:10EC2C0010D9B1F5FC7F0FD81B01D9E7FF21FE23CA
:10EC3C004170037081707047202916D880234FF0E3
:10EC4C00200CCDE7DB00CBE7B1F57C7F04D9B1F527
:10EC5C00FC6F03D89B01C3E75B01C1E7B1F57C6F87
:10EC6C0094BFDB01C3EB0323BAE720239C46D6E712
:10EC7C007F28A2EB010205D812B10A4602F8010B5B
:10EC8C0010467047B0F5006F0FD2012A40D94FEAF9
:10EC9C00901C00F03F030A466CF03F0063F07F03CA
:10ECAC0002F8020B10464B707047B0F5803F16D23D
:10ECBC00022A2DD9C0F3851C00F03F03CA1C63F057
:10ECCC007F0300B54FEA103E6CF07F008B706EF046
:10ECDC001F0E4870104681F800E05DF804FB032A13
:10ECEC0016D94FEA904CC0F30532C0F3851300F0EF
:10ECFC003F0062F07F026CF00F0C63F07F0360F05A
:10ED0C007F004A700A1DC87081F800C08B70B7E78D
:10ED1C000022B5E788423DD2034610B490F90000BA
:10ED2C001C7800282DDA04F0E000C02834D004F060
:10ED3C00F000E02834D004F0F800F02826D104F0DC
:10ED4C00070404201844884220D8013313F8011B0F
:10ED5C0001F0C00C01F03F01BCF1800F41EA8414BA
:10ED6C0014D18342F2D1A4F180010F4B99420DD8FA
:10ED7C00A4F55843B3F5006F08D314605DF8044B49
:10ED8C007047581C14605DF8044B704700205DF808
:10ED9C00044B70470020704704F01F040220D1E799
:10EDAC0004F00F040320CDE77FFF10007E283ED92E
:10EDBC004FF0350C002330B4284C04E034F82120FB
:10EDCC00824220D80B46ACEB0302012A03EB520122
:10EDDC00F4D89BB234F82320904216D24B24002353
:10EDEC001F4D04E035F8212082421ED80B46E21A52
:10EDFC00012A03EB5201F5D89BB235F8232082424D
:10EE0C001FD030BC70478C46DDE704EB8304821ABC
:10EE1C00E3789A42E2DA94F90230012B16D0D3B19E
:10EE2C009BB2034430BC98B270470C46DFE7A0F1AC
:10EE3C006103192B8CBF00230123A0EB431398B261
:10EE4C00704705EB8305688830BC704702F00102FF
:10EE5C00831A98B2D5E74EF2A033E2E7840B002078
:10EE6C005805002090F8A32090F8A200101A7047C3
:10EE7C0090F8A23090F8A3209A4205D95A1C03446A
:10EE8C0080F8A220987E70474FF0FF30704700BF8B
:10EE9C0090F8A23090F8A3209A4202D91844807EB0
:10EEAC0070474FF0FF307047704700BF0346B0F813
:10EEBC00300178B193F82F21882A03D90122002040
:10EECC005A60704702F1010C01201A4483F82FC1DB
:10EEDC0082F8A510704700BF38B5B0F830410CB9B6
:10EEEC00204638BD90F82F310546C3F18904A24263
:10EEFC000DD8144605F1A5002246184402F0A4FFD3
:10EF0C0095F82F312046234485F82F3138BD012246
:10EF1C004260EFE72DE9F04FD0F814A01524017EE4
:10EF2C008146437E83B00AEB0111384A0AEB031386
:10EF3C00374F097A93F8283002EB01150901E8687C
:10EF4C0052F8018002EB0311D5F804B01B01CE6816
:10EF5C00D558CBF80040C8F88400D8F804304A687B
:10EF6C0003432C490192C8F804301460C5F884603E
:10EF7C006B6833436B60284B4C683A68A3FB0232D6
:10EF8C00920C02EB820252004B681B1B9A42FBD87C
:10EF9C004FF0090C1F4ADFF880E0D8F80830034224
:10EFAC0002D0AB6833422FD1C5F8886054683968F9
:10EFBC00AEFB0131890C01EB810153681B1B99429B
:10EFCC00FBD8C5F8846054683968AEFB0131890CF4
:10EFDC0001EB810153681B1B9942FBD8BCF1010C5E
:10EFEC00DBD1604699F81830019A0AEB0313DB6801
:10EFFC00CBF8003099F819300AEB031ADAF82C30F8
:10F00C00136003B0BDE8F08F0120EBE7281400205B
:10F01C005C1A0020001000E083DE1B430E4A10B582
:10F02C001168046905E0DB0107D413685B1A102B27
:10F03C0008D8636913F0007FF5D14FF4FE4301202B
:10F04C00636110BDFFF766FF0028FAD04FF4FE4352
:10F05C0001206361F5E700BFF44800202DE9F0477B
:10F06C0090F82FA10569BAF1000F4FD08146884660
:10F07C00FFF7D4FF002849D0374E0024376818E03A
:10F08C006B69190551D4DA0455D4580559D499042F
:10F09C0041D43268D21B322A3DD8544507D9EA6D87
:10F0AC00520704D19B0555D4B8F1000F52D004F08F
:10F0BC00EDF95445E4D8EA6D500702F00703DFD4AC
:10F0CC0013E099F8A5200133022442F48062042B4A
:10F0DC002A661ED08A4503F1010309EB01020ED901
:10F0EC0092F8A520042B2A66CAD00121002CE8D066
:10F0FC002146013301348A4509EB0102F0D8B8F1FD
:10F10C00000FBDD04FF400732B66B9E70420BDE8A7
:10F11C00F0870124B4E72B694FF40072042043F408
:10F12C0040732B612A66BDE8F0872B69042043F4F9
:10F13C0040732B61EBE72B69052043F440732B6183
:10F14C00E5E72B694FF40072022043F440732B6106
:10F15C002A66DCE70020DAE7F4480020F8B50669F7
:10F16C000446D6F8145115F4706301D0C6F8143166
:10F17C00A8070BD5D6F8702111043ED50023012128
:10F18C0084F8A230234484F8A3109A76EB0710D5A8
:10F19C0094F83071FFB194F82E7194F82F31BB4272
:10F1AC0027D97B1C274484F82E3197F8A530C6F854
:10F1BC00603115F4407F0DD094F8A30018B1D4F849
:10F1CC003C3103B198470023A4F8A230A4F82E31A7
:10F1DC0084F83031F8BDD4F8383103B198470023A6
:10F1EC0084F82E31012384F8303194F82F31BB424E
:10F1FC00D7D80023C6F86031DBE794F8A330872B0F
:10F20C00C4D8591CC9B2BDE70148FFF7A7BF00BF5E
:10F21C00C41A00200148FFF7A1BF00BF041C002046
:10F22C000148FFF79BBF00BF441D002010B4144CD5
:10F23C0000220369A1421A6114D8124C0120124910
:10F24C004FF430329C6458629962DA629C6C0020F4
:10F25C004FF0011101221C6518625DF8044B996591
:10F26C001A6170470948814207D9094C09480A4973
:10F27C009C645A629862D962E8E7084C0848F6E741
:10F28C007F1A06003B372819B80B05053F420F00C3
:10F29C000A09070460090101007F05001C1A120C01
:10F2AC00100E020238B5084B04460D4600211B68AF
:10F2BC00426028462360A16002F074FD034665732A
:10F2CC002046237338BD00BFF448002038B50446EF
:10F2DC00407B02F067FD237B834206D0114A2568F0
:10F2EC00136861685B1B8B420FD2A368BBB10D49DD
:10F2FC0020680A68121A934210D801230968002268
:10F30C0018462160A260A37338BD11680123002246
:10F31C00207321601846A260A37338BD00231846E1
:10F32C00A37338BDF4480020007B7047837B23B166
:10F33C00007B003818BF012070471846704700BF8B
:10F34C00837B23B1007BB0FA80F0400970471846EC
:10F35C00704700BF704700BF10B404682469A4460E
:10F36C005DF8044B604700BF30B40468BDF808502A
:10F37C000295A46BA44630BC604700BF30B404684F
:10F38C00BDF808500295E46BA44630BC604700BF42
:10F39C0030B4BDF9085004680295BDF80C500395C3
:10F3AC00246CA44630BC604730B5002283B004689E
:10F3BC00B0F90E50019111460095B0F90C30246C47
:10F3CC00A04703B030BD00BF704700BF01F003037E
:10F3DC008376CB0705D40289B0F90A308281C381C8
:10F3EC0070474289B0F908308281C381704700BFF1
:10F3FC002DE9F0411C460B46016884B0114E0546C0
:10F40C004F69BDF82880B74210D1013CCDF804807B
:10F41C002846144424B200948C6A1946A0472B68E1
:10F42C00DB6AB34209D104B0BDE8F081CDE9023208
:10F43C00B8472968DDE90232E7E7284604B0BDE8A1
:10F44C00F0411847F5B400002DE9F043056885B08C
:10F45C00124E04466F699946BDF83080B74210D100
:10F46C0009F1FF33CDF80480009220460B44AD6ABD
:10F47C001BB2A8472368DB6AB34209D105B0BDE8CB
:10F48C00F083CDE90212B8472568DDE90212E7E7FF
:10F49C00204605B0BDE8F043184700BFF5B40000A6
:10F4AC002DE9F043994287B00546BDF93840BDF8C7
:10F4BC003C6022D0A24212D00768DFF88480D7F8D3
:10F4CC001490C14533D12846CDE90046BC6AA0470B
:10F4DC002B68DB6A434525D107B0BDE8F083994220
:10F4EC001CDC0E9601332C6828465B1AE46B1BB2AD
:10F4FC00A44607B0BDE8F0436047A24202DD1346C4
:10F50C0022461C460E96631C2C6828469B1AA46B3C
:10F51C001BB2A44607B0BDE8F04360470846194645
:10F52C000346DEE7284607B0BDE8F0431847CDE9AF
:10F53C0004230391C8472F680399DDE90423C2E72C
:10F54C00F5B40000D0F800C02DE9F04F90461F46EE
:10F55C001F4A83B0DCF8143005460C46BDF93090D8
:10F56C009342BDF834A029D12744A7421EDDDFF811
:10F57C0064B00AE00134CDF800A0DCF8386024B2A5
:10F58C00B047D5F800C0BC4210DADCF820604B461E
:10F59C00424621465E452846ECD00134CDF800A009
:10F5AC00B047D5F800C024B2BC42EEDBDCF82C30FE
:10F5BC00074A934206D103B0BDE8F08F9847D5F8BF
:10F5CC0000C0D1E7284603B0BDE8F04F184700BF94
:10F5DC00F5B4000009B500002DE9F04F1D46036895
:10F5EC001646DFF8BC905A6985B004464A45BDF909
:10F5FC003880BDF83C7043D1D3F824B03246DFF8E4
:10F60C00A4A020460097D345039108BFD3F83CB083
:10F61C002B46D847236808F1FF320399D3F824B05E
:10F62C0032440097D34512B234D1D3F83CA02046D3
:10F63C0003912B46D047039923683246DFF868A024
:10F64C002046D3F820B0013D0097D345039108BF65
:10F65C00D3F838B04346D8470399226843460D4443
:10F66C00204629B2156A0097554508BF956B32465E
:10F67C00A8472368DB6A4B4507D105B0BDE8F08F7E
:10F68C000391904723680399B6E7204605B0BDE87F
:10F69C00F04F184703912B462046D8470399CBE7E8
:10F6AC00F5B400001DB5000009B500002DE9F04FC0
:10F6BC002DED028B85B098460C461646BDF940C020
:10F6CC00A8EB010A0746BDF84490ACEB0203BAF173
:10F6DC00000F83EAE375B8BFCAF1000AA5EBE37526
:10F6EC005545009566DD4146204622464346344644
:10F6FC00E04606468C46444508DD15463046214614
:10F70C001A46664644462B46844688469B1AA8EB06
:10F71C000402002B15B292B2B8BF5B42002D0192CD
:10F72C00B8BF0135B4454FEA65053ADD01220292B6
:10F73C009BB208EE107A03931EE018EE101A204FBD
:10F74C0018EE100AD1F800C03146DCF818B0BB45F1
:10F75C002ED1DCF810B0D847039B0134029AEB1A77
:10F76C000199B21824B21DB29BB2002D0B4401DAE0
:10F77C0016B21DB2A04516DB009B2246214653450E
:10F78C004B46DADC18EE103A0D4F324618EE100AE2
:10F79C00D3F800C04B46DCF818B0BB45D9D0D847DD
:10F7AC00DAE7444508DD05B0BDEC028BBDE8F08F0F
:10F7BC00D847D1E763469EE74FF0FF320292B7E796
:10F7CC00F9B400004281C281084A018181814FF065
:10F7DC00FF318261064A10B4002402604460047751
:10F7EC000462C0E904415DF8044B7047010100015B
:10F7FC00F00D00202DE9F04F87B0824600681746C7
:10F80C00BDF9406088460593F31D354ABDF9444067
:10F81C0048BF06F10E03BDF848B0DB1003934369F3
:10F82C00934253D1002C45DD3C448446A3B204934F
:10F83C0000231D460293002E31DD059A0023029908
:10F84C000A4401920AE0EDB204EB080115F0800FB6
:10F85C0009B213D1013423B2B34220D013F0070FF5
:10F86C004FEAE3029CB24FEA4505ECD1019B04EB55
:10F87C0008019D5C09B215F0800FEBD0DCF81890F4
:10F88C005B4618483A4681451BD10134DCF8109090
:10F89C005046C847DAF800C023B2B342DED1013774
:10F8AC00DDE902321344049A0293BBB23FB29A428E
:10F8BC00C1D16046C36A0A4A93420CD107B0BDE875
:10F8CC00F08F5046C847DAF800C0C3E75046984757
:10F8DC00DAF80000A6E7504607B0BDE8F04F18472D
:10F8EC00F5B40000F9B400002DE9F04F2DED028BBA
:10F8FC0091B091468246BDF8702004919DF8781025
:10F90C0005920E91026A9DF87C10BDF874B00291BC
:10F91C00002A00F0B380117AD2E900245B1A029914
:10F92C000392DBB20E9A114304EBC30234F833702A
:10F93C0092F905000129D37892F8028092F90640D9
:10F94C000A9308905AD800230B930993A34BDAF827
:10F95C00002019460F9353698B4240F07D810A9B1E
:10F96C00002B78D01FFA89F3D346DDF838900C932E
:10F97C0023440D9300231D4607930693B8F1000F03
:10F98C0061D006990B9B029CCB180C98079E03FB2D
:10F99C00040300241BB208EE103A0D9B0B441BB25F
:10F9AC0008EE903A05E001346D00E4B2EDB2A045EA
:10F9BC0045D9334601365907F6B203D17B1C03995E
:10F9CC00CD5D9FB22B06EED5B9F1010F1BD1029B79
:10F9DC00012B18D1089B58460499D2F818A0591835
:10F9EC007F4B21449A45059B08BFD2F810A009B261
:10F9FC0018EE902AD047DBF80020D4E703B2099325
:10FA0C0023B20B93A2E7099BD2F81CA01919DFF8BB
:10FA1C00D8E1049BBDF90800F24501FB09310FFA4E
:10FA2C0089F3009009B220D1059801905846D2F87C
:10FA3C0040A018EE102AD047DBF80020B3E7079B54
:10FA4C004344DBB20793069B0A990133DBB299421C
:10FA5C00069393D8DA46D36A0F9A934240F0F58016
:10FA6C0011B0BDEC028BBDE8F08F059A584601929F
:10FA7C0018EE102AD047DBF8002094E7B0F90C20E0
:10FA8C0004998A42ECDDB0F90E204A45E8DD0622E5
:10FA9C000E9812FB0012002AE2DD029A09EBC20258
:10FAAC00002ADDDD9AF81C20012A03D0AF2B01D9E6
:10FABC000133DBB2494ADAF8000011460F92426971
:10FACC008A4240F0F080BDF8102003EB8303CDF8A0
:10FADC000C90D14611460B92424ACDF810B0D31877
:10FAEC000A46DDF8148008934B1D0E999BB2029FB9
:10FAFC008B4609938BB20A930346CDE90622089AEA
:10FB0C0008240025CA4612F8016B0892BDF91C2086
:10FB1C0008EE102A0FFA8BF208EE902A1CE0BBF1CB
:10FB2C00010F039A36D1012F34D1D3F81890AA18AB
:10FB3C002B4812B2BDF918108145504608BFD3F8B6
:10FB4C0010904346C847DAF80030013C013576087E
:10FB5C0014F0FF046DB249D0F007E0D4049880454E
:10FB6C00F3D0BBF1010F039A2AD1012F28D1AA1887
:10FB7C00D3F81890BDF918100FFA82FC184A914569
:10FB8C006FD1D3F81090624603465046C847DAF856
:10FB9C000030DAE7D3F81C9005FB0722124839B283
:10FBAC0012B28145CDE9001801D1D3F8409018EE7E
:10FBBC00903A18EE101A5046C847DAF80030C4E7ED
:10FBCC00D3F81C9005FB0722074839B212B28145C5
:10FBDC0000914DD104990191E7E700BFF5B4000005
:10FBEC00F9B400008406002031B50000079AD14614
:10FBFC000A9806990244013192B289B20792099A85
:10FC0C0006918A427FF47BAF1846059BDDE9039B86
:10FC1C005B4515D00E9B012B2DD1029B012B2AD1BC
:10FC2C00046A4A46234BCDF800B09C42BDF924101F
:10FC3C004FF0080308BF846B5046A047DAF8000069
:10FC4C00C36A0F9A93423FF40BAF504611B0BDEC10
:10FC5C00028BBDE8F04F184750469847DAF8002061
:10FC6C007DE6049B62465046C847DAF800306CE7E4
:10FC7C00049B01939BE70A9BC46903EB83010B9BD9
:10FC8C00029A0B440C4DD2001946AC42BDF93830E7
:10FC9C0009B2CDE9002B4A4608BF046C5046A04778
:10FCAC00DAF80000CCE7504603939047DAF80000EE
:10FCBC00039B08E709B5000031B50000036AF0B5F5
:10FCCC00074685B0002B3AD00A292BD00D2933D00A
:10FCDC001A7A914230D39C7A8C422DD38A1A5C6862
:10FCEC00D2B204EBC204E578A278A5B19AB1C57E74
:10FCFC00002D63D1067E437EB0F91050B0F912206E
:10FD0C003846CDE902630B462946FD8A0195BD8A2A
:10FD1C000095FFF7E9FD21793B8A3A7E01FB02331E
:10FD2C003B8209E04FF0000C428A417EA0F810C0E3
:10FD3C001B7B01FB03234382012005B0F0BD0A2984
:10FD4C001ED00D29F8D0C27EB0F910400ABBB0F914
:10FD5C001220067E457E03950B4602962146FC8AB0
:10FD6C0038460194BC8A0094FFF7BEFD3B7E3A8A6C
:10FD7C00012003EB430302EB43033B8205B0F0BDD0
:10FD8C00428A417E038202EBC1034382012005B00B
:10FD9C00F0BD067E0622B0F90C5012FB0642AA42B8
:10FDAC0008DD428A1C46457E038202EBC50212B274
:10FDBC004282D0E7B0F91220457ECCE794F9055089
:10FDCC00067E2A44B0F91050B0F90CC006FB025262
:10FDDC00624503DC437EB0F9122091E70025428A8C
:10FDEC00058293F80CC0437E0CFB032212B24282B4
:10FDFC0086E700BF012938BF0121017641767047A3
:10FE0C00036A39B10BB101627047438A0162063350
:10FE1C0043827047002BF6D0438A0162063B438233
:10FE2C00704700BF2DE9F047046A002C5FD00A2907
:10FE3C0053D00D2959D0A67A257A8E4255D3A94292
:10FE4C0053D3491B6568C67EC9B205EBC10191F855
:10FE5C0002C0CD7891F804E091F9058091F9067013
:10FE6C00002E40F088801C88B2F90060017E437E31
:10FE7C0008FB016607FB034415FB03F00CFB01F3C5
:10FE8C00089D013889B2013BB5F9005010FA84F095
:10FE9C0024B213FA86F336B200B2B5421BB201DDBE
:10FEAC00089D2E80099DB5F90050A54201DD099DE4
:10FEBC002C800A9CB4F900409C4201DA0A9C2380F5
:10FECC000B9BB3F90030834201DA0B9B188013882B
:10FEDC000EFB01331380BDE8F08700211180407EBA
:10FEEC00217B1A8800FB01221A80BDE8F0870A29C1
:10FEFC0039D00D29F9D0C17EB2F90050002952D168
:10FF0C00B3F90040017E407E04EBC000062414FBD4
:10FF1C0001540A9D0138013CB5F90050A54201DAA3
:10FF2C000A9D2C800B9CB4F90040844201DA0B9C96
:10FF3C002080089CB2F90000B4F90040844201DD35
:10FF4C00089C20800998B3F90030B0F90000984261
:10FF5C0001DD09980380138801EB410103EB410398
:10FF6C001380BDE8F0871480417E1A8802EBC10231
:10FF7C001A80BDE8F087B2F9006008EB0C09017E2D
:10FF8C00B0F90CA001FB0969D1451FDD00211180DE
:10FF9C00217B467E1C8806FB0144A4B21C80B2F96E
:10FFAC000060017E63E7017E0626B0F90C7016FB3B
:10FFBC000156BE420CDD1480417E1C8804EBC1044A
:10FFCC0024B21C80B2F90050017E9CE71C884EE7DD
:10FFDC00B3F9004097E700BF2DE9F04F89B00C460C
:10FFEC00DDF848B0ADF81620ABF8002047F6FF72EC
:04FFFC001399ADF8B0
:02000004600199
:100000001820ADF81A204FF6FF720B80ADF81430AF
:10001000ADF81C20ADF81E200022DDE914A31A80E3
:10002000AAF8002014F8011B61B381460DF11E08E7
:1000300007AF0DF11A0606AD05AB0DF116024846E5
:10004000CDE90278CDE90056FFF7F2FE14F8011B66
:100050000029F1D1BDF91C30BDF91820934214DB01
:100060000133ABF800209A1ABDF91E30AAF800201F
:10007000BDF91A20934205DB013313999B1A0A80BC
:10008000159A138009B0BDE8F08FBDF91E30BDF997
:100090001A20EFE7002905DBB0F90CC08C4501DD23
:1000A000002A00DA7047B0F90EC09445FADD10B4AA
:1000B00090F81AC0BCF1020F0DD0BCF1030F58D05C
:1000C000BCF1010F4CD0012B38D0022B24D07BB1D6
:1000D0005DF8044B7047B0F808C00CF1FF3CACEB86
:1000E000010C41898A1A0FFA8CF1013A12B2EAE73F
:1000F000002A1346B0F808C0B8BFD31DC46A02F086
:1001000007020120DB1000FA02F213FB0C13E15C82
:1001100021EA0202E254DBE7002A13460489B8BF51
:10012000D31DC06A02F00702DB1013FB0413012188
:10013000C45C01FA02F26240C254C9E7002A1346C5
:10014000B0F808C002F00704B8BFD31DC06A01228E
:10015000DB10A24013FB0C13C15C0A43C254B7E787
:10016000B0F808C0ACEB020C0A460CF1FF3109B242
:10017000A9E7B0F80AC00CF1FF3CACEB010C11464A
:100180000FFA8CF29FE700BF002930B5BDF80C4094
:1001900002DA0B4400211BB2B0F908C05D188E468C
:1001A000654502DDACEB01010BB2002B0FDDC16A2E
:1001B000D01002F007021CFB00EC012000FA02F252
:1001C00084426144D2B219D0022C0DD004B130BDAA
:1001D000D24311FA83F3D2B211F8010B10409942C5
:1001E00001F8010CF8D130BD11FA83F311F8010BBD
:1001F00050408B4201F8010CF8D130BD11FA83F365
:1002000011F8010B1043994201F8010CF8D130BDEF
:100210002DE9F041B0F908E0BDF818508E452DDD0C
:10022000002A2DDB9446B0F90A409C44A44501DD28
:10023000A41A23B2002B21DDC2F3C404C66A12F053
:100240000702DBB21EFB041406EB040136D0C2F138
:10025000080CDFF818815FFA8CFC634518F80C7005
:1002600018D2ACEB03084FF0FF0E012D4EFA08FE3A
:1002700007EA0E0771D0022D49D08DB1BDE8F0819B
:1002800013440022B0F90A401BB294469C44A44592
:10029000D0DDCDE7012D60D0022D38D0002D3BD12F
:1002A00016F804E02EEA070E634506F804E0B0F9FC
:1002B0000840E3D3083A21441344DBB2072B16D994
:1002C000022D35D0B5F1000C1A4618BF4FF0010CC5
:1002D000CCF1000C5FFA8CFC083A81F800C0B0F950
:1002E0000840D2B22144072AF6D803F00703002BB6
:1002F000C4D01E4A012D13441B7A33D0022D28D0BE
:10030000002DBBD10A7822EA03030B70B6E716F87A
:1003100004E087EA0E0EC7E7083A71441344DBB2E3
:10032000072BCFD8002BA9D0984498F80830E5E7E0
:100330001A460C78083AE443D2B20C70072AB0F996
:1003400008402144F5D813F0070397D0074A134417
:100350001B7A0A7853400B7090E716F804E047EADE
:100360000E0EA1E70A7813430B7087E7743800601C
:100370009446827E022A10B4BDF8044028D0032A95
:1003800021D0012A0FD0BCF1000F09DBB0F90A20FF
:10039000624505DD019462465DF8044BFFF7F4BE4B
:1003A0005DF8044B70470289A2EB0C02013A0FFA88
:1003B00082FCBCF1000FF3DB0A46019461465DF854
:1003C000044BFFF725BF19444289521A11B2F0E7D6
:1003D00042891944A2EB0C02013A0FFA82FC02890D
:1003E000521A11B2CFE700BF9446827E022A10B49F
:1003F000BDF8044027D0032A14D0012A07D00029D1
:100400000DDB019462465DF8044BFFF701BF9C448D
:1004100002890029A2EB0C020FFA82FC08DA5DF8CF
:10042000044B70474289521A013A11B20029F6DB97
:10043000B0F90A208A42F2DD0A46019461465DF86D
:10044000044BFFF7A1BE02899C44521A013A11B233
:100450004289A2EB0C020FFA82FCD0E770B5044689
:100460001D469DF91060FFF7B3F90F4B2360002381
:100470006362B5B1059A00230C480721A265069A6C
:10048000E362FF23E2654FF6FF7284F83760A562EE
:1004900084F83330A28684F83630C4E91901204646
:1004A00070BD034DE6E700BF780E002000093D0057
:1004B000C41A002010B50446C06A08B103F0E6FB78
:1004C000204610BDF8B5836A04460D46CBB190F8BE
:1004D000302001260021B24083F8306183F82F617B
:1004E00083F8A520806A03681B689847A06A29469C
:1004F00003681B6898473146A06ABDE8F840FEF7DC
:10050000B3BD026C006D1368616A23EA00031360D7
:1005100039B10A685566D36D13F4F81FFBD0536FD9
:10052000F8BDE36B08208021A66B32680D42A76CF2
:100530004FEA510114BF3A43BA43013832601A6896
:10054000E76C42EA07021A601A68E76C22EA0702BF
:100550001A60EAD1F8BD00BF38B50446806A0D467E
:1005600078B1A16DFEF768FEA5F15A012046C9B227
:10057000FFF7A8FFA06A98B1E16DBDE83840FEF72B
:100580005BBE606A28B104F1640393E80600F5F7E6
:10059000B1FE626C616D136823EA01031360E3E747
:1005A000616C606D0B68626A03430B6022B3D37C9D
:1005B00013B3DD0704D5906A4FF0E021C1F80001C4
:1005C0009C0704D5D06A4FF0E021C1F80401580718
:1005D00004D5106B4FF0E021C1F80801190704D5CC
:1005E000506B4FF0E021C1F80C01DB0604D5926B93
:1005F0004FF0E023C3F8102138BD00BF836A2DE916
:10060000F04104460D469046002B3BD090F8302038
:1006100001260021520083F8306183F82F6183F8AE
:10062000A520806A03681B689847B8F1000F23D0A3
:1006300005EB0807B046A06A013615F8011B0368F0
:10064000B6B21B689847AF4216D0882EF3D101216D
:10065000A06AFEF709FD94F83020A36A0021520039
:10066000012683F8308183F82F8183F8A520A06AC2
:1006700003681B689847DEE7A06A0121BDE8F041E6
:10068000FEF7F2BC026C016D136823EA01031360EC
:10069000B8F1000F0DD0476AA84415F8016B57B1A7
:1006A00039684E66CB6D13F4F81FFBD04B6F454590
:1006B000F3D1BDE8F081E36B4FF0080E4FF0800CF2
:1006C000A16B086816EA0C0FA26C4FEA5C0C14BF11
:1006D00010439043BEF1010E08601868E26C40EAD6
:1006E000020018601868E26C20EA02001860E8D185
:1006F000DDE700BF2DE9F041044686B0C06A1E4622
:100700000F4615469DF83080B4F90A30002800F0F5
:100710006281DA1D48BF03F10E02B4F90830D2102D
:1007200003FB02F2002104F035F9B4F90A00202895
:1007300000F3C180B0F120024FF0010CB94B48BF6B
:10074000A0F11F02B4F90800B0F173014FEA620290
:1007500048BFA0F172012020CDE9010C732049109F
:1007600000902046FFF74CF8A06A84F8317000280A
:1007700000F0C080002D40F02281B4F90A30202B17
:100780000CBF3C253D2584F83050B8F1000F40F0F7
:100790001D81002E00F0DD8094F93700002818DB61
:1007A0000121C0B201F016FB012194F8370001F0DD
:1007B000D5FA012001F054FA002194F8370001F035
:1007C000CDFA0A2001F04CFA012194F8370001F02B
:1007D000C5FAA06A002840F0BC80606A28B104F124
:1007E000640393E80600F5F785FD626C616D13689C
:1007F00023EA0103136004228B492046FFF7FEFE23
:10080000618920460139C9B2FFF75CFE874904229D
:100810002046FFF7F3FE94F931302046012B0CBF40
:1008200010211421FFF74EFE042281492046FFF7D4
:10083000E5FEA3687F4A8F21934284F860100CD0B4
:1008400002F50012934200F0D9807B4A934200F0F7
:10085000FD807A4A934200F0DB800225DA212046AF
:10086000FFF730FE29462046FFF72CFE8121204667
:10087000FFF728FE94F860102046FFF723FED921E9
:100880002046FFF71FFE94F931302046012B0CBFA4
:100890002221F121FFF716FE204606226849FFF7C4
:1008A000ADFEA06A002858D0E16DFEF7C5FC01201E
:1008B00006B0BDE8F08140384FF0010E614B00B248
:1008C0000028B8BF01304210B4F90800B0F152015D
:1008D00048BFA0F151014020CDE9010E522049103E
:1008E00000902046FEF78CFFA06A84F83170002843
:1008F0007FF440AF012194F8350001F06BFA01213B
:1009000094F8360001F066FA4F4D94F9352094F9C9
:1009100036301101606A05EB02126958D268216411
:1009200022651A0105EB0313AA58DB68626463654C
:1009300011680B431360002800F09880B8F1000F95
:1009400040F08E80002E7FF427AFA06A00283FF48D
:1009500044AFA16DFEF770FC4DE7616C606D0B68F4
:10096000626A03430B6032B3D37C23B3DD0704D543
:10097000906A4FF0E021C1F800019C0704D5D06ACD
:100980004FF0E021C1F80401580704D5106B4FF077
:10099000E021C1F80801190704D5506B4FF0E021A0
:1009A000C1F80C01DB0606D5926B4FF0E023012065
:1009B000C3F810217CE7012006B0BDE8F0816DB2DC
:1009C00084F83050B8F1000F3FF4E3AE09F06AFB51
:1009D000002EBAD0E0E6DA1D48BF03F10E02B4F9EA
:1009E0000830D21003FB02F21046059203F046F9DC
:1009F000059AE06200287FF495AE59E794F931300A
:100A00001225012B0CBF9F23CF2384F8603025E7EC
:100A100094F931301225012B0CBF1023CF2384F819
:100A200060301BE7443B0060243D0060283D0060CF
:100A30002C3D00608000200060001000400020007D
:100A4000303D0060843800602814002094F9313073
:100A50000225012B0CBF1023AF2384F86030FDE684
:100A6000F6F76AFC002E3FF470AF95E6012194F88A
:100A7000330001F0AFF9012194F8340001F0AAF934
:100A800094F93330190105EB03126B58D268A36354
:100A900094F93430A2641A0105EB0313AA58D968FB
:100AA000E263E164136823EA01031360002E3FF45C
:100AB0004CAF71E6B0F90A300021DA1D48BF03F1EE
:100AC0000E02B0F90830C06AD21003FB02F203F044
:100AD00061BF00BF2DE9F0410446806A002864D060
:100AE000A16DFEF7A9FB042273492046FFF786FD9E
:100AF000B4F90830402B67D000212046FFF7E2FC14
:100B0000218920460139C9B2FFF7DCFCB4F90A207B
:100B10002789D31D48BF02F10E03DB10D4E90A2553
:100B200017FB03F7BFB2002A59D094F830300126E2
:100B300040215B0082F8306182F82F6182F8A53095
:100B4000A06A03681B68984717B32F44B046A06A91
:100B5000013615F8011B0368B6B21B689847BD4201
:100B600016D0882EF3D10121A06AFEF77DFA94F801
:100B70003020A36A40215200012683F8308183F897
:100B80002F8183F8A520A06A03681B689847DEE7D9
:100B90000121A06AFEF768FAA06A002800F08980A7
:100BA000E16DBDE8F041FEF747BB606A28B104F192
:100BB000640393E80600F5F79DFB626C616D1368B2
:100BC00023EA010313608EE720462021FFF77AFC19
:100BD000218920461F31C9B2FFF774FC96E7226CC9
:100BE000216D1368D4F824E00B43136087B105EB43
:100BF000070C15F8017BBEF1000F3ED0DEF8002097
:100C00005766D36D13F4F81FFBD0536F6545F0D1D1
:100C1000626C616D13680B431360BEF1000F2AD044
:100C20009EF813303BB3DC0705D5DEF828104FF0F3
:100C3000E022C2F80011980705D5DEF82C104FF01D
:100C4000E022C2F80411590705D5DEF830104FF044
:100C5000E022C2F808111A0705D5DEF834104FF06B
:100C6000E022C2F80C11DB0605D5DEF838204FF083
:100C7000E023C3F81021BDE8F081E36B4FF00808D2
:100C80008021A66B32680F42A06C4FEA510114BF5D
:100C900002438243B8F1010832601A68E06C42EA0C
:100CA00000021A601A68E06C22EA00021A60E9D1B8
:100CB000ACE7D4F824E0ABE7383D00604FF0E02328
:100CC0004022C3F808227047F8B5144B144D1C6835
:100CD0006E689CB1237A20466BB123686F681B68ED
:100CE00098476B68E188DB1BC3F38F12B1EB931F4E
:100CF000A28038BFE2806469002CEBD1084B094A1E
:100D00005B6810889B1B084CC3F38F11B0EB931FDB
:100D1000218038BF1180BFF34F8FF8BD083200200B
:100D2000001000E01649002014490020036818470D
:100D30000B680360704700BF0B680360704700BF1B
:100D4000704700BF30B472B6244D254C2A8804F198
:100D5000700104EB82038B423CD204F16F01501C02
:100D6000C91A00EB910002E00132824232D09C4667
:100D700053F8041B0029F7D0B1FA81F04FF000437B
:100D8000C34021EA0301CCF8001001B90132154B30
:100D90002A801A88013291B2198062B6ACEB040C39
:100DA00041F67C73C0EB00644FEAAC0CC0EB8410DE
:100DB00001240CEB8C1C03EBCC1303EB80030A48DF
:100DC0000068C4541844094B1C88944230BC38BF96
:100DD0001980704762B6002030BC70471849002067
:100DE0000C3200201049002004320020124900205B
:100DF000428872B60378012B03D9013B037062B6B7
:100E00007047D14353090B484FF0004201F01F01D6
:100E1000CA4050F823100A430749B1F800C040F80F
:100E200023209C45054A88BF0B801388013B138013
:100E300062B670470C32002018490020104900208B
:100E4000C36813B91DE0DB68E3B1187A9042FAD1A8
:100E500010B4586893F809C0006950F82C4054B198
:100E6000DB682BB1187A9042F3D0DB68002BF9D104
:100E70005DF8044B704740F82C100878013008707A
:100E8000EEE77047704700BF437A8B4206D903698B
:100E9000002253F8210043F82120704700207047BA
:100EA00000220449C0E90022028102740A68086035
:100EB000C26070477C320020037CFBB903680146A6
:100EC000FBB14368EBB1427A5B7A9A421CD230B4F0
:100ED00072B62B4B1C68ECB1E368C3B1486801E003
:100EE000DB68A3B15A688242FAD193F809C04A7A02
:100EF0009445F5D162B6042030BC7047012062B63B
:100F00007047032062B67047022062B6704764697A
:100F1000002CE1D11B4C236843B1994202D10BE074
:100F2000994207D01A46DB68002BF9D1052062B63A
:100F300030BC704702F10C040D68E868E8B1C36882
:100F40001BB908E0DA683AB1134681421846F9D174
:100F500062B60620D0E70346D960CB680020236044
:100F60000123C860AA7A2B721A44AA724A68947A3A
:100F700013721C4494720B74D9E7E960EDE700BF6B
:100F8000083200207C32002010B5047C9DF808E077
:100F90000CB1012010BD027280F809E0C0E9001315
:100FA000BDE81040FFF788BF38B5037C002B36D072
:100FB00043680446427A5B7A9A4238D272B6016834
:100FC000CB68002B2DD0984233D01A46DB689C4268
:100FD0002AD0002BF9D16268607A136953F8200097
:100FE00048B1FFF705FF72B662680025607A1369A1
:100FF000216843F820508B7A013BDBB28B7203B936
:101000000B72937A013BDBB2937203B913720A4BF2
:1010100000201A6820741C60E26062B638BD0120AE
:1010200038BD62B6032038BDE368D360D3E7022041
:1010300038BDC368CB60CEE77C32002010B50446D3
:10104000FFF7B2FF094A136843B19C4202D108E09E
:101050009C4205D01A46DB68002BF9D1204610BD12
:101060000C32E3682046136010BD00BF7C320020C4
:101070000C4B1A789AB90C4A0C4910B4C2F85811A2
:101080000B48D02401224FF0E02180F84640402454
:101090001046C1F808415DF8044B1A7070470020F3
:1010A000704700BF2F490020002800205DCE0000BF
:1010B00000E400E070B472B621B9036813B102799C
:1010C0000F2A45D9294C2188002341FA03F212F056
:1010D000010208D00133102BF7D162B60022037150
:1010E000026070BC70474FF0010C0CFA03FC41EA3F
:1010F0000C01218062B61E4D5FFA83FC1D4940F24F
:10110000824680F804C0EC6F194483F0030344F076
:10111000C0044901EC67A5F59F35174CA5F580750E
:10112000266084F81AC084F81EC084F818C084F8B9
:101130001FC00160C1E90022C1E90222C1E9042205
:10114000C1E906225A5D42F0C0025A5570BC704790
:10115000064C218841FA02F5ED07B5D5054D154439
:10116000B3EB451FB0D162B6BBE700BF22490020F8
:1011700000C00F408074000200800E4003790F2BE6
:1011800011D8094A937672B60849012290F804C032
:101190000B8802FA0CF223EA02030B8062B61022DB
:1011A000002302710360704700800E402249002036
:1011B000EFF3108272B6437F5BB9017F012930B42F
:1011C0000BD0032913D00123437702B962B630BC98
:1011D00070470AB962B670477047124C2168B1B1C6
:1011E000114943610B68086083615861EBE70F4D5B
:1011F0000F492C688CB143610B68836158614FF0D3
:10120000E0234FF080540860C3F8044DDBE7064B41
:1012100020601860C0E90511D5E7C0E905442860E1
:10122000EDE700BFFC32002008330020043300202B
:101230000033002070B5EFF3108272B60C4C2068BA
:1012400080B10C4E00254369236073B19D6102B9E2
:1012500062B6836845779847EFF3108272B62068CC
:101260000028F0D102B962B670BD3360EFE700BF6D
:101270000433002000330020FFF7DCBF0449054A97
:101280004968054B1960136801331360704700BF4C
:10129000001000E0F4480020F0480020704700BF34
:1012A000704700BF704700BF704700BF70B51A4C51
:1012B0001A4D2368AB4202D0194AD16829BBA369F1
:1012C000AB4202D0164AD169C9B9236BAB4202D0F6
:1012D000134AD16A69B9A36CAB4209D0104AD16BE9
:1012E00031B101211B680F48D163BDE87040184738
:1012F00070BD01211B680C48D1629847EBE70121C2
:101300001B680A48D1619847DFE701211B6804F197
:101310000800D1609847D2E7C02A0020380D00208D
:1013200000410840102B0020F82A0020E02A00206D
:1013300038B5064CA4F1600554F8083C2046183C2A
:10134000DB689847AC42F7D138BD00BF102B0020B6
:1013500003682DE9F041044688B01746002B4BD0B6
:1013600000229A600122DA60304D04A8DFF8E080A4
:101370001D4451F8083B2D1102935B6805EB4506AF
:101380009847F60006F1080058F806304044DB683C
:1013900001909847264A04A9DDE90103029248F822
:1013A00006309B689847029B04A8DB68984723682F
:1013B000032220481F609A601F4A23791F4C53550F
:1013C00013785178C0F828428B4228BF0B46917899
:1013D000D2788B4228BF0B46934228BF1346184C45
:1013E0004FF0E0224FF08061012084F87A30C2F89B
:1013F0000C1108B0BDE8F081124AD36E43F440539B
:10140000D3660122104B1A60104A13460260403224
:1014100098680028A8D0103393422360F8D10023A5
:101420001846236008B0BDE8F08100BF00BFF7BFD9
:10143000380D002000280020841E002041D4000028
:1014400000E400E000C00F400040084000410840B8
:10145000C02A002010B4064B0020064C064A1C602F
:101460009C611C639C6405495DF8044B02F008BA5A
:10147000C02A0020380D0020901E0020C5D4000096
:10148000084601F075BF00BF012A70B508BF0A22E7
:101490008AB091B34FF0210E01E05FFA86FE0EF1A3
:1014A000FF36B1FBF2F502FB15145FFA84FC092C40
:1014B0000CF137040CF1300C98BF5FFA8CF40EF18C
:1014C000280C88BFE4B29142EC4429460CF8244C25
:1014D000E3D24BB10EF1FF3E2D225FFA8EFE0EF1EC
:1014E00028036B4403F8242C036801A9CEF12202DF
:1014F0005B68714498470AB070BD30224FF0210EEE
:101500008DF82520E5E700BF2DE9F0410C46D1B16B
:10151000EAB180468E1800250E4F04E001F028FF46
:10152000B44205440CD0D8F8003014F8010B1B6805
:10153000BB42F3D0014640469847B4420544F2D13D
:101540002846BDE8F0810D462846BDE8F0811546E5
:10155000F6E700BF15D600002DE9F0418C688AB08F
:10156000DCB10025884606462F462B46212201A9DC
:10157000404600F0CBF9202C2246336828BF2022B9
:1015800001A930465B68A41A154498470744002C0B
:10159000EBD138460AB0BDE8F081274638460AB09C
:1015A000BDE8F08100B5036883B040F60D2C02223F
:1015B00001A95B68ADF804C0984703B05DF804FB6F
:1015C000054B022888BF034610B41C6818466368A0
:1015D0005DF8044B184700BFB01A00205AB90368E1
:1015E000C9B2074A1B68934200B506D108465DF8A8
:1015F00004EB01F0BDBEFFF747BF5DF804EB1847F1
:1016000015D60000B4EE400B70B5F1EE10FA0546A9
:101610002DED028B86B07CD6B0EEC07B9FED476B84
:10162000B4EE467BF1EE10FA6BDC9FED467BB4EE38
:10163000C70BF1EE10FA5ADC9FED447BB4EEC70BFA
:10164000F1EE10FA53D4B5EEC00B0C46F1EE10FAE1
:101650005BD40023B6EE007B002C5ED04FF0000C74
:101660009FED3C6B0CF1010C27EE067B5FFA8CF2D0
:10167000A242F7D330EE070B0A222846FCEEC07BCD
:10168000B8EE678B17EE901A30EE488BFFF7FCFE32
:101690000F2C4FF02E03B2EE046B064628BF0F242A
:1016A0008DF808300DF1090302AA611E53FA81F189
:1016B00028EE060BFCEEC07BCDED017A9DF80430E0
:1016C00007EE903A3033B8EEE78B02F8013F9142D3
:1016D00030EE488BECD12B68013402A928465B68B8
:1016E000E2B29847304606B0BDEC028B70BD2B6865
:1016F00003221A495B6806B0BDEC028BBDE870405E
:101700001847036803221649F4E7B1EE400B0123A2
:10171000A0E7036803221349ECE730EE070B0A2227
:101720002846FCEEC07B17EE901A06B0BDEC028B8B
:10173000BDE87040FFF7A8BEAFF30080FFFFFFFFDA
:10174000FFFFEF7F000000E0FFFFEF41000000E03F
:10175000FFFFEFC19A9999999999B93F340D0020EB
:10176000300D00202C0D00204D4A2DE9F047A2FB42
:10177000004340F26D1A4B4F5B09DFF83881DFF808
:101780003891A2FB0342C3EB03145209A0EB84007F
:10179000454CC2EB02150870A3EB8503A4FB025471
:1017A00024094B70414B251D04EB4400A2EBC00201
:1017B000A3FB050300208A70EA1A03EB52030246DA
:1017C0009B08C3EBC303ED1ACD705FFA80FE40F2B5
:1017D0006D1C0EF2B27313F0030507FB03F608D17C
:1017E000B8EBB60F4FF4B77C03D3B9EB361F38BF55
:1017F000D446624401309442E7D20EF1460E2C4E9C
:1018000081F806E0A6FB030685B377094FF0640C68
:101810004FF4C870F6090CFB173700FB163640F280
:101820006D10A41A00230122DFF890E020440AE0A2
:1018300013F80E4084420ED80C2AA0EB04000BD003
:1018400001320133D2B2012B5FFA83FCF0D145B9EA
:10185000CFB11D2406E0624601304A710871BDE82F
:10186000F0871C24A04218D3001BE9E76420770905
:10187000F60900FB17374FF4C87000FB16363FB16E
:101880004FF4B770CDE7002E14BF1C241D24E9E7E8
:10189000002EC4D14FF4B770C3E70122DCE700BFCC
:1018A00089888888295C8FC2ABAAAAAA2549922474
:1018B0001F85EB51285C8F020AD7A300580C00202B
:1018C000F8B500260446C0E90066866029B10846DE
:1018D0000D4603F04BFA074608B92046F8BD013023
:1018E00002F0CCF90028F8D0294606702060C4E93F
:1018F000017703F053F92046F8BD00BF10B5044648
:10190000006802F0C3F9204610BD00BFC2B170B537
:10191000B1FA81F60C46760919B185689D4201D865
:101920000E7070BDED1A02F1FF3C0168204665455E
:10193000194428BF65462A4603F0C4F8665570BDB1
:10194000704700BFAC49AD4B88422DE9F047AC4C25
:101950005F699A69D4F80C8000F2FF8003F1437349
:1019600003F5F4530333A3FB0013DB0D03EB8303F5
:1019700003EB830404F2B63440F227639C4228BF91
:101980001C46A04BA4F54874A3FB0434E4089B490F
:1019900008F01F09D1F88030A14543F0C003C1F819
:1019A00080300CD228F01F08A1F5F82148EA04087D
:1019B000C1F80C800B68002BFCDA08F01F0917F047
:1019C000007324D190490D699049A94300F0018129
:1019D00082F480513D464FF4805615F0605F04D08C
:1019E00027F060571F43854B5F6111F4405F07D0BC
:1019F00022F44052814932438A618B6C1A07FCD42D
:101A000047F000777D4A5761936C9B06FCD4804D6C
:101A1000A84200F2E9804FF0010C0146634603FB47
:101A2000011203F1010E0CF10106AA4218D8BEF111
:101A3000080F4FF0010340F08E80BCF1040F00F25C
:101A4000A8800A18AA4200F2BB8006FB00F1B44647
:101A500003F1010E03FB01120CF10106AA42E6D9C3
:101A60000CF1FF318D0287EA81216A4810446A4AED
:101A7000904240F29680DFF8DCA16C226748624E0B
:101A8000B0FBFEF0D6F800E0B0FBFCF0DFF8C8C118
:101A90000EEA0C0CD44509D042F400524FF4805C9D
:101AA000C6F800C032603268002AFCDA534A166970
:101AB00006F007069E4203D01361936CDE03FCD44C
:101AC00011F4E05F09D027F4E05705F4E0554B4AE4
:101AD0002F435761936C9907FCD45149514A0144F3
:101AE000914252D8504BC909A3FB0131090B4B1E3F
:101AF0001B0287EA030212F4407F06D027F44077E6
:101B000003F440733D4A3B4353613C4A536923F01D
:101B100000735361936C9B06FCD4444B4C45A3FB70
:101B200000234FF0FF324FEA9343B0FBF1F1B2FBD9
:101B3000F3F33F4A10603F4A11603F4A136008D2F6
:101B400028F01F082E4A48EA0404D4601368002BCA
:101B5000FCDABDE8F087734661E7384B984201D85C
:101B60000E2414E7364B98423AD9364CA04239D964
:101B7000041B354B240AA3FB0434E40904EB84045E
:101B800004EB840404F2E244F6E64FF440730421CB
:101B9000AFE70CF1FF311F4807238D02104487EA9D
:101BA00081212A4ADFF8B4A0A2FB0020020D2848B8
:101BB000362A38BF362202FB00F042EA0A0A5EE704
:101BC0004FEA8C25002387EA8C214FF0010EB446A2
:101BD0004BE71E4687F0C05511464FF0C053FCE658
:101BE0000F24D4E61224D2E600254FF0010C024661
:101BF00039462B46E64638E7001C4E0E00C00F4023
:101C0000000008401F85EB5100800D4040300080EF
:101C1000FFB19F26808D5B00FF7EF64D00643F4D37
:101C20007FD1F0087F17B42C9F10E50083DE1B43A3
:101C30005C1A0020581A0020EC480020FF0A6B1B99
:101C400000A4781F0046C32323B24C00819F5E1678
:101C5000001BB7006C2000807F30018000200080D6
:101C600000B970472DE9F84F01218146214C224DE2
:101C7000224E54E8003F2A68306844E80013002BE5
:101C8000F7D11F494B684FF47A7BDFF878A01B1A15
:101C900001270BFB02F8DAF80020A3FB02325A45B9
:101CA00094BF9044D84454E8003F2A68306844E820
:101CB0000073002BF7D14B68DAF800C01B1A0BFB3E
:101CC00002F2A3FB0C3CBCF57A7F94BF624402F5A0
:101CD0007A72A2EB0802B2F57A7F06D3B9F1010954
:101CE00008F57A78DFD1BDE8F88F01F0D5FB04491B
:101CF000D9E700BFF8480020F4480020F048002051
:101D0000001000E0EC48002030B40F4B4FF0010C05
:101D10000E4D0F4C53E8002F2868216843E800C29D
:101D2000002AF7D10B4B5B680B4A5B1A4FF47A71B0
:101D3000126801FB00F0A3FB023230BC8A4294BF60
:101D400080184018704700BFF8480020F448002071
:101D5000F0480020001000E0EC480020362816D89B
:101D60000201104B03EB00109B5810B4C2685C6872
:101D7000144205D061B95DF8044BC3F88820704760
:101D8000836851B1084A5DF8044B1A607047704788
:101D90005DF8044BC3F884207047044A5DF8044B97
:101DA0001A6070472814002038F001003830010014
:101DB00036280BD8064B020103EB00109A58C36873
:101DC00092681A4214BF012000207047002070471B
:101DD00028140020362829D8164B0201012903EBCC
:101DE00000109A5810B45368C4680ED004290CD05F
:101DF00023EA040353608368A9B1022917D0032999
:101E00000CBF0D4A0D4A1A6007E0234301295360B5
:101E1000836808D040F638021A60436815225DF8DE
:101E2000044B1A60704738221A60F6E77047044A7C
:101E30001A60F2E728140020383001003800010051
:101E400038F0010008B5F3F723FFF3F7E1FF01F0E5
:101E500023FBFAE7844641EA000313F003036DD144
:101E6000403A41D351F8043B40F8043B51F8043B5D
:101E700040F8043B51F8043B40F8043B51F8043B64
:101E800040F8043B51F8043B40F8043B51F8043B54
:101E900040F8043B51F8043B40F8043B51F8043B44
:101EA00040F8043B51F8043B40F8043B51F8043B34
:101EB00040F8043B51F8043B40F8043B51F8043B24
:101EC00040F8043B51F8043B40F8043B51F8043B14
:101ED00040F8043B51F8043B40F8043B51F8043B04
:101EE00040F8043B403ABDD2303211D351F8043BA4
:101EF00040F8043B51F8043B40F8043B51F8043BE4
:101F000040F8043B51F8043B40F8043B103AEDD252
:101F10000C3205D351F8043B40F8043B043AF9D2A3
:101F2000043208D0D2071CBF11F8013B00F8013B76
:101F300001D30B8803806046704700BF082A13D383
:101F40008B078DD010F003038AD0C3F10403D21A9B
:101F5000DB071CBF11F8013B00F8013B80D331F8CF
:101F6000023B20F8023B7BE7043AD9D3013A11F84F
:101F7000013B00F8013BF9D20B7803704B784370BA
:101F80008B7883706046704701F078BE01F07EBEAA
:101F900001F1FF3C70B56646002400E00134B0FB5F
:101FA000F2F502FB1503092B03F1370E03F13003A1
:101FB0005FFA8EFE98BF5FFA83FE9042284606F8CD
:101FC00001EFEBD2631C0022C818CA547CB16246F0
:101FD0001CF8015F10F8016DA1EB0C0302328CF8C4
:101FE0000060013B521A057023449A42EFDB084619
:101FF00070BD00BF00230F2248F2B82C194610B55F
:102000004FF470444FF4806EA0F88C414FF460445C
:10201000A0F88E210A46A0F89031B0F888319BB222
:1020200043F0F003A0F8883101EB4103013100EBEC
:10203000431304299C80A3F806E05A841A865A8028
:102040005A81A3F80EC05A82DA825A83DA83EBD11E
:10205000B0F888319BB243F00F03A0F88831B0F894
:1020600088319BB243F47063A0F8883110BD00BF83
:10207000374B384A996F384841F47F0170B59967FA
:1020800041F20106D3F8801045F6C05543F226040C
:102090000A43C3F88020FFF7ADFF00F58040FFF74B
:1020A000A9FF00F58040FFF7A5FF00F58040FFF78E
:1020B000A1FF0022A0F503104FF00F0E114600EB18
:1020C00042134FEA421C01329981042A5981A3F834
:1020D0000EE09E82DD8020F80C1019829C81EED1EA
:1020E00000221E484FF00F0E41F20106114645F640
:1020F000C05543F2260400EB42134FEA421C013262
:102100009981042A5981A3F80EE09E82DD8020F88F
:102110000C1019829C81EED1002211480F2641F249
:102120000105114645F6C05443F2260E00EB42135A
:102130004FEA421C01329981042A5981DE819D8235
:10214000DC8020F80C101982A3F80CE0EED170BDF1
:1021500000C00F40000003FC00C03D4000001E40D6
:1021600000401E40074A506A936A19468446506AE6
:10217000936A9942F9D18445F7D1DB0B43EA404099
:10218000704700BF00400D4072B6EFF30583524C1C
:10219000C4F884301EF0040F0CBFEFF30882EFF395
:1021A00009824FF0E0234D4E4D4DD3F8280DD3F862
:1021B0002C1DC4E92201D3F8341DD3F8383DC4E9FD
:1021C00024139369C4F89830D369C4F89C3000F0A4
:1021D000D3F884ED280AFFF7C5FF0B214FF0FF323B
:1021E000C4F8A4000B46C4F880103E49301D5A4084
:1021F000202402F00103013C01FB03F383EA5202B5
:10220000F7D1A84202D073680646EFE7324BC3F815
:10221000A820BFF34F8F4FF0E0233049324AC3F874
:10222000701FC3F8702FBFF34F8FBFF36F8F2F4A0C
:1022300002252F48D36E2F4943F44053D3660560DF
:10224000D3692D4823F07F0343F04003D3610B682B
:1022500083423DD8264D00214FF0E0234FF0FF325E
:1022600029600126C5F808112449C5F80011C5F8F0
:102270000861C3F88021C3F88421C3F88821C3F81A
:102280008C21C3F8902101E000F068F9D5F80C31F9
:10229000002BF9D00134C5F80C614F2CF4D9184B40
:1022A000022018494FF00042C1F840015A63D5F8A6
:1022B0000C313BB9144815490D4A0163D2F80C3171
:1022C000002BFAD04FF0E023114AC3F80C2DFEE7A3
:1022D000FFF738FBBEE700BF00FF272080FF272065
:1022E000A8FF27202083B8EDA0FF272000C00F40C3
:1022F000004008405C1A0020803DCD0B009F240068
:1023000000900D4000002E4000800F40F100AD0B0A
:102310000400FA050A490A6838B108B513180948D3
:10232000834204D810460B6008BD1046704702F087
:102330002FFC0C234FF0FF320360104608BD00BF96
:102340008C1E002000002820002070474FF0FF3036
:10235000704700BF4FF4005300204B60704700BF30
:10236000012070474FF0FF30704700BF30BFFDE7DE
:1023700030BFFDE7FFF708BF124AD2F880305B0795
:10238000FBD5D2F880301048C3F30B230F4990EDF2
:10239000007A07EE903A91ED006AB8EE477A0C4A5F
:1023A000F8EEE77A0B4BD2ED006A77EEC77A93ED41
:1023B000007AB8EE477A67EE867A87EEA60A37EE9D
:1023C000400A704700810D40D4480020DC480020BE
:1023D000E0480020D8480020836BF0B41BB153685C
:1023E00043F40043536072B6446B3CB31A4B226013
:1023F000D3F8B0410C421DD1184E776804E07468E0
:10240000E41BB4F5166F0BD2D3F8404144F480447A
:10241000C3F84041D3F8B851D3F840416404EED535
:102420000D4007D10C4CC0E90225D4F8B0310B4364
:10243000C4F8B031426362B6F0BC7047064DC0E9E3
:102440000224D5F8B0310B43C5F8B03102634263C2
:1024500062B6F0BC704700BF00002E40001000E0E4
:1024600070B5056B9DB106462A46002403E012684C
:102470000134012A0CD0536813F08003F7D0326383
:102480002CB12846B36B2D689847013CF9D170BD3B
:10249000C6E90C33F4E700BF30B4D9B91F4C204B68
:1024A0000021204A01254FF0011099601D60C4E908
:1024B000023180245C60C2F8BC01D2F8B0311A4805
:1024C0002B43C2F8B0310160D2F8B031002BFBD100
:1024D00030BC70470904154B104C012541F08001B8
:1024E0009860104A596000F580511D60D96000F570
:1024F0000051A364196100F5405100F58040596115
:1025000000219861E164D2F8B03143F48033C2F81D
:10251000B031D2F8B031002BFBD1C0E70000002071
:10252000202B002000002E407C380020402B002073
:10253000084901220B7802FA00F023EA0000087033
:1025400030B9054AD2F8483123F08003C2F8483147
:10255000704700BF3E49002000002E402DE9F04F9B
:10256000974C83B0D4F84471FB07C4F8447153D539
:10257000D4F8AC21002A4AD0924EDFF860A2DFF8EE
:102580007492DFF874B2DFF87482C4F8AC21D6E933
:102590000A20D4F8403143F40053C4F84031D4F851
:1025A00040319D04F5D5D4F8403123F40053C4F8EC
:1025B00040314FF00113C4F8B431D4F8B45115F0E0
:1025C0000115FAD193B28446CAF80050B3F5086FEA
:1025D00000F0CF8100F2DB8040F202318B4200F04C
:1025E000E78100F29A80822B00F0CB81B3F5817FE6
:1025F00040F08A8010F0780F83B200F003824FF031
:102600000113C4F8C031D4F8AC21002ABDD16C4A02
:10261000D2F8BC31002B42D17E0616D5684BD3F8D8
:10262000AC21C3F8AC21D3F8BC21C3F8BC21D3F84A
:10263000B041002CFBD14FF0FF32C3F8B421D3F8E6
:10264000843100F02DFD604B1C60FC0103D55F4B15
:102650001B6803B19847B80103D55D4B1B6803B1F4
:102660009847790708D5564BD3F8843113F4007393
:1026700047D0584B01221A70514BD3F848311A06F3
:102680000AD53B0608D5544A13782BB1013BDBB27F
:102690001370002B00F0728203B0BDE8F08F4F4939
:1026A000C2F8BC310868034240F0D181464A146840
:1026B0001C40B1D05FEA144810D0424E4FF00109DF
:1026C00098FAA8F5B5FA85F506EBC51009FA05F5EF
:1026D0004030FFF7C5FE38EA0508F1D1A4B2002C5E
:1026E0009AD0384E4FF0010894FAA4F5B5FA85F562
:1026F00006EBC51008FA05F5FFF7B2FEAC43F3D1BF
:102700008AE7344A1370B7E7802B7FF478AF3448F8
:1027100002210580FFF7C0FE75E7B3F5A06F00F05A
:102720000B81A3F5D063012B3FF669AF2D4B5D689C
:10273000002D3FF464AF1FFA8CFC4FEA124E04E008
:102740001D690C33002D3FF45AAF1A887245F7D13A
:102750005A886245F4D14FEA1E22032A00F0A5816F
:102760001A89000C824228BF0246BEF5007F40F065
:10277000A181184B1C4918781C4B0192002818BFE6
:1027800019461B48FFF766FB194D019AE1E142F239
:1027900021218B427CD033D942F221318B4200F08F
:1027A00081804FF6C0018B427FF429AF10F47F4F38
:1027B00083B27FF424AF43F46E4363F30F0CB5E7A9
:1027C00000002E4000000020803800200849002032
:1027D0000C49002044490020454900207C38002055
:1027E000884800208C180020983D0060FC3D006067
:1027F000E07F2020743800205DCFC6B8C0012E4095
:10280000B3F5106F66D042F221018B427FF4F7AE30
:10281000030C072B7FF4F3AEB24BB349F560D960DC
:10282000B249B360C3F80890C1E9002001221A60E0
:10283000AF4A5A60AF4A1A61D4F8B01141F00101B1
:10284000C4F8B01102F5805102F5005259619A6145
:10285000D4F8B031002BFBD1A74AF3649360012375
:10286000B264136048F2800353604FF00113C4F860
:10287000BC31D4F8B03143F48033C4F8B0314FF4F4
:102880008033CAF80030D4F8B031002BFBD1BAE65F
:1028900080B238B9994BC2F307421968984B196056
:1028A000984B1A70944B00229A60F2640122B36430
:1028B0001A6080225A604FF00113C4F8BC31D4F87A
:1028C000B03143F48033C4F8B031D4F8B031002BC8
:1028D000FBD198E6C2F307428B4B1A708B4BC4F8BE
:1028E000C8318B4BC4F8CC318A4BC4F8D03100F0DE
:1028F000D9FB80222946884802F04CF8874B802279
:10290000C6F8A0B0C6F8E0307B4BF5645A600122EF
:10291000B3649D601A604FF00113C4F8BC31D4F861
:10292000B03143F48033C4F8B031CAF80050D4F861
:10293000B031002BFBD166E66F4B0121F5641960C5
:1029400080219D60B36459604FF00113C4F8BC311D
:10295000D4F8B03143F48033C4F8B031D4F8B03196
:10296000002BFBD1130C5B0643F08073C4F8543189
:1029700049E6654B01216A481B780370FFF78CFD1F
:1029800041E683B210F078007FF439AE03F07F02A5
:1029900058F82210624A1080180600F19E80CB077A
:1029A00001D50123137002215D48FFF775FD2AE66A
:1029B00010F0780F83B27FF422AE03F07F0213F0A1
:1029C000800F58F8223014BF43F4803343F00103E2
:1029D00048F822300022484BF2649A600122B36426
:1029E0001A6080225A604FF00113C4F8BC31D4F849
:1029F000B03143F48033C4F8B031D4F8B031002B97
:102A0000FBD100E603F07F0213F0800F58F822306C
:102A100014BF23F4803323F0010348F8223000224E
:102A2000354BF2649A600122B3641A6080225A60C6
:102A30004FF00113C4F8BC31D4F8B03143F4803303
:102A4000C4F8B031D4F8B031002BFBD1DBE5002065
:102A5000086026490C88486842F221018C427FF4C4
:102A600025AE80B200287FF421AE2E492E4C03C93A
:102A7000A18086284FEA11412060A1717FF416AE33
:102A800072B62A48017841F008010170D2F8481165
:102A90000D0605D480200143C2F84401C2F8481154
:102AA00062B6234A5021117000E6000C2A78824257
:102AB00028BF0246BEF5E06F44D11E4B1E4D18786C
:102AC0001E491F4B0192002818BF19462846FFF7E0
:102AD000C1F907236B70019A3BE0C9033FF561AF71
:102AE00061E700BF402B002074480020E02C00204C
:102AF0008000070074580020202B0020F44800209C
:102B00000449002042490020434900200200CC0033
:102B1000C80002000200C800800000201993D5748C
:102B20008848002074380020FC4800203E490020DE
:102B30004549002044490020E07F2020FC3D006002
:102B4000983D00602946104D01922846FFF782F912
:102B5000019A25F01F031544BFF34F8F4FF0E0217A
:102B6000C1F8703F20339D42FAD8BFF34F8FBFF3B7
:102B70006F8F05481146FFF78FFC44E50320FFF7F0
:102B8000D7FC07F08BFA00BFE07F20202DE9F0474B
:102B90001F46831E022B01D9BDE8F087DFF84C9059
:102BA00015460C463C2209EBC01806464FEAC01AEF
:102BB000002108F10400240401F0ECFEB5FA85F2CE
:102BC0000123520944EA427449F80A40C8F83870AF
:102BD000C8F80830002FDFD0034AB34011680B4318
:102BE0001360BDE8F08700BF80380020000000209F
:102BF0002DE9F0470D46811E022901D9BDE8F08775
:102C0000C701DFF84C909246044640373C22002131
:102C10001E4609EB07082D0408F1040001F0BAFE76
:102C2000BAFA8AF2520945EA427249F807200122AB
:102C3000C8F83860C8F80820002EDFD0034B1034E5
:102C40001968A2400A431A60BDE8F0878038002066
:102C50000000002012048160C36101F5405342F07E
:102C6000800210B40124426001F50052046001F5B5
:102C7000805401F58041C46081615DF8044BC0E976
:102C800004237047831E0A46022B00D97047064B67
:102C900000F110014FF0010C03EBC0100CFA01F130
:102CA0004030FFF799BB00BF00000020831E0A469A
:102CB000022B00D970470121024B814003EBC01069
:102CC000FFF78ABB0000002040687047124A134B90
:102CD000D2F8200220F07F40984210B584B002D292
:102CE00000EB800040000E4C01A90A22FFF750F9CA
:102CF00001A90023204611F8012B01333AB10A2B18
:102D000020F8022FF7D11623237004B010BD5B000A
:102D1000DBB2237004B010BD00441F4080969800C1
:102D20008C24002000F0DCBA00F0ACBA00F010BB3C
:102D300000F0CABA00F066BB00F03CBB0846114682
:102D400000F02CBBF8B5144C4FF0E025134E4FF4B7
:102D5000003204EB4024124F06EB40160346C5F840
:102D60008C2121463A883046FFF774FF3B88234484
:102D7000BFF34F8FC5F85C4F2034A342FAD8BFF39E
:102D80004F8FBFF36F8F03203146FFF78FFF4FF454
:102D90000033C5F80C31F8BD60802020602B002086
:102DA00024490020244B2DE9F0411C884368C56963
:102DB000C3F30E43E41A002C24DD204920480A788E
:102DC0000078D3B21F4E82421F4807D010F803800C
:102DD00036F81870C7F50072944218D901330022F2
:102DE00026F81540082B194E88BF134626F81520E3
:102DF00098BFDAB2C554164B0A701A6814441C60A6
:102E0000BDE8F0812846BDE8F041FFF79BBF07EB26
:102E10004820104922462744084401EB4521FFF78A
:102E200019F80B4A284626F8187013682344BDE8A1
:102E3000F0411360FFF786BF244900203B49002082
:102E40003C490020A8480020C8480020B84800207D
:102E5000A4480020608020201D4B1A78002A36D11B
:102E600002F0FF031B4A12788AB32DE9F0411A4D94
:102E70002A8852B3194EC2F50068194F3278194C9E
:102E800007EB421704EBC224424638462146FFF7BF
:102E9000E1FE04EB0802BFF34F8F4FF0E023C3F8CD
:102EA000704F2034A242FAD8BFF34F8FBFF36F8F19
:102EB00004203946FFF7E6FE33780133DBB2032BFB
:102EC00088BF0023337000232B80BDE8F08170475A
:102ED0004149002043490020264900204049002064
:102EE000602C0020609020202DE9F04F85B0CDE9C6
:102EF0000110002900F0BF800023604CDFF89881AA
:102F0000DFF898A15E4F009301235E4A23705E4B69
:102F10001978B8F8003002EB4119002B40F0A78077
:102F20001E461D469B464846FFF7CEFE10F0800029
:102F300000F08C80BFF34F8F9AF8003084F800B017
:102F400005B93E68002B7DD13B689B1B782B00F2B6
:102F500087804E4B1B78002B74D000F09DFA012225
:102F6000B8F8003015462270002BDCD0464AC3F575
:102F7000006011781A4600EBC120454DC902284473
:102F8000019D954217D20393DDE901512A46FEF7D0
:102F900061FF039B4FF040425B1BA8F800303D4BA4
:102FA000C3F88420BFF34F8F009800232844237078
:102FB00005B0BDE8F08F364BCD180299FEF74AFFF9
:102FC00000234FF4006229464846FFF743FEBFF353
:102FD0004F8F05F1200205F50063934234BF0123B2
:102FE00040234FF0E02205EB4313C2F8705F203519
:102FF000AB42FAD1BFF34F8FBFF36F8F0420494626
:10300000FFF740FE204A13780133DBB2032B84BF65
:1030100000231D4A1370B8F80030019AD11A009AA3
:103020001A4401910092029A1A4400230292194A0A
:10303000A8F80030C2F88430BFF34F8F2370002906
:103040007FF462AF009805B0BDE8F08F4FF40062E6
:103050000D4B8AF8000019781346A8F800208AE77B
:10306000012300988AF8003005B0BDE8F08F1A46B9
:10307000C3F500607FE70198E5E700BF4149002004
:10308000F4480020602C00204049002043490020E3
:103090006090202000002E40264900203F4900205B
:1030A000704700BF2D4B002180222D4870B51B7842
:1030B00000242C4D8B422C4E0CBF40234FF4007348
:1030C0002B80338001F066FC284A2146284B14707F
:1030D0004FF4807227481C8001F05CFC264A1021C6
:1030E000264B0220C2E90044C2E90244244AC3E953
:1030F00000441470234AC3E90244234B1C70234646
:1031000014602246FFF774FD2246318803201F4BCE
:10311000FFF73CFD2346012229880420FFF768FDC4
:1031200020460134FFF70EFE082CF9D1184B002180
:103130004A221848184C0460C3F88410C3F8802051
:10314000D3F84821154942F08072C3F8482121B1D3
:10315000134A137843F00103137070BD44490020F3
:10316000602C0020284900202449002040490020EC
:1031700026490020602B0020A8480020B8480020E5
:103180003B490020A44800203C49002039EF0000C2
:1031900000002E4008490020EDEF00000000000074
:1031A000464900202DE9F04F4FF0E0234FF4003264
:1031B000DFF8C8A083B0C3F88C218B469AF8004092
:1031C00000294FD08046E4B20027DFF8B490264BA8
:1031D000ABEB070225491B78A34204F101043FD061
:1031E000092C234B404628BF00241E5D39F816C029
:1031F0000CEB462319441F4B33F81650A5EB0C0576
:10320000AA421CD20CEB462C18491B4C614401927B
:10321000FEF720FE216839F816505846019AA1EBB6
:103220000B012A44394429F8162021604FF0E0238D
:103230004FF40032C3F80C2103B0BDE8F08F2A46EA
:103240002F44FEF707FE0C49E3B230460A68A84453
:10325000521B0A608AF80030FFF774FDBB45B6D8F0
:103260003846E3E70846E1E73B490020608020203C
:10327000C8480020A8480020A44800203C4900205D
:10328000B84800200B4B0C4A12781978D3B28A4206
:103290000DD0013309480A4A092B0A4928BF0023E7
:1032A000C35C31F8131002EB4323585C70474FF0B6
:1032B000FF3070473B4900203C490020C8480020AF
:1032C00060802020B8480020044B10B51C680CB169
:1032D000204610BD00F0E0F8204610BDA4480020B4
:1032E0002DE9F84F144E154D33782A78934221D0AA
:1032F000DCB2DFF85090DFF850B0DFF85080104FAC
:103300000134082C5FFA84FA01D90024A24619F886
:103310000400DBF8003038F8102037F81010521A8B
:103320009B1ACBF80030FFF70DFD86F800A02B7834
:10333000A342E5D1BDE8F88F3C4900203B4900207D
:10334000B8480020C8480020A4480020A848002011
:1033500000B583B001210DF10700FFF723FF20B175
:103360009DF8070003B05DF804FB4FF0FF30F9E76C
:10337000094B00B583B01B788DF807003BB10121E4
:103380000DF10700FFF7B0FD03B05DF804FB03F09B
:10339000FF0003B05DF804FB43490020044B1B7899
:1033A00003F0FF020BB1FFF79FBD1046704700BF4F
:1033B000434900202DE9F0410024DFF84480012337
:1033C0000D4D27460D4E88F80030337828462035BD
:1033D000A34204F1010405D0FFF776FC030658BFB1
:1033E00007F50067042CF0D1BFF34F8F0023384658
:1033F00088F80030BDE8F081602C002040490020B2
:10340000414900202DE9F8431D4B1B7813B11D4D98
:103410002A880AB9BDE8F8831B4EC2F500691B492A
:1034200033784A461A4C01EB43181A4F04EBC32475
:10343000012340463B7021460023FFF70BFC04EBC1
:103440000902BFF34F8F4FF0E023C3F8704F2034D1
:10345000A242FAD8BFF34F8FBFF36F8F04204146CB
:10346000FFF710FC33780133DBB2032B88BF002356
:10347000337000232B80BFF34F8F3B70BDE8F88380
:10348000434900202649002040490020602C0020AC
:1034900060902020414900202DE9F8432D4B1E78F3
:1034A00066B12D4F3B784BB90123F1073B7043D4F4
:1034B000B20726D400233B70730701D4BDE8F8831C
:1034C000264B1A68002AF9D0EFF30582002AF5D1BD
:1034D000EFF3108572B61868002834D0204C21789C
:1034E000002930D10122227042691A60002A2ED0B0
:1034F000916105B962B600258368457798472570C4
:10350000DCE7DFF8648098F80030002BD2D000258B
:10351000DFF858902B4659F82340013523682046A0
:103520001B69984710B163699B68984798F8002019
:10353000EBB29A42EFD8BDE7FFF7C6FE0028B7D03E
:10354000AFF30080B4E7002DB8D162B6B6E7054B03
:103550001A60CEE74649002035490020FC320020A1
:1035600033490020083300203449002084330020F0
:1035700008B5D0E900325BB1BAB10F4BA3FB02131F
:10358000DB0803EB4303B2EB83030AD1012008BD40
:10359000094BA3FB0213DB0803EB4303B2EB8303EA
:1035A00001D0D21A4260F02AF0D801F0F1FA1C22C0
:1035B000034600201A6008BDABAAAAAA70B504464B
:1035C00038B319B1B2FA82F67609A2B9206800B30D
:1035D0006268F2B1184B194902FB03F3B1EBB30F68
:1035E00017D3A368E3B90022012322606260A260BE
:1035F000E260184670BD1D46049BC0E90012C3601E
:10360000FFF7B6FF03460028F3D06DB90123184633
:1036100070BD01F0BDFA162200230260184670BD8D
:10362000002101F0B7F9DEE7626831462068A56045
:1036300001F0B0F90123DCE7ABAAAAAA555555154C
:103640000000000030B510EE104AC4F30A53B3F581
:103650007D7FB7EEC06A83B01BD226EE065BB3F562
:10366000667F6ED326EE052B25EE021B734B93ED82
:103670001A3B93ED187B93ED164BA5EE037BA2EE60
:10368000046BB0EE460BA7EE010BB7EEC00B03B018
:1036900030BD40F22E4293425ED8684991ED087BDE
:1036A00026EE077BFDEEC77B91ED0A5B17EE903AA5
:1036B00003F500031B1613F0020F07EE903A01F119
:1036C000700208BF0A46D807B8EEE77BA7EE456B45
:1036D00026EE067B1BD403F0030301EBC30192ED3E
:1036E0001A4B91ED002B92ED185B26EE026B92EDDA
:1036F000163BA7EE045B26EE074B27EE047BA4EEF9
:10370000036BA5EE076BB7EEC60B03B030BD92EDB1
:10371000142B27EE075B92ED126B92ED0E3BA7EE9A
:10372000026B92ED0C0B92ED104BA7EE030B27EE04
:10373000057BA5EE040BA6EE070BB7EEC00B03B09E
:1037400030BD220D12F4FF6FDFD1B7EEC55B00EE86
:10375000104A8DED015AD8E7B3F5FF6F4BD2384BC5
:10376000C4F3836203EB820053F822200569C4F39B
:103770001603C4F3C25143F400038B40016A03FBF8
:1037800002F2A3FB0110E3FB050202F100518D0FD1
:1037900001F04041511A00F007FA2A4B9FED257BBA
:1037A00005EBD47441EC160B14F0020FA3F1700278
:1037B00008BF1346E90726EE077B27EE076B1FD4E9
:1037C00004F0030402EBC40293ED1A4B92ED002BBC
:1037D00093ED185B27EE027B93ED163BA6EE045BA0
:1037E00027EE064B26EE046BA4EE037BA5EE067BCC
:1037F000B7EEC70B89E703B0BDE8304000F030B842
:1038000093ED142B26EE065B93ED127B93ED0E3BAE
:10381000A6EE027B93ED0C0B93ED104BA6EE030B83
:1038200026EE056BA5EE040BA7EE060BB7EEC00B5C
:103830006BE700BF182D4454FB21193C7003002096
:103840007C110020E003002010B582B08DED010A4C
:10385000044601F09DF99DED010A046002B010BD1F
:1038600070EE407AB4EE400A87EEA77AF1EE10FAD5
:10387000B0EE470A02D62120FFF7E6BF704700BF2F
:1038800003460846194601F055B900BF81F00041D2
:1038900002E000BF83F0004330B54FEA41044FEA35
:1038A000430594EA050F08BF90EA020F1FBF54EAD0
:1038B000000C55EA020C7FEA645C7FEA655C00F06C
:1038C000E2804FEA5454D4EB5555B8BF6D420CDD3D
:1038D0002C4480EA020281EA030382EA000083EAC0
:1038E000010180EA020281EA0303362D88BF30BD60
:1038F00011F0004F4FEA01314FF4801C4CEA1131B6
:1039000002D0404261EB410113F0004F4FEA033314
:103910004CEA133302D0524263EB430394EA050F9F
:1039200000F0A780A4F10104D5F1200E0DDB02FA0E
:103930000EFC22FA05F2801841F1000103FA0EF2A2
:10394000801843FA05F359410EE0A5F120050EF168
:10395000200E012A03FA0EFC28BF4CF0020C43FA99
:1039600005F3C01851EBE37101F0004507D54FF0A6
:10397000000EDCF1000C7EEB00006EEB0101B1F5F6
:10398000801F1BD3B1F5001F0CD349085FEA30003C
:103990004FEA3C0C04F101044FEA445212F5800F47
:1039A00080F09A80BCF1004F08BF5FEA500C50F1E4
:1039B000000041EB045141EA050130BD5FEA4C0CC7
:1039C000404141EB0101013C28BFB1F5801FE9D224
:1039D00091F0000F04BF01460020B1FA81F308BF47
:1039E0002033A3F10B03B3F120020CDA0C3208DD13
:1039F00002F1140CC2F10C0201FA0CF021FA02F1EE
:103A00000CE002F11402D8BFC2F1200C01FA02F15D
:103A100020FA0CFCDCBF41EA0C019040E41AA2BF82
:103A200001EB0451294330BD6FEA04041F3C1CDA4A
:103A30000C340EDC04F11404C4F1200220FA04F06A
:103A400001FA02F340EA030021FA04F345EA030114
:103A500030BDC4F10C04C4F1200220FA02F001FAD6
:103A600004F340EA0300294630BD21FA04F0294658
:103A700030BD94F0000F83F4801306BF81F48011F1
:103A80000134013D4EE77FEA645C18BF7FEA655C64
:103A900029D094EA050F08BF90EA020F05D054EA36
:103AA000000C04BF1946104630BD91EA030F1EBF3B
:103AB0000021002030BD5FEA545C05D1400049413F
:103AC00028BF41F0004130BD14F580043CBF01F532
:103AD000801130BD01F0004545F0FE4141F4700118
:103AE0004FF0000030BD7FEA645C1ABF19461046F3
:103AF0007FEA655C1CBF0B46024650EA013406BFF4
:103B000052EA033591EA030F41F4002130BD00BFB2
:103B100090F0000F04BF0021704730B54FF480646F
:103B200004F132044FF000054FF0000150E700BFF0
:103B300090F0000F04BF0021704730B54FF480644F
:103B400004F1320410F0004548BF40424FF000013C
:103B50003EE700BF42004FEAE2014FEA31014FEA7F
:103B600002701FBF12F07F4393F07F4F81F06051CE
:103B7000704732F07F4208BF704793F07F4F04BF19
:103B800041F40021704730B54FF4607401F00045F6
:103B900021F000411CE700BF50EA010208BF704756
:103BA00030B54FF000050AE050EA010208BF704747
:103BB00030B511F0004502D5404261EB41014FF4B0
:103BC000806404F132045FEA915C3FF4D8AE4FF0B8
:103BD00003025FEADC0C18BF03325FEADC0C18BF9B
:103BE000033202EBDC02C2F1200300FA03FC20FAEC
:103BF00002F001FA03FE40EA0E0021FA02F1144439
:103C0000BDE600BF38B5A1FB02148CBB00F046F83E
:103C10000546E0B150F8042C22F00302043A242AAD
:103C200017D8132A1AD91B2AC0E900441DD9242AFF
:103C300014BF00F1100200F118024FF00003C0E9B8
:103C4000024404BF04614461C2E900339360284622
:103C500038BD214600F09EFE284638BD02460023AE
:103C6000C2E900339360284638BD00F10802F6E748
:103C700000F08EFF0C2300250360E8E7024B0146AD
:103C8000186800F00BB800BF1C240020024B01464E
:103C9000186801F06DB900BF1C2400202DE9F04F19
:103CA00001F10B06162E83B0044624D8102900F229
:103CB000BA8000F0A3FA102618220220B54F3A4429
:103CC000A2F1080153688B4200F0BA805A68D968A3
:103CD00022F003021A449D68E9608D60516841F04A
:103CE00001012046516003F1080500F08DFA2846D5
:103CF00003B0BDE8F08F36F0070600F19480B142C2
:103D000000F2918000F07AFAB6F5FC7FC0F09A815B
:103D1000730A00F08F80042B00F26F81B30903F166
:103D2000390003F1380CC3009A4F3B44A3F1080556
:103D30005B689D4206D10CE0002980F22781DB6898
:103D40009D4206D05A6822F00302911B0F29F3DD31
:103D500060463D69DFF850C265457CD06A6822F054
:103D60000302931B0F2B00F37B81002BC7E904CCCC
:103D700080F26C81B2F5007F80F01A81D3087968F7
:103D800001334FEA521E012202FA0EF20A4357F89B
:103D900033E0C5F808E007EBC3010839E9607A6051
:103DA00047F83350CEF80C508310012199409142CE
:103DB00057D8114206D120F003004900114200F10A
:103DC0000400FAD007EBC0094D468646D5F80C80B2
:103DD000454508D11DE1002B80F22481D8F80C80E4
:103DE000454500F01681D8F8042022F00302931B09
:103DF0000F2BF0DD2046D8E9025408EB060146F00F
:103E00000106C8F80460EC60A56043F00104C7E94E
:103E10000411C1E902CC4C6048F8023000F0F4F91A
:103E200008F1080502E00C2323600025284603B0B2
:103E3000BDE8F08F4FF4007340204FF03F0C73E764
:103E4000D3689A4208BF02307FF440AF3D69DFF883
:103E500058C1654582D17A68831001219940914209
:103E6000A7D9BD686B6823F003094E4503D8A9EBB9
:103E700006030F2B7ADCDFF834B1474BDBF8002068
:103E80001B680132334405EB090A00F0338103F566
:103E900080530F3323F47F6828F00F0841462046F3
:103EA00000F04EFE411C024600F0F380824500F215
:103EB000EE803A4B196841441960084600F04E8183
:103EC000DBF80010019301311BBFA2EB0A010918B6
:103ED000CBF80020196012F0070B00F01781CBF12E
:103EE00008010A44CBF5805190440831A1EB080148
:103EF000C1F30B0A51462046009200F021FE421CFD
:103F0000DDE9002300F04F81801A00EB0A081968F0
:103F1000BA6048F001005144BD425060196000F0A1
:103F20002981B9F10F0F40F227816868A9F10C0CC3
:103F30002CF0070C00F0010040EA0C0068604FF024
:103F4000050E05EB0C00BCF10F0FC0E901EE00F20D
:103F5000328150681546124B1A688A4238BF196080
:103F6000104B1A688A4238BF196094E0AA1943F0CE
:103F7000010346F001066E602046BA60536000F00F
:103F800043F90835284603B0BDE8F08FD9681A44D4
:103F9000A1E600BF00200020843600205436002017
:103FA0007C360020803600200820002008240020D5
:103FB000B2F5206F4FEA522363D3142B00F2B7807F
:103FC00003F15C01C9005B3307EB010E7958AEF1D8
:103FD000080E8E4500F091804B6823F00303934256
:103FE00002D989688E45F7D1D1F80CE07A68C5E925
:103FF000021ECEF80850CD60D6E6142B59D9542BAA
:1040000000F29D80330B03F16F0003F16E0CC300CF
:104010008AE60EF1010E1EF0030F05F108057FF48C
:10402000D5AE51E0424445465368D8F80C1043F0F1
:104030000103536055F8083F2046D9608B6000F0BB
:10404000E3F8F3E6F00806F1080237E62A442046D2
:10405000536843F001035360083500F0D5F8E5E6F6
:10406000A919204646F0010643F001046E60C7E935
:104070000411C1E902CC4C60AB5000F0C5F8083522
:10408000D4E6930903F13901C90038339CE7BD42F6
:104090005FD0BD68686820F003084645A8EB0603BA
:1040A00002D80F2B3FF762AF204600F0ADF8002595
:1040B000BCE603F15C0003F15B0CC30034E659F885
:1040C00008394B4540F0968010F0030F00F1FF30A7
:1040D000F5D17B6823EA01037B60490099423FF6F2
:1040E000C0AE19B9BDE649000EF1040E1942FAD06E
:1040F000704667E603F11008D0E69A104FF0010809
:104100007B6808FA02F21A437A6070E702EB080152
:104110004942C1F30B0A51462046009200F010FDBF
:10412000431CDDE900237FF4EFAEDA46EFE6542BC3
:1041300025D8130B03F16F01C9006E3344E7B3F5C3
:10414000AA7F25D8F30B03F1780003F1770CC300A5
:10415000EAE5294B186840441860B1E6CAF30B0C35
:10416000BCF1000F7FF4ACAEBD68C84448F001005C
:104170006860F0E61546EEE60123536094E7B3F578
:10418000AA7F23D8D30B03F17801C90077331BE74B
:1041900040F25452934223D8B30C03F17D0003F153
:1041A0007C0CC300C0E5ABF1080BD844A8EB0208B7
:1041B0004FF0000AABE605F108012046009300F03D
:1041C000D7FEBD68009B68681968C4E640F2545188
:1041D0008B420BD8930C03F17D01C9007C33F3E6CD
:1041E0004FF47E737F204FF07E0C9DE54FF47E717F
:1041F0007E23E9E67B6870E754360020014800F032
:1042000053BD00BF4C360020014800F04FBD00BF39
:104210004C3600202DE9F84F1746002900F0988011
:104220000C4607F10B058046FFF7E8FF162D54F802
:10423000041C5BD810252A46AF425CD821F0030647
:104240009642A4F1080962DABC4BD3F808C009EB26
:104250000600844500F09780D0F804C02CF00103DC
:1042600003445B68DB0768D42CF0030C06EB0C03FB
:10427000934247DACB0710D454F8083CA9EB030A61
:10428000DAF8043023F003018C44B444944580F2FE
:1042900011817318934280F2E88039464046FFF757
:1042A000FDFC0746E0B154F8043C23F001034B4405
:1042B000A0F10802934200F0D280321F242A00F2BB
:1042C000F580132A00F2AC8003462246116819607B
:1042D0005168596092689A602146404600F048FE55
:1042E0004046FFF791FF3846BDE8F88F25F00705F7
:1042F000002D2A46A0DA0C23C8F8003000273846E3
:10430000BDE8F88F1E46D0E90223D3609A60731B84
:104310000F2B22D8D9F8043003F0010333434E4465
:10432000C9F80430736843F00103736040462746C0
:10433000FFF76AFF3846BDE8F88FC907ADD454F8D7
:10434000083CA9EB030ADAF8041021F00301A0E706
:10435000BDE8F84F1146FFF7A1BCD9F8042009EBDE
:10436000050102F001024E4443F001032A43C9F85B
:1043700004204B60736843F00103083173604046CA
:1043800000F0F6FDD2E7DCF8040020F0030B06EBAA
:104390000B0C05F1100084454DDAC9073FF57DAFE0
:1043A00054F8081CA9EB010ADAF8041021F0030103
:1043B0008B44B34458453FF76CAF5746DAF80C10BE
:1043C00057F8080F321F242AC160886000F2DB8092
:1043D000132A40F2D6802168CAF808106168CAF82A
:1043E0000C101B2A00F2DF8008340AF11002216849
:1043F000116061685160A16891600AEB0501ABEB47
:10440000050242F0010299604A60DAF8043003F0D4
:1044100001032B434046CAF80430FFF7F5FE6EE770
:1044200023680360636843601B2A68D804F10802AC
:1044300000F108034AE709EB05029A60ACEB0503BB
:1044400043F00103536054F8043C03F001032B4391
:10445000404644F8043CFFF7D7FE27464FE750F8A4
:10446000043C23F003031E4451E75746DAF80C10CE
:1044700057F8080F321F242AC16088604CD8132ACD
:1044800048D92168CAF808106168CAF80C101B2ABC
:1044900056D808340AF110021E4623681360636878
:1044A0005360A3689360D1463C4630E7214600F054
:1044B000F5F911E7D0E902135746CB60996057F838
:1044C000081FDAF80C30CB60321F242A99602DD8EF
:1044D000132A29D92368CAF808306368CAF80C304F
:1044E0001B2A42D808340AF1100322681A60626855
:1044F0005A60A2689A606646D1463C4607E7A368C0
:104500008360E368C360242A26D004F1100200F11E
:104510001003DBE63A46BFE7214638461E46D14641
:1045200000F0BCF93C46F2E63B46DEE72146384661
:104530006646D14600F0B2F93C46E8E6002000208D
:10454000A168CAF81010E168CAF81410242A20D013
:1045500010340AF118029FE7236903616169416120
:1045600004F1180200F11803B0E6A368CAF810308D
:10457000E368CAF81430242A21D010340AF1180351
:10458000B3E73A4633E72146384600F087F9164B41
:1045900033E72269CAF818206269CAF81C20183467
:1045A0000AF1200278E7A168CAF81010E168CAF899
:1045B0001410242A0DD010340AF1180217E72369C9
:1045C000CAF818306369CAF81C3018340AF120039D
:1045D0008BE72269CAF818206269CAF81C201834CF
:1045E0000AF1200203E700BF002000200CB410B540
:1045F0001F4B00291C689CB035DB4FF40273ADF8EB
:104600001430029006901FAB18D001394FF6FF729C
:1046100004910791ADF8162002A91E9A0193204635
:1046200000F0C4FD421C01DA8B232360029B0022B0
:104630001A701CB0BDE8104002B070474FF6FF7210
:1046400004910791ADF8162002A91E9A0193204605
:1046500000F0ACFD431C01DA8B2323601CB0BDE8E5
:10466000104002B070478B2323604FF0FF30F5E716
:104670001C240020024A0349034800F0BBB800BFD5
:1046800010240020FD350100381900200C4B416832
:10469000994210B5044601D002F0E6FEA168094B2C
:1046A000994202D0204602F0DFFEE168064B9942B3
:1046B00004D02046BDE8104002F0D6BE10BD00BFB9
:1046C00088360020F0360020583700202DE9F843C6
:1046D0002A4C2B4B2B48DFF8C090DFF8C0802A4FC4
:1046E0001860002504230822294604F15C00274EA7
:1046F0006566C4E90253C4E90055C4E90455A561DF
:1047000000F048F9224B63670822294604F1C400EF
:10471000C4E90749C4E90987C4E91A55C4E91E5523
:10472000C4F8CC502567C4F88050E66200F032F936
:10473000184BC4F8DC30294604F16803082204F55C
:104740009670C4F88430C4E92298C4E92476C4E998
:104750003455C4E93855C4F83451C4F8D850C4F8B5
:10476000E85000F017F904F1D003C4E93C98C4E91B
:104770003E76C4F8EC30BDE8F88300BF88360020F0
:10478000C037002009080100AD380100CD38010014
:104790000900010012000200493801006D380100D3
:1047A00010B504460A4800F07FFA636B23B9094B41
:1047B000094A1B68626323B1BDE81040044800F059
:1047C00075BAFFF783FFBDE81040014800F06EBAEC
:1047D00050360020C037002021080100014800F0B9
:1047E00063BA00BF50360020014800F05FBA00BF36
:1047F000503600202DE9F84380460F4616464FF00C
:104800000009D6E90154013D11D4A389012B05F11A
:10481000FF3508D9B4F90E300133214603D04046A4
:10482000B84749EA00096B1C04F16804EDD1366809
:10483000002EE6D14846BDE8F88300BF032A70B5D4
:1048400014D940EA01039B0722D104460B461946BE
:1048500020460E680568B54204F1040403F1040320
:1048600016D1043A032A20461946F0D8541E9AB1AC
:10487000421E013901E0C3180CD012F801EF11F803
:1048800001CFE645A4EB0203F5D0AEEB0C0070BD02
:10489000541EEDE7184670BD104670BD88420DD914
:1048A0008B1883420AD900EB020CBAB1624613F8A6
:1048B00001CD02F801CD9942F9D170470F2A0ED8E7
:1048C000034602F1FF3C4AB10CF1010C013B8C4460
:1048D00011F8012B03F8012F6145F9D1704740EA27
:1048E00001039B0750D1A2F1100370B501F1200C18
:1048F00023F00F0501F1100E00F11004AC441B0968
:104900005EF8105C44F8105C5EF80C5C44F80C5CDB
:104910005EF8085C44F8085C5EF8045C44F8045CEB
:104920000EF1100EE64504F11004E9D1013312F046
:104930000C0F01EB031102F00F0400EB031327D05F
:10494000043C24F003064FEA940C1E441C1F8E46C0
:104950005EF8045B44F8045FB442F9D10CF1010441
:1049600002F0030203EB840301EB840102F1FF3C3C
:104970004AB10CF1010C013B8C4411F8012B03F8F6
:10498000012F6145F9D170BD02F1FF3C03469BE761
:104990002246EBE7830730B548D0541E002A3FD0AB
:1049A000CAB2034601E0013C3AD303F8012B9D074C
:1049B000F9D1032C2DD9CDB245EA05250F2C45EAB6
:1049C000054536D9A4F1100222F00F0C03F1200E98
:1049D000E6444FEA121C03F1100242E9045542E991
:1049E000025510327245F8D10CF1010214F00C0F8F
:1049F00003EB021204F00F0C13D0ACF1040323F00C
:104A000003030433134442F8045B9342FBD10CF0DC
:104A100003042CB1C9B21C4403F8011B9C42FBD116
:104A200030BD64461346002CF4D1F9E70346144622
:104A3000BFE71A46A446E0E7002A3ED040EA010359
:104A40009B0730B584462FD1032A2DD90B4608E0A9
:104A5000043A8446194625D01EF0803F22D1032A0D
:104A600022D90468194653F8045BA4F1013EAC4214
:104A700084462EEA040E00F10400E9D09CF8000000
:104A80000C78A0421BD1E64668B11EF8010F11F860
:104A9000014FA2EB0E03A04203F1FF330FD11CEB39
:104AA0000303F1D1002030BD9CF800000C78844253
:104AB00005D1012AF6D0E646E6E710467047001B0E
:104AC00030BD00BF40EA01039B0730B501D1032A86
:104AD0000FD8844601F1FF3E07E01EF8011F03F8DE
:104AE000011B541EC1B19C4622466346002AF4D1E4
:104AF00030BD0B468446194653F8045BA5F10134DA
:104B000024EA050414F0803FE4D1043A032A4CF867
:104B1000045B1946EFD8DDE79444002CE8D003F895
:104B2000011B6345FBD130BD014B93F82801704751
:104B3000941E002013460A460146022000F084B964
:104B400038B5074D0022044608462A60FDF7E2FB0F
:104B5000431C00D038BD2B68002BFBD0236038BD30
:104B60008438002038B50C46084D8446114620464E
:104B70001A4600232B606446FCF722FD431C00D03C
:104B800038BD2B68002BFBD0236038BD8438002053
:104B9000014B1868704700BF1C24002080EA010206
:104BA000844612F0030F4FD111F0030F32D14DF8AC
:104BB000044D11F0040F51F8043B0BD0A3F1013266
:104BC0009A4312F0803F04BF4CF8043B51F8043B79
:104BD00016D100BF51F8044BA3F101329A4312F0F1
:104BE000803FA4F101320BD14CF8043BA24312F0F8
:104BF000803F04BF51F8043B4CF8044BEAD02346F5
:104C00000CF8013B13F0FF0F4FEA3323F8D15DF8A6
:104C1000044B704711F0010F06D011F8012B0CF86E
:104C2000012B002A08BF704711F0020FBFD031F8E6
:104C3000022B12F0FF0F16BF2CF8022B8CF800206D
:104C400012F47F4FB3D1704711F8012B0CF8012BF0
:104C5000002AF9D1704700BF70B50D4E0D4D761B7F
:104C6000B61006D0002455F8043B01349847A642FC
:104C7000F9D1094E094D761B05F018FAB61006D089
:104C8000002455F8043B01349847A642F9D170BD81
:104C9000B0200060B020006028210060B0200060DB
:104CA000704700BF704700BF704700BF704700BF2C
:104CB00000000000000000000000000001F0FF0103
:104CC000102A2BDB10F0070F08D010F8013B013A37
:104CD0008B422DD010F0070F42B3F6D1F0B441EA69
:104CE000012141EA014122F007047FF0000700237F
:104CF000F0E80256083C85EA010586EA010685FAD5
:104D000047F5A3FA87F586FA47F6A5FA87F68EB92E
:104D1000EED1F0BC01F0FF0102F0070232B110F851
:104D2000013B013A83EA010313B1F8D10020704737
:104D300001387047002D06BF35460338073815F097
:104D4000010F07D1013015F4807F02BF013015F447
:104D5000C03F0130F0BC0138704700BF00000000C8
:104D600000000000000000000000000090F800F0CB
:104D70006DE9024520F007016FF0000C10F0070408
:104D800091F820F040F049804FF000046FF00700E8
:104D9000D1E9002391F840F000F1080082FA4CF2CA
:104DA000A4FA8CF283FA4CF3A2FA8CF34BBBD1E950
:104DB000022382FA4CF200F10800A4FA8CF283FA82
:104DC0004CF3A2FA8CF3E3B9D1E9042382FA4CF252
:104DD00000F10800A4FA8CF283FA4CF3A2FA8CF3E7
:104DE0007BB9D1E9062301F1200182FA4CF200F1EE
:104DF0000800A4FA8CF283FA4CF3A2FA8CF3002B8D
:104E0000C6D0002A04BF04301A4612BAB2FA82F29F
:104E1000FDE8024500EBD2007047D1E9002304F021
:104E20000305C4F100004FEAC50514F0040F91F822
:104E300040F00CFA05F562EA05021CBF63EA0503BF
:104E400062464FF00004A9E72DE9F047DFF87CA0A7
:104E50000646DAF8000098460F469146FFF724FF11
:104E6000184B1C6824B365681F2D24DC5EB96B1CCD
:104E70000235DAF80000636044F82570FFF716FF8A
:104E80000020BDE8F08704EB85010123C1F888907C
:104E9000D4F88821AB401A43022EC4F88821C1F807
:104EA0000881E4D1D4F88C211A43C4F88C21DEE7C0
:104EB000054C1C60D7E7DAF80000FFF7F7FE4FF06B
:104EC000FF30DEE7B4340020B8340020881E002014
:104ED000F8B5244F0C460646FFF790F9BB685D68AD
:104EE000C4F57E610F3125F003054B1923F47F6370
:104EF00023F00F03A3F58054B4F5805F07DB002196
:104F00003046FFF71DFEBB682B44984204D0304664
:104F1000FFF77AF90020F8BD61423046FFF710FE36
:104F200001300DD0104ABB682D1B45F001055D60B6
:104F3000136830461B1B1360FFF766F90120F8BDAC
:104F400000213046FFF7FCFDBA68831A0F2BDEDD27
:104F500043F001035360054B03491B68C01A086006
:104F6000D5E700BF00200020543600200824002090
:104F7000002961D0F8B50C460646FFF73FF954F812
:104F8000042C7B4FA4F1080522F0010105EB010C74
:104F9000B868DCF80430604523F0030300F08B8030
:104FA000D207CCF8043032D454F8082CAD1A11448E
:104FB000AA6807F1080082426AD00CEB0304D4F817
:104FC00004E0EC68D4601EF0010FA26000F097804E
:104FD00041F001036B60CCF80010B1F5007F35D2D1
:104FE0007868CB080122490901338A40024357F807
:104FF00033107A6007EBC302083AC5E9021247F89A
:105000003350CD603046BDE8F840FFF7FDB80CEBFB
:1050100003025268D00710D4194407F10800DCF8E5
:105020000830834273D0DCF80C20DA60936041F0E2
:1050300001036B606950D0E7704741F00103B1F59F
:10504000007F44F8043CCCF80010C9D3B1F5206FC0
:105050004FEA512348D28B0903F1390003F138029A
:10506000C300F818FB580838984259D05A6822F003
:1050700003028A4202D99B689842F7D1D868C5E9F1
:1050800002308560DD603046BDE8F840FFF7BCB80F
:105090000CEB03025268D20763D40B44DCE9021222
:1050A000CA60916043F001026A603046EB50BDE88F
:1050B000F840FFF7A9B80B44D10707D454F8082CDF
:1050C000AD1A1344D5E90212CA60916043F001029F
:1050D0006A60284ABD6012689A4293D8264B3046CF
:1050E0001968FFF7F5FE8DE7142B0AD9542B1FD84A
:1050F0000B0B03F16F0003F16E02C300B1E719441B
:105100008DE703F15C0003F15B02C300A9E741F006
:105110000103C7E90455C5E902006B60695071E7F6
:1051200079689210012404FA02F20A437A60A6E731
:10513000B3F5AA7F06D8CB0B03F1780003F1770211
:10514000C3008EE740F25452934206D88B0C03F111
:105150007D0003F17C02C30083E74FF47E737E225F
:105160007FE741F001036B60CCF800104AE700BF15
:10517000002000200C2400208436002082B049B199
:105180005AB16BB113780B601278101E18BF012052
:1051900002B0704701A9002AF3D1104602B070474F
:1051A0006FF00100F4E700BF000000002DE9F04FB0
:1051B0002DED088BD1B00C460BEE101A90460893DB
:1051C000834602F0CBFA036812931846FFF7CEFD30
:1051D00020AF1090082200213846FFF7DBFBA3899F
:1051E0001B0603D52369002B00F0558700239FED94
:1051F000838B9FED849BCDE92533CDE91333CDE936
:10520000153327AA0E932492924611930493444691
:10521000A1467E4BD3F8E450FFF786FC4A4603468E
:105220001CA900975846A847002800F0B080C0F29B
:10523000A6801C9A252A034601D09944E9E7B9EBD8
:105240000405064640F0A78000234FF0FF328DF89A
:1052500067309846069309F1010999F800300392E6
:105260002B25202609F10109A3F120025A2A00F278
:10527000CF80DFE812F0E802CD00CD00E302CD00E0
:10528000CD00CD006A00CD00CD0005028402CD0026
:105290001002C902CD00BD025B005B005B005B0039
:1052A0005B005B005B005B005B00CD00CD00CD00D0
:1052B000CD00CD00CD00CD005301CD0083011A02F9
:1052C000530153015301CD00CD00CD00CD00150297
:1052D000CD00CD009602CD00CD00CD00AB01CD00BC
:1052E000AA02CD00CD00E306CD00CD00CD00CD005B
:1052F000CD00CD00CD00CD005301CD008301DE01F6
:105300005301530153017702DE017F00CD00890272
:10531000CD005F02E0062F027F00CD00AB017C00D4
:10532000B806CD00CD00BD06CD007C00A3F1300253
:10533000002119F8013B01EB810102EB4101A3F1CE
:105340003002092AF5D906918EE7584602F006FA8E
:10535000436815931846FFF709FD1690584602F06A
:10536000FDF983681393169B002B40F02D8699F866
:10537000003077E799F8003048F0200872E70822FB
:1053800000213846FFF706FB0123994441E7B9EBBA
:105390000405064611D0269B2B442693259B0133FA
:1053A000072BCAE9004525931CDC0AF1080A049B77
:1053B0002B440493002E7FF447AF269B002B41F033
:1053C0000B821BEE103AB3F90C3013F0400F049B24
:1053D00018BF4FF0FF330493049851B0BDEC088B15
:1053E000BDE8F08F1BEE101A24AA584603F0A4F96A
:1053F0000028E6D10DF19C0AD9E700BF00000000AB
:1054000000000000FFFFFFFFFFFFEF7F941E002062
:105410000B93002BD1D00021CDE90C118DF8DC309D
:1054200001238DF8671002930791059303910F9163
:1054300037AC18F00203099302D0029B02330293A7
:1054400018F084030A9305D1069B029A9D1A002D39
:1054500000F36983269A89B125990DF1670001311E
:105460000132CAF8000007294FF001002692259169
:10547000CAF8040000F3A2830AF1080A099B83B169
:10548000259B1AA901330232CAF80010072B4FF0EE
:10549000020126922593CAF8041000F3A3830AF1AF
:1054A000080A0A9B802B00F06C82039B05995D1A09
:1054B000002D00F3A58218F4807F40F00D82059B3B
:1054C000CAF804301A44259BCAF800400133072B60
:1054D0002692259300F31B830AF1080A18F0040FA3
:1054E00005D0069B02995C1A002C00F38883049B6C
:1054F000069902988142ACBF5B181B180493002ADE
:1055000040F0B08200232593079B1BB107995846B2
:10551000FFF72EFD0DF19C0A4C4679E60B93089B94
:10552000073323F00703B3EC028BB0EEC87BB4EE75
:10553000497BF1EE10FA089340F3E984B5EEC08B95
:10554000F1EE10FA01F159809DF86710AB4CAC4BAD
:1055500028F080080B9A472AC8BF1C460023CDE9D3
:105560000C33032207930292059203930F930029B1
:105570003FF45FAF029B013302935AE7432B0B9337
:1055800003D018F0100F00F05D85089D082200215F
:1055900022A837ACFFF7FEF922AB55F8042B2146C1
:1055A000584602F01DF903460133059001F0EE82E2
:1055B000059B089523EAE37302930021CDE90C11C2
:1055C0008DF86710079103910F9132E70B93089BB9
:1055D0001A4600238DF86730134653F8044B08939E
:1055E000002C00F048850B9B532B00F0EC8618F044
:1055F00010030C9340F0E786039B5D1C01F0E580EF
:105600000C991A462046FFF759FB0790002801F035
:105610002883079B1A1B05920C9B039322EAE272D4
:105620000F930D93079373239DF8671002920B93CA
:105630009DE718F0200F0B93089B3DD0073323F014
:1056400007031A4611465B6851F8082B0891194662
:10565000002BC0F20C84039B013300F09E8228F0E3
:10566000800052EA0103029040F09982039B002BD4
:1056700040F09A82804600230393059350AC06E1E4
:10568000089B53F8042B0692002A80F21984069A8C
:1056900008935242069299F8003048F00408E1E578
:1056A00099F8003048F00808DCE548F0100818F0D8
:1056B000200F0B93089BC1D118F0100F40F00B8402
:1056C00018F0400F00F0038433F9042B0893D1172E
:1056D0000B46BDE7089B48F00202029253F8042BE8
:1056E000089347F63003ADF868307820454B1193A6
:1056F000002102230B900020039C8DF86700601CA2
:1057000000F0AD80029820F0800852EA010040F0DD
:10571000A480002C40F0AE86002BACD1029B13F08D
:105720000103059300F0D18330238DF83F310DF252
:105730003F14ACE018F0200F40F0D48318F0100FA5
:1057400040F09F8618F0400F40F0978718F4007FD4
:1057500000F09786089B049953F8042B0893117066
:105760004C4655E599F80030682B03BF99F8013095
:1057700048F4007809F1010948F0400872E599F809
:1057800000308DF867506DE599F800306C2B03BF41
:1057900099F8013048F0200809F1010948F0100893
:1057A00060E50B9348F0100818F0200100F05183D9
:1057B000089B073323F00703596853F8082B089315
:1057C00028F480630293002395E70B9348F01003BD
:1057D0000293029B13F0200100F02983089B0733FA
:1057E00023F00703596853F8082B0893012382E735
:1057F00099F8003048F0800834E500BFCC13002051
:10580000300D0020D4130020494611F8013B2A2B0B
:1058100001F04982A3F13002092A894698BF00218C
:1058200001F2448119F8013B01EB810102EB4101D6
:10583000A3F13002092AF5D9039115E599F8003052
:1058400048F001080EE59DF86730002B7FF48FAD1E
:1058500099F800308DF8676004E5CDF80880012BD9
:1058600000F09D81022B50AC20D1119802F00F0363
:105870001209C35C04F8013D42EA0172090952EAC7
:105880000103F3D150AB1B1BDDF808800593059A8B
:1058900003989DF8671082424FF00003B8BF02469C
:1058A000CDE90C33079302920F9360E602F00703F1
:1058B000D20842EA4172C908303352EA0105204653
:1058C00004F8013DF2D1029AD10700F14D8250ABAC
:1058D0001B1B90460593DAE70B9B652B40F3D480A6
:1058E000B5EE408BF1EE10FA40F0C181259BBA492C
:1058F000CAF80010013301320121072B26922593AB
:10590000CAF8041000F351850AF1080A1B9B0E998E
:105910008B4280F2D082109B12991A44CAE900137C
:10592000259B26920133072B259300F397830AF1D9
:10593000080A0E9B5C1E002C7FF7D0AD102C259B17
:1059400040F36E851BEE106A102505E00AF1080A87
:10595000103C102C40F364850133A0491032072B12
:10596000CAE90015CDE92532F0DD24AA31465846B2
:1059700002F0E2FE00287ED1DDE925320DF19C0A1D
:10598000E6E7069B02995D1A002D7FF78EAD102D7C
:10599000259B21DD099410261BEE104A04E0103DE2
:1059A000102D0AF1080A16DD01338C491032072B3D
:1059B000CAE90016CDE92532F1DD24AA2146584670
:1059C0000DF19C0A02F0B8FE002854D1103D102DB4
:1059D000DDE92532E8DC099C8049CAF8045001332E
:1059E0002A44072BCDE92532CAF8001000F326859A
:1059F000039B05995D1A002D0AF1080A7FF75BAD3C
:105A0000102D259B1FDD514610261BEE10AA04E029
:105A1000103D102D01F1080114DD01336F481032E3
:105A2000072BC1E90006CDE92532F1DD24AA514654
:105A3000584602F081FEF0B9103D102DDDE9253207
:105A400027A9EADC8A4601336449CAF804502A448B
:105A5000072BCDE92532CAF8001000F3DA810AF1EC
:105A6000080A28E51BEE101A24AA584602F064FE24
:105A700000283FF447AD079B002B3FF4A2AC0799E9
:105A80005846FFF775FA9CE40E9B012B40F37A8190
:105A9000259BCAF80040013301320121072B2692D1
:105AA0002593CAF8041000F3F8810AF1080A109946
:105AB000129801330A44072BCAE90001CDE92532C7
:105AC00000F3DD810AF1080AB5EE408BF1EE10FA21
:105AD00000F077810E990133013901340A44072B14
:105AE000CAF800402593CAF80410269200F35B819F
:105AF0000AF1080A1499CAF8041001330A44072B62
:105B00001EA9CDE92532CAF800107FF7E5AC1BEEDF
:105B1000101A24AA584602F00FFE0028ABD1269A8C
:105B20000DF19C0ADAE4102DDDE925122C4E24DD5E
:105B3000179410231BEE104A084604E0103D102D68
:105B40000AF1080A17DD013010320728CAE900639C
:105B5000CDE92502F2DD24AA214658460DF19C0A22
:105B600002F0EAFD002886D1103D102DDDE9250266
:105B70004FF01003E7DC179C014601312A44072946
:105B8000CDE92512CAF80060CAF8045000F3BD83BD
:105B90009DF867100AF1080A5DE4CDF808800A2A2A
:105BA00071F1000380F0458330320123DDF8088075
:105BB0008DF83F2105930DF23F1468E61BEE101A95
:105BC00024AA584602F0B8FD00287FF454AF269A64
:105BD0000DF19C0A52E400BF0414002010190020AB
:105BE000081400201BEE101A24AA584602F0A4FD47
:105BF00000287FF440AF269A0DF19C0A51E4102C46
:105C0000259BBE4E1FDD1BEE108A102504E0103CC4
:105C1000102C0AF1080A16DD01331032072BCAE9ED
:105C20000065CDE92532F2DD24AA414658460DF142
:105C30009C0A02F081FD00287FF41DAF103C102C5F
:105C4000DDE92532E8DC01332244072BCAE9006490
:105C5000CDE925327FF74BAC1BEE101A24AA58462B
:105C600002F06AFD00287FF406AF269A3FE41B99F4
:105C7000002940F35A830C9E0E9B9E42A8BF1E46ED
:105C8000002E0BDD259B01333244072BCAE9004669
:105C90002692259300F389860AF1080A0C9D002EAE
:105CA000A8BFAD1B002D00F303820C9B18F4806F7E
:105CB0002344059340F01F821B9B0E998B4203DB0C
:105CC00018F0010F00F0CF84109912980A44CAE925
:105CD00000012599269201310729259100F3A58617
:105CE0000AF1080A0E996518CC1A059BED1AA5420F
:105CF000A8BF2546002D0DDDCAF80030259BCAF847
:105D0000045001332A44072B2692259300F3BB86C7
:105D10000AF1080A002DA8BF641B002C7FF7DEAB38
:105D2000102C259B40F37C831BEE106A102505E0A8
:105D30000AF1080A103C102C40F3728301337049B9
:105D40001032072BCAE90015CDE92532F0DD24AA6F
:105D50003146584602F0F0FC00287FF48CAEDDE9B5
:105D600025320DF19C0AE5E7302B3FF48BAD302353
:105D7000023804F8013C50AB1B1ADDF8088005938B
:105D8000044684E518F0010F7FF482AE259BCAF823
:105D90000040013301320121072B26922593CAF8D6
:105DA00004107FF7A5AE1BEE101A24AA584602F085
:105DB000C3FC00287FF45FAEDDE925320DF19C0ABB
:105DC00098E60E994C1E002C7FF794AE102C40F3F1
:105DD00061831BEE106A102505E00AF1080A103CE9
:105DE000102C40F35783013345491032072BCAE981
:105DF0000015CDE92532F0DD24AA3146584602F0DF
:105E00009BFC00287FF437AEDDE925320DF19C0ABA
:105E1000E5E71BEE101A24AA584602F08DFC002874
:105E20007FF429AE269A0DF19C0AFFF744BB029B32
:105E300013F0100340F0C180029A12F0400200F00B
:105E40007A83089850F8042B0890194692B20123DF
:105E500051E418F0100355D118F0400200F05D83B2
:105E6000089850F8042B0890194692B2A8E45242C0
:105E700061EB4101CDF808802D2001233CE41BEEAD
:105E8000101A24AA584602F057FC00287FF4F3ADFC
:105E9000DDE925320DF19C0A16E61BEE101A24AA44
:105EA000584602F049FC00287FF4E5ADDDE92532D3
:105EB0000DF19C0AFBE518F0010F3FF40FAB2AE54A
:105EC000089399F80030FFF7CDB950ACDFE418F42F
:105ED000007F40F0DB8353F8042B0893D1170B4667
:105EE000FFF7B6BB089B049853F8041B0893C2172E
:105EF000C1E900024C46FFF78BB900BF081400202F
:105F000010190020089B53F8042B089358E4B4EEB2
:105F1000488BF1EE10FA80F194860B9B612B00F018
:105F20005285412B00F0C085039B01330B9B23F06E
:105F3000200500F08084472D04D1039B002B08BF6F
:105F40000123039318EE903A002B48F480724646E2
:105F5000C0F21886B0EE48AB002390460993079331
:105F60000B9B413B252B00F29883DFE813F06F0475
:105F700096039603960368046C04960396039603AF
:105F80009603960396039603960396039603960349
:105F90009603960396039603960396039603960339
:105FA0009603960396039603960396039603960329
:105FB00096039603960368046C04089B53F8042B1D
:105FC00008930123FFF797BB139B002B3FF4CFA946
:105FD000139B1B78002B3FF4CAA999F8003048F4B2
:105FE0008068FFF73FB90B93CDF80880FFF7F1BB4E
:105FF0000B939A4B119318F0200100F00581089B38
:10600000073323F00703596853F8082B089318F057
:10601000010F0AD052EA010307D00B9B8DF86930BB
:10602000302348F002088DF8683028F4806302932A
:106030000223FFF760BB0B93FFF7B6BB0B93884BB4
:106040001193D8E7089B012153F8042B02918DF896
:10605000DC200893059137ACFFF7AFBA1BEE101A9E
:1060600024AA584602F068FB00287FF404AD269A63
:106070000DF19C0A5DE4039B0794062B224628BF82
:10608000062303942146CDE90C22764C0293059316
:106090000F92FFF76CBA40215846FDF7FFFD2060D4
:1060A0002061002800F00F8640236361FFF79EB84F
:1060B000102D259B40F35D82514610261BEE10AA41
:1060C00004E00831103D102D40F352820133664840
:1060D0001032072BC1E90006CDE92532F1DD24AAF3
:1060E0005146584602F028FB00287FF4C4ACDDE995
:1060F000253227A9E6E70E9BCDF82490E3180393F9
:106100000D9BCDF82880139E059DDDF85890DDF895
:106110003C800B941BEE101A5046002B34D0B8F183
:10612000000F35D10D9B013B013E0D93159BC0E93E
:106130000039259B01334A44072B269225936CDCBA
:106140000830039B96F800C05B1B6345A8BF6346FD
:10615000002B9A460CDD259C01341A44072CC0E91B
:1061600000532692259400F3778196F800C00830FA
:10617000BAF1000FACBFACEB0A046446002C0ADC99
:1061800065440D9B002BCAD1B8F1000F00F0AC8321
:1061900008F1FF38CAE7102CDDF894C024DD05951E
:1061A0004FF0100A63460D4604E0103C102C00F13D
:1061B000080016DD01332C491032072BC0E9001A04
:1061C000CDE92532F1DD24AA2946584602F0B4FA79
:1061D00000287FF450AC103C102CDDE9253227A8B4
:1061E000E8DC2946059D9C460CF1010322444460ED
:1061F000072B1D4C0460CDE9253200F3C68396F8C9
:1062000000C008306544BCE718F0100300F0C280FD
:10621000089B53F8042B0893F9E624AA58460591E5
:1062200002F08AFA00287FF426AC269A059927A85E
:1062300087E70298CDF81CA050AC00F480600025E0
:106240000AEE10BA094BDDF84CA0CDF81490A34625
:106250004FF00508AC46044610E000BFD413002000
:10626000E8130020FC13002010190020CDCCCCCC6A
:106270000A2A71F1000136D34A463146501840F1DE
:106280000000A3FB005626F0030505EB9605401B16
:10629000151A4FF0CC3661F1000E06FB05F6A5FB92
:1062A000039503FB0E6609F0010E2E44AEFB085E5B
:1062B0002D184FEA590930350BF8015C49EAC679C7
:1062C0000CF1010C0BF1FF3B7608002CD0D09AF8B2
:1062D00000008445CCD1BCF1FF0FC9D00A2A71F16E
:1062E000000180F08F815C4650AB1B1BDDF81490E1
:1062F000CDF84CA01AEE10BADDF81CA0DDF808802D
:10630000CDF838C00593FFF7C2BA1BEE101A24AAC5
:10631000584602F011FA00287FF4ADAB9DF86710E3
:10632000269A0DF19C0AFFF796B8259BBE48CAF83D
:106330000000013301320120072B26922593CAF871
:10634000040000F377810AF1080A002940F0AF80C9
:106350000E9908F001030B433FF4C0A8109B12995B
:106360001A44CAE90013259B26920133072B259373
:1063700000F352820AF1080A0E99CAF8004001336C
:106380000A44072BCDE92532CAF804107FF7A4A8E8
:10639000FFF7BDBB18F0400200F0DD80089850F810
:1063A000042B0890194692B231E61BEE101A24AA6B
:1063B000584602F0C1F900287FF45DAB269A0DF132
:1063C0009C0AFFF7A3BA22AE0822002130461D9492
:1063D000FEF7E0FA039B5A1C00F0DB800025CDF8A5
:1063E0000890CDF81C809946A8460CE037A958467D
:1063F00001F0F6F9431C404400F0C883484508DC2E
:1064000000F0188480461D9A525933460435002AFC
:10641000ECD1CDF81480DDF80890DDF81C80C5E0E3
:1064200001338249CAF804402244072BCAF80010FD
:10643000CDE925327FF750A8FFF769BB1BEE101A94
:1064400024AA584602F078F900287FF414AB269A63
:106450000DF19C0AFFF729B824AA5846059102F0CD
:106460006BF900287FF407AB96F800C0269A0599CF
:1064700027A87DE6012BCDF808807FF4F3A9FFF76C
:1064800093BB089B049953F8042B4C461160089366
:10649000FEF7BEBE01336549CAF804402244072B0B
:1064A000CDE92532CAF800107FF722AB7BE4109BC0
:1064B00012981A44CAE90003259B26920133072B40
:1064C000259300F3A9810AF1080A0029BFF654AF09
:1064D0004D42103180F20F831BEE101A102605E09A
:1064E0000AF1080A103D102D40F3058301334F488F
:1064F0001032072BCAE90006CDE92532F0DD24AAC7
:106500005846039102F018F900287FF4B4AADDE997
:10651000253203990DF19C0AE4E7089B18F40071F9
:106520001ABF114653F8042B53F8042B089318BFD5
:10653000D2B2FFF745B9029B13F40071089B1ABF52
:10654000114653F8042B53F8042B089318BFD2B20A
:106550000123FFF7D0B8089B18F400711ABF114649
:1065600053F8042B53F8042B089318BFD2B24EE50E
:106570008A4601332D49CAF804502A44072BCDE935
:106580002532CAF8001000F339810AF1080AFFF732
:106590008CBB0023194600961DAA584601F046F907
:1065A00003460133059000F0F1821D94059B002BFA
:1065B0004ED0632B00F318810023079337AC0822D9
:1065C00000213046FEF7E6F9059D00962B461DAAF0
:1065D0002146584601F02AF9854240F07C83059A0D
:1065E0000023A35422EAE272CDE90C339DF8671030
:1065F000039302920F93FEF7BABF2D218DF8671017
:10660000FEF7A4BF169B1599ABEB030B1A46584631
:10661000FEF758FA9AF80120054B0AB10AF1010A6F
:106620004FF0000C28E600BF0414002010190020D1
:10663000CDCCCCCC1BEE101A24AA584602F07CF824
:1066400000287FF418AA1B99269A0DF19C0A7CE673
:10665000059B9DF867100F93CDE90233CDE90C330C
:106660000793FEF784BF0E99059865182D1ACC1A6A
:10667000A542A8BF2546FFF74DBB089B049953F8D8
:10668000042B089311804C46FEF7C2BD13F9042B6E
:106690000893D1170B46FEF7DBBF039A022122AB0A
:1066A00001931DAB009358461BABB0EE4A0B029210
:1066B00001F0B8F9472D029A044600F06181462D99
:1066C000104405D12378302B00F06F821B9A1044C0
:1066D000B5EE40ABF1EE10FA40F0468103461B1BCD
:1066E0000E93472D00F01081462D00F0B5811B9BC5
:1066F0000C930C9B412D03F1FF331B9300F0E581BC
:106700009DF82C200021002BB8BF0C9B8DF8782021
:10671000BABFC3F101032D222B22092B8DF879205A
:1067200040F3DA810DF18F05DFF81CC42A461046CC
:106730008CFB0321DA17C2EBA10202EB8201A3EB6F
:106740004101303100F8011C19466329134600F15C
:10675000FF32ECDC3033D9B2831E9D4202F8011CBB
:1067600040F28B8213460DF17A0201E013F8011B0F
:1067700002F8011B9D42F9D10DF191030DF17A024E
:106780001B1A13441EAA9B1A14930E9B149A012BD6
:106790001A44059240F30382059B109A1344059313
:1067A00026F48063059A43F480780023CDE90C3306
:1067B00022EAE2720F930292099B002B40F0B18013
:1067C0009DF867100393FEF7D2BE2046FEF7CEFA7F
:1067D00002460590FEF720BF1BEE101A24AA584669
:1067E00001F0AAFFFEF7EDBD591C5846FDF756FA19
:1067F0000446002800F0CA810790E0E61BEE101A5C
:1068000024AA584601F098FF00287FF434A9269A5C
:106810000DF19C0AFFF749BA1BEE101A24AA58463C
:1068200001F08AFF00287FF426A9DDE925321B99B3
:106830000DF19C0A49E606230393FFF783BB039BF4
:1068400002215A1C2BE7039A032128E71BA8B0EE6C
:106850004A0B00F0F7FFB4EE007B20EE070BB5EE1D
:10686000400BF1EE10FA01D101231B93B348039BB7
:10687000B3EE005B013B224604E0B5EE400BF1EEC7
:1068800010FA13D020EE050BFDEEC07BB3F1FF3FF5
:1068900017EE901A415CB8EEE76B944630EE460B6B
:1068A00002F8011B194603F1FF33E6D1B6EE006B87
:1068B000B4EEC60BF1EE10FA00F34881B4EE460BCD
:1068C000F1EE10FA04D117EE903ADB0700F13E81A9
:1068D000002906DB4B1C1344302102F8011B9342B4
:1068E000FBD1131B0E93FCE60B9C0E9BDDF8249052
:1068F000DDF828801396E3189D42294628BF1946E3
:1069000082460591FFF7D8B91B9B0C93DA1C02DB7A
:10691000039A93420CDD0B9B023B0B9323F0200563
:10692000E7E62D2100238DF867100393FEF722BEC2
:106930000C9B0E9A9342C0F2BD80F0070C9B40F175
:106940003281109A13440593710503D50C9B002BDB
:1069500000F33581059B23EAE373029367230B93CE
:1069600000230F930D9327E7229B8342BFF4B7AE1A
:1069700030215A1C22921970229B9842F9D8AEE617
:10698000F30700F1A780229BA9E624AA58460591A7
:1069900001F0D2FE00287FF46EA896F800C0269A77
:1069A000059927A86544FFF7ECBB1BEE101A24AA33
:1069B000584601F0C1FE00287FF45DA8269A0DF12B
:1069C0009C0AFFF76BB978238DF8693030238DF876
:1069D0006830039B632B48F0020600F3A680002377
:1069E000079337AC18EE903A002B48F481782BDBF4
:1069F000B0EE48AB0B9B23F02005002309930B9BC3
:106A0000612B7FF4ADAAB0EE4A0B1BA800F01AFF71
:106A1000B4EE007B20EE070BB5EE400BF1EE10FA62
:106A200001D101231B93464821E71BEE101A24AA2B
:106A3000584601F081FE00287FF41DA81B9B269A72
:106A40000DF19C0AFFF74EB90B9B23F020052D2377
:106A50000993B1EE48ABD2E71B9A0C92002A06F0DC
:106A6000010340F30D8103990B4340F0CF800C9B51
:106A7000059366230B93720500F1A380059B23EA1F
:106A8000E37302936CE71BEE101A24AA584601F038
:106A900053FE00287EF4EFAF1B9C0E9B269A1C1B16
:106AA0000DF19C0AFFF736B958238DE700220392B7
:106AB000FEF7DABB0E9B109A9A180C9B0592002BDE
:106AC00040F3AB8067230B93D5E70B9A0F32D2B21A
:106AD000012118E6A018FBE5002940F0A88030222B
:106AE0008DF87A200DF17B02303302F8013B1EABAA
:106AF000D31A149349E601331249CAF804502A44C0
:106B0000072BCDE92532CAF800107FF733AC1BEE16
:106B1000101A24AA584601F00FFE00287EF4ABAFED
:106B2000DDE925320DF19C0A26E4591C5846FDF793
:106B3000B5F8044650B3079054E700BFE8130020AF
:106B4000D41300201019002067666666CDF888C04F
:106B500012F8011C90F80FC0614513460AD14FF09E
:106B6000300E03F801EC229B591E229113F8011CF0
:106B70008C45F6D0392916BF0131817AC9B203F8A4
:106B8000011CAEE600239046079360E71BEE102A37
:106B9000B2F90C3043F040039381FEF716BCF507C1
:106BA0007FF5FEADF8E50593CEE6B5EE40ABF1EE30
:106BB00010FA3FF48BADC2F101021B9287E5672307
:106BC0000B9313990B78FF2B79D000250C9A28464C
:106BD00003E001300131FF2B08D0934206DAD21ACC
:106BE0004B78002BF5D10B780135F4E70C9213911B
:106BF0000D900F950F9A0D9B16991344059A01FB62
:106C00000323059323EAE3730293D5E5109BD3187E
:106C10001944662305910B932DE7C3F101031A4430
:106C200022EAE2730293672305920B9398E60DF133
:106C30007A0259E7039BDDF80890DDF81C80059384
:106C4000B4E418EE903A002BB4BF2D219DF86710E4
:106C5000254C264BB8BF8DF8671028F08008FEF74A
:106C600079BC039B0293059373239DF867100390EF
:106C70000F900D900B93FEF77ABC0223149384E5DA
:106C8000039A134305D10123662202930B920593C5
:106C900066E6109B01331A4422EAE27302936623EC
:106CA00005920B935CE6089A99F80130894652F8F0
:106CB000041B089241EAE1710391FEF7D3BA002365
:106CC0000F930D9396E70C23CBF800304FF0FF3372
:106CD0000493FEF781BB1BEE102A938943F0400317
:106CE0009381FEF7C8BE00BFD01300202C0D0020FA
:106CF000436C70B505460C464BB153F8240080B187
:106D0000026843F824200023C0E9033370BD212228
:106D10000421FCF777FF034668640028EDD10020CA
:106D200070BD012101FA04F6721D92002846FCF79D
:106D300069FF0028F3D0C0E90146E4E731B1436CB4
:106D40004A6853F82200086043F82210704700BFD9
:106D50002DE9F0410E6980460F461D4601F1140EE3
:106D60000020DEF800108CB202FB0453090C4FEA3D
:106D7000134C02FB01CC01309CB204EB0C44864264
:106D80004EF8044B4FEA1C45EBDC3DB1BB68B34207
:106D900007DD07EB860301365D613E613846BDE8DD
:106DA000F081796840460131FFF7A2FF0446B0B197
:106DB0003A69023207F10C0192000C30FBF74AF8F5
:106DC000D8F844307A6853F82210396043F82270BA
:106DD000274607EB860301365D613E61DEE7034B24
:106DE00003482246BA2100F069FD00BFDC110020F3
:106DF000F0110020030C1B04D3B90004102310F081
:106E00007F4F04BF0002083310F0704F04BF000131
:106E1000043310F0404F04BF80000233002805DB2C
:106E200010F0804F03F1010308BF2023184670477C
:106E30000023E4E7036813F0070208D0D9071FD442
:106E40009A0722D55B08036001221046704799B269
:106E500009B91B0C1022D9B209B908321B0A19074B
:106E600004BF1B090432990704BF9B080232D907EB
:106E700003D45B0802F1010205D00360104670479D
:106E80000022104670472022DFE79B0802220360A1
:106E90001046704738B5436C04460D464BB15868F0
:106EA000B0B102685A6000220123C0E90435C26013
:106EB00038BD21220421FCF7A5FE034660640028AA
:106EC000EDD1094B0948002240F2451100F0F6FCD3
:106ED0001C2201212046FCF795FE0028F1D001225A
:106EE0000223C0E90123DEE7DC110020F0110020BD
:106EF0002DE9F04F0E691569AE4285B088461446FB
:106F000005DB2A46234635460C4616469846A368B6
:106F10006168AF19BB42B8BF0131FFF7E9FE0190CC
:106F2000002800F08780019B03F1140909EB870A10
:106F3000D14505D24B46002243F8042B9A45FBD895
:106F400008F1140808EB860B04F11403D8451A461F
:106F500003EB85055FD22B1B153B23F003030433A2
:106F60001534A54238BF0423CDE902A7AC461F461D
:106F7000924605E0090C29D1C34509F1040948D915
:106F800058F8041B8DB2002DF4D056464C46002311
:106F900056F8041B22681FFA81FE90B2090C05FB0B
:106FA0000E00120C034405FB012202EB13429BB2BC
:106FB00043EA0243B44544F8043B4FEA1243E7D89E
:106FC00049F8073058F8041C090CD5D0D9F800301E
:106FD00050461A464C4600260588120C01FB052235
:106FE00016449BB243EA064344F8043B50F8045B62
:106FF00022682D0C93B201FB053303EB1643844545
:107000004FEA1346E8D8C34549F8073009F10409A7
:10701000B6D8DDE902A7002F02DC05E0013F03D06E
:107020005AF8043D002BF9D0019B18461F6105B0AA
:10703000BDE8F08F034B0448019A4FF4B17100F0A2
:107040003DFC00BFDC110020F011002012F0030312
:107050002DE9F0411446064632D10D46A41020D049
:10706000D6F84080B8F1000F33D0E3074FF00007A7
:1070700007D4641015D0D8F80000A8B18046E30703
:10708000F7D5424629463046FFF732FFB5B1696869
:10709000736C641053F821202A6043F82150054690
:1070A000E9D12846BDE8F081424641463046FFF727
:1070B0001FFFC8F8000007608046E0E70546D8E7F4
:1070C000013B0F4A52F823200023FFF741FE0546FB
:1070D000C4E701213046FFF70BFE804640B1012393
:1070E00040F27122C0E90432002330640360BCE73F
:1070F000044B0548424640F2451100F0DFFB00BF5B
:10710000C0170020DC110020F01100202DE9F0470D
:107110000D4614462F69AB68496807EB62177E1C61
:107120009E4280464FEA621904DD5B009E4201F1F7
:107130000101FADC4046FFF7DBFD8446002852D00F
:10714000B9F1000F00F114020EDD09F105014FEA5B
:10715000810E134600EB8101002043F8040B8B42A3
:10716000FBD1AEF114031A44296905F1140314F09C
:107170001F0E03EB81012ED0CEF1200910464FF0F7
:10718000000A1C6804FA0EF444EA0A0440F8044BAE
:1071900053F8044B994224FA09FAF2D84B1B153BD9
:1071A00023F00303043305F11500814238BF0423A3
:1071B000BAF1000F18BF374642F803A0D8F84430A0
:1071C0006A68CCF8107053F822102960604643F8C2
:1071D0002250BDE8F087043A53F8040B42F8040F3C
:1071E0009942F9D8EAE7034B034862464FF4EF713E
:1071F00000F064FBDC110020F01100200B698446D4
:107200000069C01A16D10CF1140C14310CEB830276
:1072100010B401EB830301E0944508D252F8044D09
:1072200053F8041D8C42F7D005D24FF0FF305DF8C3
:10723000044B7047704701205DF8044B704700BF56
:107240002DE9F84F0F691369FF1A002F0E4690467B
:107250007FD101F11405143202EB830205EB8303A5
:1072600001E09D4278D253F8041D52F8044DA1422A
:10727000F7D069D37168FFF73BFD8146002877D0CE
:107280003569D8F81020C76008F1140E06F1140013
:1072900009F1140A06F110010EEB820200EB8507DA
:1072A00056464FF0000C5EF8044B51F804BFA3B2F1
:1072B0001CFA8BFCACEB03034FEA144CCCEB1B4CDD
:1072C0000CEB234C9BB243EA0C43724546F8043B5B
:1072D0004FEA2C4CE7D8A2EB0801153908F1150844
:1072E000424521F0030404F1040438BF042420447F
:1072F00021F0030238BF002287425244544418D977
:107300002646014651F8043B1CFA83FC4FEA2C4206
:1073100002EB13421FFA8CFC4CEA02438F4246F800
:10732000043B4FEA224CEDD8013F3F1A27F00307F8
:10733000E21923B952F8043D013D002BFAD0C9F8F7
:1073400010504846BDE8F88F334601274646984618
:1073500090E7F9DB00278DE70021FFF7C9FC8146A4
:1073600068B101220023C9E904234846BDE8F88F2B
:10737000064B07484A4640F2452100F09FFA034B6E
:1073800003484A4640F2372100F098FADC11002009
:10739000F01100202DE9F043884683B0012157EC1D
:1073A000106B1546FFF7A4FC0446002851D0C7F324
:1073B0000A59C7F31303B9F1000F01D043F4801346
:1073C000002E019318D101A8FFF734FD019A6261E4
:1073D000012200F120032261B9F1000F25D0A9F2AA
:1073E000334909EB03022046C3F13503C8F80020F6
:1073F0002B6003B0BDE8F08368460096FFF71AFDE6
:10740000034610B3DDE90002C3F1200102FA01F1E5
:107410000143DA4061610192002AA26114BF022295
:1074200001222261B9F1000FD9D1A3F23243C8F889
:10743000003004EB82031869FFF7DCFCC0EB421359
:1074400020462B6003B0BDE8F083009A6261019A88
:10745000E2E7034B0348224640F20F3100F02EFAD8
:10746000DC110020F011002070B500294BD0064639
:107470000C4610B1436B002B48D0636ED80734D54F
:10748000B4F90C30002B3ED02146304600F050F8C5
:10749000E36A054633B1E169304698470028B8BF32
:1074A0004FF0FF35A3891A063CD4216B41B104F19A
:1074B0004003994202D03046FDF75AFD0023236372
:1074C000616C21B13046FDF753FD00236364FDF785
:1074D00085F9636E0022DB07A2811FD5A06DFDF741
:1074E000E1FBFDF781F9284670BDA3899905CBD44E
:1074F000A06DFDF7D9FBB4F90C30002BC4D1656E3B
:1075000015F0010505D00025284670BDFDF748F9A6
:10751000B3E7A06DFDF7CAFB284670BDA06DFDF76F
:10752000C5FBDBE721693046FDF722FDBDE700BF63
:10753000B1F90C202DE9F0410C461107804647D4E3
:10754000636842F40062002BA2815EDDA56A002D13
:1075500058D00023D8F80060C8F8003093B212F475
:10756000805256D10123E1694046A847431C67D0A9
:10757000A389A56A5F0705D56368C01A236B0BB1A1
:10758000E36BC01AE169024600234046A847411C4C
:1075900041D1D8F80030002B3DD01D2B01D0162B47
:1075A00056D1A3892269226023F40063002161601F
:1075B000A381216BC8F8006021B304F14003994214
:1075C00002D04046FDF7D4FC00202063BDE8F081E6
:1075D0002669BEB193B2256826609A070CBF63691D
:1075E0000023AD1BA3600BE02B463246E169676ABE
:1075F0004046B847B0F1000CA5EB0C05664417DD1A
:10760000002DF1DC0020BDE8F081E36B002B9DDC58
:10761000F8E7206DAEE7B4F90C302269226023F45C
:107620000063A3810022DB046260C2D52065C0E74D
:10763000A38943F040034FF0FF30A381BDE8F08100
:10764000D8F80030002B93D01D2B06D0162B04D079
:10765000A38943F04003A381D5E7C8F80060D1E7D0
:1076600038B50C46054608B1436B03B3B4F90C00BA
:1076700088B1636EDB0701D481050FD5284621460A
:10768000FFF756FF636EDA07054602D4A3899B0510
:1076900008D5284638BD0546284638BDA06DFDF7FB
:1076A00003FBEBE7A06DFDF701FB284638BDFDF7B6
:1076B00077F8DBE710B50C46B1F90E1000F07AF858
:1076C000002803DB236D0344236510BDA38923F445
:1076D0008053A38110BD00BF2DE9F0410C46B1F9E4
:1076E0000C101F46CB05054616460BD421F48051DD
:1076F000A1813B46B4F90E1032462846BDE8F04160
:10770000FDF730BAB4F90E100223002200F03CF865
:10771000B4F90C10EAE700BF10B50C46B1F90E1031
:1077200000F032F8A389421C0EBF23F4805343F4C7
:1077300080532065A38110BDB1F90E1000F012B87E
:1077400049B1FF2A02D80A70012070478A230360DA
:107750004FF0FF3070470846704700BF0048704741
:10776000841F002038B5074D0022044608462A60D1
:10777000FAF7ECFD431C00D038BD2B68002BFBD082
:10778000236038BD8438002038B50C46084D844647
:10779000114620461A4600232B606446FAF7E2FDA4
:1077A000431C00D038BD2B68002BFBD0236038BDB4
:1077B0008438002038B50C46084D844611462046D2
:1077C0001A4600232B606446FAF7BEFD431C00D026
:1077D00038BD2B68002BFBD0236038BD84380020D7
:1077E00070B5054684B05BB11C4669B10E4B2846A6
:1077F000D3F8E0602346B047431C0FD004B070BDFF
:1078000000F582740029F1D1074A2346D2F8E060DE
:1078100028460A4601A9B047431CEFD100228A231B
:1078200022602B6004B070BD941E002010B582B0A1
:10783000049CCDE900344FF0FF3302F02DFB02B081
:1078400010BD00BF30B482B08DED000B019A194C11
:1078500022F000430021A342016021DC009C1C4374
:107860001ED0154C144054B99FED107B20EE077BC1
:107870008DED007B019A6FF0350122F0004322F07C
:10788000FF42DDE9004522F4E00242F07F551B157E
:1078900045F40015A3F2FE33CDE900450B44036027
:1078A0009DED000B02B030BC704700BF000000002F
:1078B00000005043FFFFEF7F0000F07F00B50B4C4E
:1078C00025681446EE681A4685B003460D464CB14D
:1078D00007490095CDE901143046064900F018FF2C
:1078E000FAF746FD04490C46F3E700BF1C240020CC
:1078F0003C1100204C110020780C00202DE9F04FA5
:1079000003690C69A34283B0C0F28780013C01F196
:107910001405A30000F11408009355F8243058F81A
:107920002420013381469A4208EB840005EB84074A
:107930000190B2FBF3F63BD34FF0000CAE4640464D
:10794000E24663465EF804BB02681FFA8BFC06FB46
:107950000C334FEA134C4FEA1B4B06FB0BCC9BB28C
:10796000AAEB03031FFA8CFA13FA82F3CAEB124252
:1079700002EB23429BB243EA0243774540F8043BC3
:107980004FEA224A4FEA1C43DCD2009B58F80330EE
:1079900073B9019B043B984504D307E0984504F173
:1079A000FF3403D253F80429002AF7D0C9F8104055
:1079B0004846FFF723FC00282BDB01364146002315
:1079C00055F8040BD1F800C082B29A1A030C12FACF
:1079D0008CF2C3EB1C4303EB224392B242EA034214
:1079E000AF4241F8042B4FEA2343E9D258F8242050
:1079F00008EB84036AB9043B984504D307E0984533
:107A000004F1FF3403D253F80429002AF7D0C9F84F
:107A10001040304603B0BDE8F08F002003B0BDE851
:107A2000F08F00BF2DE9F04F2DED028B8FB08DED63
:107A3000020B0191816B1A9D059357EC106B044664
:107A4000934641B1C26B4A60012393408B60FFF7BC
:107A500075F90023A363B7F10008B4BF0123002325
:107A60002B60BE4BBCBF28F00048CDF80C8033EA39
:107A7000080300F09F809DED028BB5EE408BF1EE88
:107A800010FA11D1059A012313601B9B002B00F003
:107A90003F82B34B1B9A1360013B009300980FB0D9
:107AA000BDEC028BBDE8F08F0CAA0DA92046B0EE0C
:107AB000480BFFF76FFC5FEA1853054640F09280D1
:107AC000DDE90C130B4403F23242202A40F3FA8220
:107AD000C2F1400208FA02F803F21242D64048EA24
:107AE000060207EE102AB8EE477B581E17EE906A82
:107AF00053EC172B4FF0010AA6F1F8739FED913B61
:107B00009FED927B9FED935B06EE900A43EC122B68
:107B1000B8EEE64BB7EE086B32EE466BA6EE037B93
:107B2000A4EE057BFDEEC76BB5EEC07BF1EE10FA5F
:107B300016EE907A08D5B8EEE66BB4EE476BF1EE30
:107B400010FA18BF07F1FF37162F00F24581854B59
:107B500003EBC70393ED007BB4EEC78BF1EE10FA95
:107B600057D5091A0023B1F1010807F1FF370A932D
:107B700000F1398100230693002F52DA069B049707
:107B8000DB1B06937B420893019B092B4FF00007F8
:107B90004ED8052B40F39D82043B01930026019BA8
:107BA0009A1E032A00F22581DFE812F0AA03A70338
:107BB0009D037E03059AC8F3130842F20F7358EA37
:107BC000060813601ED11B9B002B00F09185664BAD
:107BD000009308331B9A009813600FB0BDEC028B22
:107BE000BDE8F08F18EE906AC6F31306A3F2FF30DB
:107BF00053EC182B46F07F530C994FF0000A43F4D6
:107C000040137BE71B9B002B40F03B83574B0093BB
:107C100044E7091A0023B1F101080A9300F1E38057
:107C2000069300230893019B0497092BB844B0D90D
:107C300000230126019307964FF0FF399B46002150
:107C4000E163CDF82C902046FFF752F80090002811
:107C500000F04085009BA363B9F10E0F00F2DC80B9
:107C6000002E00F0D980049B002B40F3DE833D4AB8
:107C700003F00F0102EBC10292ED007B1A11DB054C
:107C800040F182833A4991ED086B02F00F02032024
:107C900088EE065B5AB13649D60704D591ED006BE4
:107CA000013027EE067B521001F10801F4D185EE78
:107CB000076B0A9B3BB1B7EE007BB4EEC76BF1EEEE
:107CC00010FA00F1AE8407EE900AB8EEE75BB1EE71
:107CD0000C7BA5EE067B17EE902A51EC170BA2F158
:107CE0005071B9F1000F00F08883049E4A46079B4B
:107CF000002B00F04784B6EE003B1A4BFDEEC64B5E
:107D000003EBC20CB8EEE47B36EE477B1CED026B56
:107D100083EE065B41EC160B14EE900A35EE465BE3
:107D20000099B4EEC75B3030F1EE10FA01F8010BA8
:107D300000F3AC84B7EE002BB2EE044B4FF0000C16
:107D400031E000BF61436F63A787D23FB3C8608B48
:107D5000288AC63FFB799F501344D33F0000F07F31
:107D600005140020A80200205813002064130020EE
:107D7000800200200CF1010C94454DDA27EE047BC3
:107D800025EE045BFDEEC76B16EE903AB8EEE63BCF
:107D9000303337EE437BB4EEC57BF1EE10FA01F8D9
:107DA000013B00F1738432EE476BB4EEC56BF1EE2C
:107DB00010FADFD5009A049602E08A4200F050845F
:107DC000894611F8013D392BF7D00133DBB20B7036
:107DD000049B0133049355E1091A0123B1F1010811
:107DE0000A937FF5C7AEC1F1010306934FF0000877
:107DF000C2E60026E66331462046FEF779FF009092
:107E0000002800F06784009BA3634FF0FF330B93BF
:107E100099460123B34607930D9A002A55DB04992E
:107E20000E2952DCB74BBBF1000F03EBC10393EDFE
:107E3000006B15DAB9F1000F12DC40F0F282B1EEFE
:107E4000047B26EE077BB4EEC78BF1EE10FACA4630
:107E50004E4600F26D82DDF800806FEA0B0B70E297
:107E600088EE067BBDEEC77B009917EE103AB9F19C
:107E7000010F03F13003B8EEC75B01F8013BA5EE3B
:107E8000468B00F03483B2EE044B012311E088EE00
:107E9000067BBDEEC77B013317EE102A4B4502F17E
:107EA0003002B8EEC75B01F8012BA5EE468B00F05F
:107EB0001E8328EE048BB5EE408BF1EE10FAE6D16E
:107EC000049B013304938946DCE0079B43B3019B89
:107ED000012B40F37682089B09F1FF3A534580F26B
:107EE0003F82089BCDF820A0AAEB030217444FF075
:107EF000000AB9F1000FC0F22583069B09934B4499
:107F0000C844069301212046FEF7C4FF06460CE054
:107F10007D4B009300980FB0BDEC028BBDE8F08F55
:107F2000069BDDF820A0079E0993099B6BB1B8F171
:107F3000000F0ADD434506991A46A8BF4246891A32
:107F40009B1A06910993A8EB0208089B63B1079B53
:107F5000002B00F0A782BAF1000F00F30482089B07
:107F6000B3EB0A0240F0FF8201212046FEF792FFA8
:107F7000002F824600F3AF80019B012B40F38781E5
:107F8000002308930120002F40F0B180404410F0FE
:107F90001F0000F07A81C0F12002042A00F38880DB
:107FA00040F0F681069B002B05DD29461A46204647
:107FB000FFF7ACF80546B8F1000F05DD5146424623
:107FC0002046FFF7A3F882460A9B002B40F03F8132
:107FD000B9F1000F40F32581079B002B40F0A380EF
:107FE000049B01330493DDF80080012707E0294654
:107FF00000230A222046FEF7ABFE01370546514614
:108000002846FFF77BFCB94500F1300008F8010B6A
:10801000EDDCB9F1000F009ACCBFCB464FF0010B5D
:108020000346934400272946012220460193FFF787
:108030006DF851460546FFF7E1F8002840F3AF819F
:108040001BF8013C009A0BF1FF3B04E05A4500F09D
:10805000B1811BF8013D392B0BF10109F6D0013339
:108060008BF8003051462046FEF768FE56B12FB11E
:10807000B74203D039462046FEF760FE314620461F
:10808000FEF75CFE29462046FEF758FE002389F8DD
:108090000030DDE904231A601B9B002B3FF4FEAC8B
:1080A0000098C3F800900FB0BDEC028BBDE8F08FD4
:1080B000C0F11C00069B03440693099B03440993EB
:1080C00080446FE7C2F1200206FA02F207EE102A9E
:1080D00009E5012663E501463A462046FEF7B6FF6C
:1080E000019B012B824640F3C58100230893DAF8F7
:1080F00010200AEB82021069FEF77CFEC0F120001E
:1081000044E700BFA80200200414002031460023E9
:108110000A222046FEF71CFE0B9B002B064640F36E
:10812000CE8204979946099B002B05DD31461A46FD
:108130002046FEF7EBFF0646089B002B40F0EB8144
:10814000B046029B009F03F001027B1E4B44089344
:10815000019B0A921343099351462846FFF7CEFB31
:10816000314683462846FFF749F842465146814644
:108170002046FFF765F8C26801460BF13003002A7C
:1081800042D1CDE906032846FFF738F80699029058
:108190002046FEF7D3FD029A079B1AB909990029D8
:1081A00000F07E82B9F1000FC0F28381019949EAA3
:1081B00001090A9951EA090900F07B81002A00F3BC
:1081C000C681089A3B7007F101099742CB4600F03F
:1081D000C481294600230A222046FEF7B9FD464500
:1081E000054631464FF000034FF00A02204612D0F8
:1081F000FEF7AEFD4146064600230A222046FEF762
:10820000A7FD4F468046A7E720460293FEF796FD5E
:10821000029B0122C6E7FEF79BFD4F4606468046BD
:108220009AE7019B022B71DC079B002B7FF47BAF4D
:10823000049B5146013328460493FFF75FFBDDF8AA
:1082400000B000F130030BF8013B0027EBE651468C
:108250002846FEF7D3FF0028BFF6BAAE2946002312
:108260000A222046FEF774FD049B5F1E079B05460D
:10827000002B7FF44BAF0B9B002B40F318829946E9
:10828000B1E6BC4B00930333A4E41C2012E7DDE904
:10829000020100287FF474AEC1F31302002A00F03B
:1082A000F480029B08936DE601230793049B5B44D3
:1082B00003F10109B9F1010FCC460B93B8BF4FF0A0
:1082C000010C0021BCF1170FE1637FF7BCAC01206A
:1082D0000422520002F114036345014600F101003B
:1082E000F7D9E163AFE401230793BBF1000F52DD3F
:1082F000CDF82CB0D946DC46E3E700230793D5E759
:1083000000230793F1E7DDF82C900497B9F1000FF3
:108310007FF4A1AD51464B4605222046FEF718FDDD
:10832000014682462846FEF769FF00287FF793AD95
:10833000049B03F1010B009B3122984603F8012BAB
:10834000009351462046FEF7F9FC0BF10103DDF8DE
:1083500000900493CDF80080002E7FF48FAE91E65C
:10836000A3EB0A0AC5E5314652462046FEF76EFEEB
:108370002A46014606462046FEF7BAFD294605462E
:108380002046FEF7DBFCEAE50220B0EE485B81E424
:10839000C0F13C008EE64FF0010BD9464FE403D10B
:1083A000019BDB073FF54CAED9461BF8013D302B56
:1083B000FAD057E6049B009A0133049331231370DB
:1083C00050E6BAF1000F00F0238102F23342069B1F
:1083D00009931344DDF820A00693904492E507EE3C
:1083E000900AB1EE0C5BB8EEE77BA6EE075B15EEEC
:1083F000902A51EC150BA2F1507141EC150BB1EE26
:10840000047B36EE477BB4EEC57BF1EE10FA00F349
:108410003781B1EE455BB4EEC57BF1EE10FA7FF526
:10842000FBAC4FF0000A564615E500F0F580049BC2
:1084300051495A4202F00F0001EBC00191ED006B6F
:10844000121128EE066B00F04281B0EE467B4B49DC
:1084500000260220D30705D591ED005B01300126EF
:1084600027EE057B521001F10801F3D1002E06FE24
:10847000076B1EE4029B002B7FF437AEDDE902019F
:10848000C1F31302002A40F037813D4A0A40002A16
:1084900000F0FA80069B01330693012308F10108DE
:1084A00008936FE52946089A2046FEF7CFFD05465A
:1084B0005AE5002A12DD2946012220460193FEF7E3
:1084C00025FE51460546FEF799FE0028019B40F324
:1084D000E180392B00F0CA800BF13103B94609F86D
:1084E000013B049B0133374604934646BAE538EE18
:1084F000088BB4EEC68BF1EE10FA0ADCB4EE468BB4
:10850000F1EE10FA7FF4DCAC17EE103AD8077FF5E5
:10851000D7AC009A54E471682046FEF7E9FB0746A1
:10852000002800F0DE80336902339A0006F10C0166
:108530000C30F9F78FFC394601222046FEF7E6FDA4
:108540008046FEE5069BA3EB09030993DAE4392B89
:1085500000F08C80B9460133C1E7049A01323746F6
:10856000049246465FE529462046FEF76FFD054624
:10857000FAE400BF64130020A8020020800200205B
:108580000000F07F5E4BFDEEC65B03EBC20C1CED02
:10859000023BB8EEE57B36EE477B41EC160B15EE61
:1085A000901A23EE063B00983031012A00F8011B97
:1085B00000F08380B2EE044B009B991827EE047BF9
:1085C000FDEEC76B16EE903A303300F8013B814266
:1085D000B8EEE65B37EE457BF0D1B6EE006B33EEDE
:1085E000065BB4EEC75BF1EE10FA3FF5E3AB36EE97
:1085F000436BB4EEC76BF1EE10FA7FF70DAC894612
:10860000013919F8013C302BF9D0731C049339E57A
:108610000C9AC2F13602DAE60220B0EE486BFFF7A0
:1086200048BBB9F1000F3FF4DAAE0B9A002A7FF78E
:10863000F3ABB2EE044B26EE046B013007EE900A6A
:10864000049BB8EEE75BB1EE0C7BA6EE057B17EE64
:1086500090CA51EC170B5E1EACF15071FFF747BB8F
:10866000049B013304933123FFF7B1BB049BBB464A
:1086700001330493392337460BF8013B4646E1E4C6
:108680004FF0000A564653E608927BE4731C0493AD
:108690008946F7E47FF422AFDA077FF51FAF18E7CA
:1086A000392BE3D0B9F1000F3FF716AF16E7019B66
:1086B000022B3FF728AE0497BAE501468DE7019BF0
:1086C000022B3FF720AEDDF82C9004972BE502201B
:1086D000FFF7EFBA0B4B0C48002240F2AF11FFF747
:1086E000EDF8084B08483A4640F2EF21FFF7E6F86C
:1086F000064B0093FFF7D2B9029B0893F7E400BF43
:10870000A8020020DC11002068130020581300206C
:108710000EB410B583B005AB064C53F8042B01938F
:108720000146206800F0C4F803B0BDE8104003B073
:10873000704700BF1C2400202DE9F04F9368176894
:1087400083B09246002B70D081468A6808680C4638
:10875000083743E0A38913F4906F2ED0D4E90416B0
:10876000A0EB010806EB460606EBD67608F1010001
:1087700076102844B042324684BF064632465B0536
:1087800037D511464846FBF789FA019000283AD0C0
:1087900042462169F9F75EFBA289019B22F49062AF
:1087A00042F08002A281A6EB080203EB080066619A
:1087B000A260236120602E46A84642465946FCF737
:1087C0006DF8DAF80830A2682068921B40445B1B01
:1087D000A2602060CAF808303BB3083757E902B5F9
:1087E000002DFAD0AA4216469046B3D92E46A84686
:1087F000E3E74846FBF70EFD03460028D3D1216985
:108800004846FCF7B5FBA3890C2243F04003C9F8A6
:1088100000204FF0FF30A38100220023CAF8082077
:10882000CAF8043003B0BDE8F08F00200023CAF876
:10883000043003B0BDE8F08F2DE9F84F4B6E9C0477
:1088400090462DD59368126843B38B46064602F1D5
:10885000080959E9025A5FEA9A0715D0043D002435
:1088600001E0A7420ED055F8041F5A46304601F0E9
:108870005BFA431C04F10104F3D10023C8E901337E
:10888000BDE8F88FD8F808302AF0030AA3EB0A03F2
:10889000C8F8083009F10809002BDAD10020ECE70C
:1088A00001F00CF80023C8E90133BDE8F88F00BFE0
:1088B0002DE9F04F2DED028BC5B00DF1500A834626
:1088C00008EE101A16460021082250461C4607934F
:1088D000FCF760F8BBF1000F04D0DBF83430002B5C
:1088E00000F0A08618EE102A536EDB0740F11385C6
:1088F000B2F90C108AB295040BD418EE103A41F478
:10890000005199815B6E8AB218EE101A23F400535D
:108910004B66100740F1058118EE103A1B69002BD9
:1089200000F0FF8002F01A030A2B00F00A810023F6
:10893000CDE91933CDE90D331BAA0C93189291465A
:108940000B930593B0464446A84BD3F8E450FCF78C
:10895000EBF82246034612A9CDF800A05846A847D6
:10896000002800F04581C0F23981129A252A034679
:1089700001D01C44E8E7B4EB0806054640F03C8112
:10898000002361788DF8433004F1010806934FF01D
:10899000FF371E462B2408F10108A1F120035A2BB2
:1089A00000F27881DFE813F0B50276017601B002BB
:1089B0007601760176016A00760176017D028D02EC
:1089C000760188029702760192025B005B005B00F1
:1089D0005B005B005B005B005B005B007601760187
:1089E00076017601760176017601760176015C02E8
:1089F00084007601760176017601760176017601B2
:108A0000760176017601E80076017601760133027F
:108A10007601DA02760176018B0576017601760120
:108A200076017601760176017601760176015C02A7
:108A30008600760176017601CD0286007F00760100
:108A4000C0027601FD02EA00ED027F0076013302EA
:108A50007C006905760176016B0576017C00A1F149
:108A60003003002218F8011B02EB820203EB4202E2
:108A7000A1F13003092BF5D906928EE75846FEF78F
:108A80006DFE43680D931846FCF770F90E9005468D
:108A90005846FEF763FE83680B93002D40F0D684A2
:108AA00098F8001077E798F8001046F0200672E773
:108AB00046F01006B40640F18E81079B073323F081
:108AC00007031A46596852F8083B07920A460029DC
:108AD000C0F27084791C00F0A28526F08001039119
:108AE00053EA020100F03F840A2B72F1000180F08A
:108AF000418530338DF80F31039E012304930DF22D
:108B00000F14049BBB42B8BF3B460393002308935A
:108B10009DF84330002B00F0CB80039B013303937F
:108B2000C6E018EE101A584618EE105A01F040F838
:108B3000002840F05286AA8902F01A030A2B7FF41B
:108B4000F6AE18EE101AB1F90E30002BFFF6EFAEAC
:108B50004B6EDB0702D4970540F1128618EE101A0F
:108B600023463246584600F069FE0590059845B008
:108B7000BDEC028BBDE8F08F46F0100616F0200227
:108B800000F03681079B073323F0070319465A6824
:108B900051F8083B079126F48061039100210020E1
:108BA0008DF84300781C00F01082039820F08006B6
:108BB00053EA020040F00882002F40F03885002977
:108BC00040F0D583039B13F00103049300F011845C
:108BD00030238DF80F310DF20F1492E70822002197
:108BE0005046FBF7D7FE01231C44ADE6941E00203F
:108BF000B4EB080605461BD0199B1A9A0133324480
:108C0000072BC9E900861A9219931CDD002A00F08F
:108C1000A68318EE101A18AA5846FFF70DFE20BBBF
:108C20000DF16C09059B33440593002D7FF4A8AE2C
:108C30001A9B002B40F0C18518EE103A0022B3F9C0
:108C40000C30199215E009F10809EBE718EE101A3B
:108C500018AA5846FFF7F0FD002800F0A680089BF0
:108C60001BB108995846FCF783F918EE103AB3F98E
:108C70000C3018EE102A526E12F0010F9AB200F06A
:108C8000A080500600F1B285059845B0BDEC028B7E
:108C9000BDE8F08F0029CBD000238DF843300123AD
:108CA000CDE903338DF8AC102BAC002308931F469D
:108CB00016F00203099302D0039B0233039316F0CC
:108CC00084030A9305D1069B039A9D1A002D00F395
:108CD0007B82DDE91903411C9DF8432082B101220A
:108CE0000133C9F8042007290DF14302CDE9191316
:108CF000C9F8002000F34A82084609F10809013149
:108D0000099AE2B111AA0233C9F8002007294FF0ED
:108D10000202CDE91913C9F8042040F35082002B58
:108D200000F0438318EE101A18AA5846FFF784FD86
:108D3000002894D1DDE919030DF16C09411C0A9A50
:108D4000802A00F08481049ABD1A002D00F3D78197
:108D5000049AC9F8004013440729CDE91913C9F84A
:108D6000042040F36E81002B00F0758218EE101A7B
:108D700018AA5846FFF760FD00287FF470AF1A9BD1
:108D80000DF16C09750705D5069A0399541A002C44
:108D900000F36B82DDE9052103988142ACBF5218D4
:108DA00012180592002B7FF451AF089900231993F4
:108DB000002900F049815846FCF7DAF80DF16C09FA
:108DC000C1E59C053FF55DAF18EE104AA06DFBF7BD
:108DD0006DFFA28955E7F006079A00F11F8371061F
:108DE00040F1198332F9043B0792DA1711466EE617
:108DF00016F01003079940F0098316F0400000F0C8
:108E000001831A4651F8043B07919BB2C3E6079BC6
:108E10001A4600238DF84330134653F8044B03934E
:108E2000002C00F01284532900F0658316F0100521
:108E300040F061837B1C00F0B3843A46294620460B
:108E4000FBF73CFF0890002800F09F84031B039A67
:108E5000049323EAE3732F4607920393089557E69A
:108E6000432902D0F50640F12D83079D08220021F9
:108E700016A82BACFBF78EFD16AB55F8042B21463C
:108E80005846FEF7ADFC03460133049000F0B3846E
:108E9000049B079523EAE373039300238DF8433083
:108EA00003E7079B53F8042B0692002A80F29C826A
:108EB000069A5242CDE9062398F8001046F00406BF
:108EC00069E598F800108DF8434064E598F80010C3
:108ED00046F080065FE5424612F8011B2A2900F0A1
:108EE0009684A1F13003092B90464FF000073FF61E
:108EF00054AD18F8011B07EB870703EB4707A1F1F7
:108F00003003092BF5D948E598F8001046F0010622
:108F100041E59DF84330002B7FF4C2AD202398F843
:108F200000108DF8433036E598F800106C2903BF27
:108F300098F8011046F0200608F1010846F01006E6
:108F400029E598F80010682903BF98F8011046F445
:108F5000007608F1010846F040061CE546F01003D3
:108F60000393039B13F0200200F00682079B073354
:108F700023F0070319465A6851F8083B079101216D
:108F80000DE6079A46F00203039352F8043B07925A
:108F900047F63002ADF84420B84A0C920221002274
:108FA000FDE5B70600F14882F50600F14683740638
:108FB00000F1D583B00540F14083079B059953F834
:108FC000042B07931170BEE4039601293FF48CAD86
:108FD000022944AC11D10C9803F00F011B09415C2C
:108FE00004F8011D43EA0273120953EA0201F3D1A6
:108FF000039E44AB1B1B049383E503F00701DB08CE
:1090000043EA4273D208303153EA0205204604F89D
:10901000011DF2D1039EF307EBD53029E8D03023B0
:10902000023804F8013C44AB1B1A039E0493044627
:1090300067E5049B1B9401221C931A9319920DF16E
:109040006C0909F108099DE60DF16C097BE4069AAB
:10905000039D551B002D7FF776AE102D40F3BB838B
:10906000099418EE104A07E000F1020C09F1080912
:109070001046103D102D1EDD8149C9F80010421C1C
:1090800010331021072ACDE91923C9F80410EBDDAC
:1090900018AA002B74D0214658460DF16C09FFF731
:1090A000CBFB00287FF4DBADDDE91903103D102D6B
:1090B00000F1010CE0DC099C714AC9F804502B4412
:1090C000BCF1070FCDE919C3C9F8002040F3948122
:1090D000002B00F01F8318EE101A18AA5846FFF74D
:1090E000ABFB00287FF4BBAD049ADDE91903BD1A80
:1090F000002D00F101010DF16C097FF729AE102D53
:1091000029DD0994102718EE104A07E000F1020C3F
:1091100009F108091046103D102D1ADD421C58496E
:109120001033072AC9E90017CDE91923EEDD18AA83
:1091300003B3214658460DF16C09FFF77DFB00286B
:109140007FF48DADDDE91903103D102D00F1010C08
:10915000E4DC099C61464A4AC9F804502B440729BB
:10916000CDE91913C9F8002000F3E78009F10809D7
:109170000131EDE54FF0010C18460DF16C09CAE71D
:109180004FF0010C18460DF16C0972E7002B00F04E
:10919000048118EE101A18AA5846FFF74DFB002854
:1091A0007FF45DADDDE919030DF16C09411CA7E504
:1091B000022311AA1C931B9201210DF16C09084690
:1091C00009F10809411CBAE5102D40F3E582DDE9FB
:1091D00019130F94084618EE104A07E000F1020C2C
:1091E00009F108091046103D102D1DDD2549C9F86B
:1091F0000010421C10331021072ACDE91923C9F8A9
:109200000410EBDD18AA03B3214658460DF16C0992
:10921000FFF712FB00287FF422ADDDE91903103DB2
:10922000102D00F1010CE1DC0F9C6046154AC9F8D5
:1092300004502B440728CDE91903C9F8002000F396
:10924000C18009F10809411C46E518464FF0010CA0
:109250000DF16C09C7E77607199353D5069A039960
:10926000541A002C4EDD0DF16C09102C40F3B08225
:10927000199918EE106A10250DE000BFD4130020D4
:109280002019002018140020881C09F10809114633
:10929000103C102C1ADD4A1CB3481033072AC9E9C8
:1092A0000005CDE91923EFDD18AA33B3314658463E
:1092B000FFF7C2FA00287FF4D2ACDDE91913103CA5
:1092C000102C01F101000DF16C09E4DCA64AC9F88B
:1092D000044023440728CDE91903C9F800207FF78B
:1092E00059AD7BB118EE101A18AA5846FFF7A4FA28
:1092F00000287FF4B4AC1A9B4CE5012019460DF10F
:109300006C09C5E7DDE9053203998A42ACBF9B18B9
:109310005B18059349E5B2F90C108F0518EE103A69
:109320008AB23FF5E8AA18EE105A986DFBF7BCFC1C
:10933000B5F90C108AB2FFF7DEBA002B3FF479AE14
:1093400018EE101A18AA5846FFF776FA00287FF48C
:1093500086AC19991A9B01310DF16C09F8E4199248
:109360000DF16C095EE4002F7FF4C3AB039E002770
:10937000049744ACFFF7C5BB039B13F0100354D113
:10938000039A12F0400000F06B8107991A4651F8D9
:10939000043B07919BB2012101E4099A002A64D1A0
:1093A000184601210DF16C09C9E4012118460DF19F
:1093B0006C09C4E45B4262EB420203962D2001215A
:1093C000FFF7EEBB002B00F0888018EE101A18AAE9
:1093D0005846FFF731FA00287FF441ACDDE9190364
:1093E0000DF16C09411C77E498F800100793FFF722
:1093F000D2BA44ACFFF785BB09F108090CF10101B1
:109400006046A0E416F4007240F0978151F8043BE6
:109410000791FFF7C0BBB30500F1888152F8043B08
:109420000792DA171146FFF752BB079951F8043B30
:1094300007910121FFF7B3BB079B059853F8041B65
:109440000793C217C1E90002FFF77DBA0B9B002BFF
:109450003FF426AB0B9B1B78002B3FF421AB98F815
:10946000001046F48066FFF796BA022311AA1C93F7
:109470001B9201200DF16C09A2E6039671E53B4BAE
:109480000C9316F0200259D0079B073323F00703F3
:1094900018465A6850F8083B0790F40709D553EA74
:1094A000020006D08DF84510302146F002068DF8F6
:1094B000441026F4806103910221FFF770BB2C4B0E
:1094C0000C93DEE7079B012153F8042B03918DF8E1
:1094D000AC20079304912BACDFE49DF84320002AD5
:1094E00040F03281099A002A7FF462AE18460121C9
:1094F0000DF16C0927E40021082216A81394FBF74C
:1095000049FA791C00F0BC80002507942C460CE039
:109510002BA95846FEF764F9421C204400F06B81E9
:10952000B84208DC00F070810446139A525916AB19
:109530000435002AECD10494079CAFE016F0100328
:1095400007980CD116F0400405D01A4650F8043B99
:1095500007909BB2A1E716F4007240F0E18050F84A
:10956000043B079099E700BF18140020D413002093
:10957000E81300200399049744AC9E4608EE90BA85
:1095800001F480664FF0000C234606E0BEF10A0F9E
:1095900072F1000239D3A6462A46A6491EEB020004
:1095A00040F100000F46A1FB001424F0030101EB81
:1095B0009401401ABEEB00014FF0CC3562F100047B
:1095C00005FB01F507FB0455A1FB07410D440527E9
:1095D00004F00101A1FB071B09186408303103F8EE
:1095E000011C44EAC5740CF1010C013B6D08002E0E
:1095F000CCD00B9909786145C8D1BCF1FF0FC5D01B
:10960000BEF10A0F72F100026CD21C4644AB1B1B68
:10961000049F039E049318EE90BAFFF772BA039664
:10962000FFF762BA5846FBF7BBF8FFF75BB90129B1
:1096300003967FF4CDACFFF75CBA079B059953F80E
:10964000042B11600793FFF77EB9062F3B46039A60
:10965000794C079228BF062304930393FFF725BB99
:10966000039B079913F4007214BF51F8043B51F89F
:10967000043B07911CBF0246DBB20121FFF78FBA02
:1096800016AB00930023194613AA5846FEF7CEF8EE
:1096900003460133049000F0AE801394049B002B2A
:1096A00030D0632B63DC002308932BAC082200210D
:1096B00016A8FBF76FF9049D16AB009313AA2B466F
:1096C00021465846FEF7B2F8854240F0AB80039B36
:1096D000049A07930023A3541F4622EAE2730393DC
:1096E000FFF716BA0E9A0D999B1A18460893FBF7C6
:1096F000E9F90B99089B4A780AB101310B914FF0B7
:10970000000C48E7039B0793049B03931F460893B1
:10971000FFF7FEB9012118460DF16C09FFF713BBE5
:1097200050F8043B07902246DBB2B6E612F9043B40
:109730000792DA171146FFF7CAB951F8043B0791AF
:109740000246DBB2FFF727BA01231C9301210DF17A
:1097500043031B930DF16C090B46FFF7CDBA079B32
:10976000059953F8042B07931180FFF7ECB8591CA7
:109770005846FAF793FA044600283CD0089095E73B
:10978000886DFBF793FAFFF7E9B9039B0793CDE9DF
:109790000377089FFFF7BCB919981A9B013045E57C
:1097A000039B07932046FBF7E1FA20EAE0732F467C
:1097B000049003930895FFF7ABB918EE101A18AA96
:1097C0005846FFF739F800283FF436AAFFF74DBA9C
:1097D000199801307AE58C466EE46B6ED90705D492
:1097E000AB899A0502D4A86DFBF760FA4FF0FF33FE
:1097F0000593FFF749BA18EE102AB2F90C3043F07E
:1098000040039381FFF735BA079C049746E7079B0F
:1098100098F8011053F8047B0793904647EAE777DE
:10982000FFF7B9B818EE102A938943F040039381EB
:10983000FFF715BACDCCCCCCFC13002070B50C468C
:109840008989ADF58E6D21F00201ADF81410616EBD
:109850001B91E189ADF81610E1690991616A0B91DC
:109860001CA9029106914FF480610646049107916C
:1098700018A80021CDE900320891FBF711FADDE9C3
:10988000003202A93046FFF713F8051E07DB02A9D4
:109890003046FDF7E5FE002818BF4FF0FF35BDF854
:1098A00014305B0603D5A38943F04003A3811898C5
:1098B000FBF7F8F928460DF58E6D70BD9368002B07
:1098C00000F085802DE9F04FB1F90C300C461907F6
:1098D000804683B0174698B225D523691BB310F094
:1098E00002033D682DD04FF0000ADFF8C0B25646A3
:1098F000B9465E453346524628BF5B464046002E79
:1099000052D0E169676AB847002856DDD9F80830B7
:109910001B1A8244361AC9F80830002BE9D10020FE
:1099200003B0BDE8F08F2146404600F041F9002821
:1099300040F03881B4F90C303D6898B210F0020361
:10994000D1D110F0010944D14E46009746B38205AB
:10995000D4F808B040F18580B3455A4600F2B4808F
:1099600010F4906F40F0C180206801924946FAF7E8
:1099700095FFA368019AA3EB0B012368A160134430
:10998000B24623600026009A9368A3EB0A03D144F1
:109990009360002BC3D0B4F90C0080B2002ED6D156
:1099A000D5E900960835D1E7D5E900A60835A0E746
:1099B00021464046FDF754FE88B3B4F90C3043F01D
:1099C00040034FF0FF30A38103B0BDE8F08F0020CB
:1099D00070471E46BA469946184600951F4666B31C
:1099E000002832D04A46D4E904132068A568B24260
:1099F00028BF3246884204D905EB030B5A4500F3D1
:109A0000A780934264DCE169656A3A464046A8470C
:109A1000B0F1000BD1DDB9EB0B09C9D00120DAF8A8
:109A20000830A3EB0B035F44A6EB0B06CAF8083023
:109A3000002B3FF474AF002ED2D1009A5668134623
:109A400008320092002EF8D01F6832460A213846AC
:109A5000FBF734F9002800F09C800130A0EB0709E7
:109A6000C0E720682369984216D86269B24213D8C9
:109A70006FF00043B34228BF3346E16993FBF2F332
:109A8000676A02FB03F340464A46B847B0F1000A52
:109A900093DDA6EB0A0676E7B345DA4628BFB24661
:109AA00052464946FAF7FAFEA3682268A3EB0A0376
:109AB0005244A3602260002BEBD121464046FDF7C3
:109AC000CFFD0028E5D078E72068B34632464CE762
:109AD00039460192FAF7E2FE019AA3689B1AA36045
:109AE000236813442360934695E723682169A3EB19
:109AF000010B636903EB430A0AEBDA7A0BF101030A
:109B00004FEA6A0A33445345524684BF9A46524646
:109B100043052CD511464046FAF7C0F800283BD043
:109B20005A4621690190F8F795F9A289019B22F420
:109B3000906242F08002A28103EB0B002361AAEB4A
:109B40000B03C4F814A0A3602060B34632460CE7B0
:109B500039465A46FAF7A2FE23685B442360214641
:109B60004046FDF77DFD00283FF455AF25E7404610
:109B7000FAF750FB03460028DED121694046FBF787
:109B8000F7F9B4F90C300C2223F08003C8F8002058
:109B900015E7721C914626E70C22B4F90C30C8F880
:109BA00000200CE74FF0FF30BAE600BF00FCFF7F5B
:109BB00038B5314B1B6805460C4613B15A6B002A69
:109BC0004ED0B4F90C3018079AB21CD5216929B3CC
:109BD00012F0010007D00020A06060694042A0613F
:109BE00039B1002038BD950758BF6069A0600029D1
:109BF000F7D1120658BF0846F4D543F04003A381BD
:109C00004FF0FF3038BDD1062ED5520714D421694C
:109C100043F00803A3819AB20029D9D102F420703D
:109C2000B0F5007FD4D02146284600F047F9B4F9BA
:109C30000C3021699AB2CBE7216B51B104F140029B
:109C4000914204D02846FBF793F9B4F90C30002276
:109C5000226321690022C4E9001223F02403D7E71C
:109C60001846FAF79DFDACE7092243F040032A604D
:109C70004FF0FF30A38138BD1C2400202DE9F047B0
:109C800082B0824688461446FAF74EFF012803D177
:109C900008F1FF33FE2B36D90DF10409424604F1D9
:109CA0005C0349465046FDF79BFD421C064632D0F8
:109CB00020B39DF804C0002509E023685A1C2260E7
:109CC00083F800C00135B54218D219F801CFA36856
:109CD000013B002BA360F0DAA769BB426146224634
:109CE000504602DBBCF10A0FE7D100F053F9431CE8
:109CF000E8D10646304602B0BDE8F0874646304619
:109D000002B0BDE8F0875FFA88FC8DF804C0064613
:109D10000DF10409CFE7A389304643F04003A38146
:109D200002B0BDE8F08700BF30B5536E13F0010FED
:109D3000B2F90C30144683B005469AB201D19805A9
:109D40001CD5900406D4626E43F4005342F40052D2
:109D5000A381626622462846FFF790FF636EDA070A
:109D6000054602D4A3899B0502D5284603B030BD21
:109D7000A06DFAF79BFF284603B030BDA06D01919E
:109D8000FAF792FFB4F90C3001999AB2D9E700BF03
:109D90002DE9F04F8BB0DDE9158A149F03918146C0
:109DA00005921E46B8F1000F5CD0039B002B5ED0DD
:109DB000059B1D68002F6AD0741E4EB3039B04934D
:109DC000043D002601950BE0039B2BBB019B1A6809
:109DD000002A3AD0BC455CD2013C631C664617D0D1
:109DE000D8F800300293019BDAF8E05053F8042FC2
:109DF000019307A943464846D8F804B0A847421C37
:109E00003AD000EB060CBC45DED9029BC8E9003B0A
:109E100030460BB0BDE8F08F00280EDD049B019D9D
:109E200018445A1E07A900F1FF3E11F8013B02F841
:109E3000013F7245F9D101950490059B1A680432DF
:109E40001A60019B1A68002AC4D1039B0BB1059BC1
:109E50001A600CF1FF3600223046C8F800200BB023
:109E6000BDE8F08F039B00F58678002BA0D1059B01
:109E70004FF0FF371D689FE706468A2100223046D3
:109E8000C9F80010C8F800200BB0BDE8F08F3E46BE
:109E9000BEE76646BCE700BF10B584B0054C069827
:109EA000009007980190044800680294FFF770FF43
:109EB00004B010BD941E00201C2400202DE9F041A8
:109EC0008B890C46990796B008D504F1430301220B
:109ED000C4E90432236016B0BDE8F081B4F90E1075
:109EE0000029064625DB6A4600F0ACF800281FDB97
:109EF000019D05F47045A5F50055B5FA85F54FF4BB
:109F000080686D094FF4006741463046F9F7C6FE98
:109F1000E0B1B4F90C30C4F8148043F08003206041
:109F20002061A38135BB3B43A38116B0BDE8F0811E
:109F3000A38913F0800519D04FF040080025414651
:109F400030462F46F9F7AAFE0028E2D1B4F90C30CA
:109F50009A05C0D423F0030304F1430243F0020343
:109F60000121C4E90421A3812260B4E74FF4806891
:109F70002F46C9E7B4F90E10304600F079F810B951
:109F8000B4F90C30CFE7A38923F0030343F00103B6
:109F90001BB2C8E7F8B50D461446064610B1436B30
:109FA000002B4CD0B4F90C20A369A360170790B222
:109FB0001BD52369CBB1EDB281042F4622D522688F
:109FC0006169D31A994229DD0133A1680139A16081
:109FD000511C2160157062699A4227D0A389DB0762
:109FE00001D50A2D22D03846F8BD21463046FFF76C
:109FF000DFFD08BBB4F90C20236990B2EDB28104F7
:10A000002F46DCD442F40052A281626E616922F4D0
:10A01000005262662268D31A9942D5DC2146304646
:10A02000FDF71EFB40B922680123CEE721463046EA
:10A03000FDF716FB0028D6D04FF0FF37D3E7FAF72D
:10A04000AFFBAFE770B50C46084D0346002620462F
:10A0500011461C462E60F8F77DF9431C00D070BDF8
:10A060002B68002BFBD0236070BD00BF843800201C
:10A0700038B5074D0022044608462A60F8F770F903
:10A08000431C00D038BD2B68002BFBD0236038BDAB
:10A09000843800205FF800F0E91700605FF800F0F6
:10A0A000A51F00605FF800F0811700605FF800F006
:0CA0B0004D2000605FF800F01916006001
:04A0BC00F8B500BF34
:08A0C000C097FF7F01000000C2
:10A0C8000000000000000000000000000000000088
:10A0D8000000000000000000000000000000000078
:10A0E8000000000000000000000000000000000068
:10A0F8000000000000000000000000000000000058
:10A108000000000000000000000000000000000047
:10A118000000000000000000000000000000000037
:10A128000000000000000000000000000000000027
:10A138000000000000000000000000000000000017
:10A148000000000000000000000000000000000007
:10A1580000000000000000000000000000000000F7
:10A1680000000000000000000000000000000000E7
:10A1780000000000000000000000000000000000D7
:10A1880000000000000000000000000000000000C7
:10A1980000000000000000000000000000000000B7
:10A1A80000000000000000000000000000000000A7
:10A1B8000000000000000000000000000000000097
:10A1C8000000000000000000000000000000000087
:10A1D8000000000000000000000000000000000077
:10A1E8000000000000000000000000000000000067
:10A1F8000000000000000000000000000000000057
:10A208000000000000000000000000000000000046
:10A218000000000000000000000000000000000036
:10A228000000000000000000000000000000000026
:10A238000000000000000000000000000000000016
:10A248000000000000000000000000000000000006
:10A2580000000000000000000000000000000000F6
:10A2680000000000000000000000000000000000E6
:10A2780000000000000000000000000000000000D6
:10A2880000000000000000000000000000000000C6
:10A2980000000000000000000000000000000000B6
:10A2A80000000000000000000000000000000000A6
:10A2B8000000000000000000000000000000000096
:10A2C8000000000000000000000000000000000086
:10A2D8000000000000000000000000000000000076
:10A2E8000000000000000000000000000000000066
:10A2F8000000000000000000000000000000000056
:10A308000000000000000000000000000000000045
:10A318000000000000000000000000000000000035
:10A328000000000000000000000000000000000025
:10A338000000000000000000000000000000000015
:10A348000080E03779C34143176E05B5B5B8934629
:10A35800F5F93FE9034F384D321D30F94877825AF5
:10A368003CBF737FDD4F1575000000000000F03F13
:10A3780000000000000024400000000000005940D8
:10A388000000000000408F40000000000088C3402B
:10A3980000000000006AF8400000000080842E41A0
:10A3A80000000000D01263410000000084D79741EC
:10A3B8000000000065CDCD41000000205FA00242F2
:10A3C800000000E876483742000000A2941A6D4267
:10A3D800000040E59C30A2420000901EC4BCD6425A
:10A3E80000003426F56B0C430080E03779C3414305
:10A3F80000A0D8855734764300C84E676DC1AB437B
:10A40800003D9160E458E143408CB5781DAF154498
:10A4180050EFE2D6E41A4B4492D54D06CFF0804473
:10A42800F64AE1C7022DB544B49DD9794378EA4488
:10A43800000000000000F03F000000000000F0BF36
:10A44800000000000000F0BF000000000000F03F26
:10A4580083C8C96D305F6441182D4454FB21F93F0E
:10A46800000000000000F03F1C620CFDFFFFDFBF92
:10A47800198F06E15355A53F9D359AE887C056BF09
:10A48800C3F87B024393F93E03A695595455C5BFBB
:10A49800C40B23057610813F24CF7437EB9429BF72
:10A4A800000000000000F03F000000000000F0BFC6
:10A4B800000000000000F0BF000000000000F03FB6
:10A4C80083C8C96D305F6441182D4454FB21F93F9E
:10A4D800000000000000F0BF1C620CFDFFFFDF3F22
:10A4E800198F06E15355A5BF9D359AE887C0563F99
:10A4F800C3F87B024393F9BE03A695595455C5BFCB
:10A50800C40B23057610813F24CF7437EB9429BF01
:10A51800F09F9381205361766564207265636F7242
:10A5280064696E673A2000004241545359342D50F3
:10A53800524F00005261766920556D6164690000D0
:10A54800342D4348414E4E454C207C203139322031
:10A558006B487A002F424154253033642E574156B8
:10A5680000000000534156454400000043617272E8
:10A57800696572204672657175656E63793A200067
:10A5880020487A2C207068617365496E633A200010
:10A598004F757470757420566F6C756D653A200030
:10A5A80048657465726F64796E6520496E7075745C
:10A5B800204368616E6E656C3A200000534156492D
:10A5C8004E470000E29C852044756D7065642072DA
:10A5D800696E67206275666665723A200000000041
:10A5E8002564000025750000232530336400000031
:10A5F800434152524945520043480000564F4C557A
:10A608004D450000250000004E4558542052454352
:10A618003A20257300000000FF0078018001430202
:10A62800880187018C018B01920191019501F60146
:10A63800990198019A013D029E012002A801A701F3
:10A64800AD01AC01B001AF01B901B801BD01BC0158
:10A65800BF01F701C601C401C901C701CC01CA0184
:10A66800DD018E01F301F101F501F4013A02652CD7
:10A678003C023B023E02662C420241025302810127
:10A68800540286015602890157028A0159028F0134
:10A698005B029001600293016302940168029701D2
:10A6A800690296016B02622C6F029C0172029D0185
:10A6B80075029F017D02642C8002A6018302A90114
:10A6C8008802AE01890244028A02B1018B02B201FA
:10A6D8008C0245029202B7017B03FD037C03FE0353
:10A6E8007D03FF03AC038603C203A303CC038C03DF
:10A6F800CD038E03CE038F03F203F903F803F703A8
:10A70800FB03FA03CF04C0047D1D632C511F591F9E
:10A71800531F5B1F551F5D1F571F5F1F781FF81FB3
:10A72800791FF91FB31FBC1FCC1FC31FE51FEC1FE8
:10A73800FC1FF31F4E21322184218321612C602CC0
:10A74800762C752C00000000003E5B4F5B3E3E6B94
:10A758004F6B3E1C3E7C3E1C183C7E3C181C577DB3
:10A76800571C1C5E7F5E1C00183C1800FFE7C3E7FF
:10A77800FF0018241800FFE7DBE7FF30483A060E11
:10A788002629792926407F050507407F05253F5A58
:10A798003CE73C5A7F3E1C1C08081C1C3E7F1422C8
:10A7A8007F22145F5F005F5F06097F017F00668973
:10A7B800956A606060606094A2FFA29408047E04B9
:10A7C8000810207E201008082A1C08081C2A0808DF
:10A7D8001E101010100C1E0C1E0C30383E3830069F
:10A7E8000E3E0E06000000000000005F000000079B
:10A7F800000700147F147F14242A7F2A12231308C9
:10A80800646236495620500008070300001C2241A4
:10A81800000041221C002A1C7F1C2A08083E080848
:10A8280000807030000808080808000060600020F8
:10A83800100804023E5149453E00427F40007249DB
:10A848004949462141494D331814127F102745457F
:10A8580045393C4A49493141211109073649494995
:10A8680036464949291E0000140000004034000003
:10A87800000814224114141414140041221408026C
:10A88800015909063E415D594E7C1211127C7F49DF
:10A898004949363E414141227F4141413E7F494934
:10A8A80049417F090909013E414151737F08080860
:10A8B8007F00417F41002040413F017F0814224131
:10A8C8007F404040407F021C027F7F0408107F3E8B
:10A8D8004141413E7F090909063E4151215E7F09F8
:10A8E800192946264949493203017F01033F40405F
:10A8F800403F1F2040201F3F4038403F631408144A
:10A908006303047804036159494D43007F41414181
:10A918000204081020004141417F04020102044062
:10A9280040404040000307080020545478407F28E6
:10A938004444383844444428384444287F385454DC
:10A94800541800087E090218A4A49C787F080404FF
:10A958007800447D40002040403D007F102844009E
:10A9680000417F40007C047804787C08040478382F
:10A9780044444438FC1824241818242418FC7C085F
:10A98800040408485454542404043F44243C4040DC
:10A99800207C1C2040201C3C4030403C442810288F
:10A9A800444C9090907C4464544C440008364100D8
:10A9B8000000770000004136080002010204023C52
:10A9C8002623263C1EA1A161123A4040207A385421
:10A9D800545559215555794122545478422155549A
:10A9E800784020545579400C1E52721239555555ED
:10A9F80059395454545939555454580000457C41D8
:10AA08000002457D420001457C407D1211127DF017
:10AA1800282528F07C545545002054547C547C0A41
:10AA2800097F4932494949323A4444443A324A480A
:10AA380048303A4141217A3A42402078009DA0A00E
:10AA48007D3D4242423D3D4040403D3C24FF242460
:10AA5800487E4943662B2FFC2F2BFF0929F620C07F
:10AA6800887E090320545479410000447D413048D0
:10AA7800484A32384040227A007A0A0A727D0D1913
:10AA8800317D2629292F28262929292630484D4075
:10AA980020380808080808080808382F10C8ACBA71
:10AAA8002F102834FA00007B000008142A142222F0
:10AAB800142A14085500550055AA55AA55AAFF5539
:10AAC800FF55FF000000FF00101010FF00141414C1
:10AAD800FF001010FF00FF1010F010F0141414FC09
:10AAE800001414F700FF0000FF00FF1414F404FC26
:10AAF800141417101F10101F101F1414141F001007
:10AB08001010F0000000001F101010101F1010107F
:10AB180010F010000000FF1010101010101010108E
:10AB2800FF10000000FF140000FF00FF00001F10CE
:10AB3800170000FC04F414141710171414F404F488
:10AB48000000FF00F714141414141414F700F71479
:10AB58001414171410101F101F141414F4141010C8
:10AB6800F010F000001F101F0000001F140000006C
:10AB7800FC140000F010F01010FF10FF141414FF64
:10AB8800141010101F00000000F010FFFFFFFFFF5F
:10AB9800F0F0F0F0F0FFFFFF0000000000FFFF0FF3
:10ABA8000F0F0F0F3844443844FC4A4A4A347E0297
:10ABB800020606027E027E02635549416338444418
:10ABC8003C04407E201E2006027E020299A5E7A5CD
:10ABD800991C2A492A1C4C7201724C304A4D4D303E
:10ABE8003048784830BC625A463D3E494949007E63
:10ABF8000101017E2A2A2A2A2A44445F44444051FA
:10AC08004A444040444A51400000FF0103E080FFAD
:10AC1800000008086B6B083612362436060F090F39
:10AC280006000018180000001010003040FF010155
:10AC3800001F01011E00191D1712003C3C3C3C007E
:10AC4800000000006100E01AE000E017F800E007EB
:10AC58000001013032010106390101104A01012EBB
:10AC68007901010682010104A0010106B301010472
:10AC7800CD010110DE010112F801012822020112A2
:10AC88004602010AAD03DB03B103E011C303E00987
:10AC9800D80301183004E0205004B01060040122E9
:10ACA8008A040136C104010ED00401446105D0268E
:10ACB800001E0196A01E015A001F0808101F080652
:10ACC800201F0808301F0808401F0806601F0808D2
:10ACD800701F4A02721F5604761F64027A1F7002A0
:10ACE8007C1F7E02801F0808901F0808A01F080804
:10ACF800B01F0802D01F0802E01F08027021F010E0
:10AD0800D024E61A302CD02F672C0106802C016441
:10AD1800002D002641FFE01A1F1C1F1E1F1E1F1FAB
:10AD28001E1F1E1F4361726420697320746F6F2099
:10AD3800736D616C6C2E0D0A00000000466F726D19
:10AD4800617420446F6E650D0A000000466F726DD5
:10AD58006174204661696C65640D0A004261642073
:10AD6800636C757374657220636F756E740D0A0079
:10AD780044657669636520697320746F6F20736D0D
:10AD8800616C6C0D0A00000057726974696E672067
:10AD980046415420000000002E00000057726974DC
:10ADA800696E6720757063617365207461626C6594
:10ADB8000D0A000057726974696E6720726F6F74AC
:10ADC8000D0A0000466F726D617420646F6E650D28
:10ADD8000A000000466F726D6174206661696C65D7
:10ADE800640D0A0045584641540000006E616E002B
:10ADF800696E66006F76660031D4000035D40000B5
:10AE080039D400003DD400006CC00F40C0000000E1
:10AE1800504F0000F13300000CFF00001300000049
:10AE2800000000000000000024851F400BFF000008
:10AE380013000000000000000000000028851F40EB
:10AE48000DFF0000130000000000000000000000DB
:10AE580020851F400A25240013000000120000006E
:10AE68001200000001020300000000001C851F40C2
:10AE780000000000000000000000000000000000CA
:10AE8800F5050000E105000069000000B9050000B3
:10AE98007D0600006D050000FD04000000000000B4
:10AEA8000000000001E500000000000000000000B4
:10AEB8005DBE00009DD60000690000006D00000026
:10AEC80001E50000F5B40000F9B4000031B5000058
:10AED80009B500001DB500004DB80000F5B400002C
:10AEE8006DB5000069B5000091B50000E9B5000036
:10AEF800E5B6000049B5000041B6000079B700008A
:10AF0800000000000000000075260000000000009E
:10AF180000000000B9280000000000000000000048
:10AF28003D2D00000000000000000000B5310000C9
:10AF380000000000000000005DBE00009DD600007B
:10AF4800690000006D00000029C20000F5B400008F
:10AF5800F9B4000031B5000009B500001DB50000C6
:10AF68004DB80000F5B400006DB50000EDC6000056
:10AF78007DC5000005C50000E5B6000049B5000024
:10AF880041B6000079B70000000000000000000092
:10AF98009D3200000000000000000000818A0000CF
:10AFA8008D8A0000858A00008D8B0000FD920000CC
:10AFB8002D9200008992000029910000098D00005F
:10AFC8003D9700009D8A0000118A0000CD93000083
:10AFD800FD890000018A0000098A00000D8A00002E
:10AFE800218D00005D950000E59400003D90000073
:10AFF800F5890000058A00003D9600006593000071
:10B00800018B0000000000000000000015D60000C1
:10B01800D1EE0000CDEE0000C9EE0000C5EE000044
:10B02800C1EE0000BDEE0000B9EE00000000000017
:10B0380000000000C10300001507000069000000BF
:10B0480099030000B5020000410300001503000049
:10B05800710800001909000000000000000000004D
:10B06800F5050000E105000069000000B9050000D1
:10B078007D0600006D050000FD04000000000000D2
:10B08800000000005907000099070000550500005E
:10B09800CD050000C906000015050000A505000043
:10B0A800FD000000E1070000150400003104000065
:10B0B8008500000071000000AD0000002D050000B3
:10B0C8004D0400008D01000045020000D50100007C
:10B0D80029060000390100000000000000000000FF
:10B0E80001E500009DD60000690000006D00000029
:10B0F80001E5000001E5000001E500000000000096
:10B108000000000055370000DD370000ED37000073
:10B11800FD390000C1390000093900006D3900000F
:10B12800B5380000353A0000253B0000613B0000BF
:10B138003D3C000051370000000000000000000006
:10B148004DB0000079B000006900000049B000006F
:10B1580005B0000011B0000031B000000000000090
:10B16800000000001D990000219900008D97000043
:10B17800119D000059A90000D9A200003D800000DF
:10B188004D99000029A9000069AA000061A30000E8
:10B198009578000081A00000AD980000B9980000E3
:10B1A800819700008597000089970000C5980000E6
:10B1B800E99800000D9900008D9D0000319900006C
:10B1C800659B0000D99D0000AD9E000000FF0100B6
:10B1D800010000FFFF0000010001FF00C1CE0000D8
:10B1E800C5CE0000CDCE0000D5CE0000D8399D27B1
:10B1F8000054EA2A00A4781F007B9A172C20667551
:10B208006E6374696F6E3A200000000061737365A5
:10B218007274696F6E2022257322206661696C65DD
:10B22800643A2066696C6520222573222C206C699B
:10B238006E65202564257325730A0000A2000000AE
:10B24800F9A2000083F9A2006E83F9A24E6E83F979
:10B25800444E6E8315444E6E2915444EFC29154400
:10B2680027FC29155727FC29D15727FCF5D1572743
:10B2780034F5D157DD34F5D1C0DD34F5DBC0DD342C
:10B2880062DBC0DD9562DBC0999562DB3C99956213
:10B29800433C999590433C994190433C42616C6C86
:10B2A8006F632073756363656564656400000000FF
:10B2B8002F566F6C756D65732F646174612F6A65A5
:10B2C8006E6B696E732F776F726B73706163652F26
:10B2D800474E552D746F6F6C636861696E2F61728C
:10B2E8006D2D31312F7372632F6E65776C69622D06
:10B2F80063796777696E2F6E65776C69622F6C6901
:10B3080062632F7374646C69622F6D707265632E4B
:10B318006300000000202020202020202020282852
:10B3280028282820202020202020202020202020FD
:10B33800202020202088101010101010101010103D
:10B34800101010101004040404040404040404106D
:10B3580010101010101041414141414101010101FB
:10B3680001010101010101010101010101010101C5
:10B3780010101010101042424242424202020202D1
:10B388000202020202020202020202020202020295
:10B398001010101020000000000000000000000045
:10B3A8000000000000000000000000000000000095
:10B3B8000000000000000000000000000000000085
:10B3C8000000000000000000000000000000000075
:10B3D8000000000000000000000000000000000065
:10B3E8000000000000000000000000000000000055
:10B3F8000000000000000000000000000000000045
:10B408000000000000000000000000000000000034
:10B418000000000000000000496E66696E697479DA
:10B42800000000004E614E002F566F6C756D6573FD
:10B438002F646174612F6A656E6B696E732F776F05
:10B44800726B73706163652F474E552D746F6F6C07
:10B45800636861696E2F61726D2D31312F7372636C
:10B468002F6E65776C69622D63796777696E2F6EC9
:10B4780065776C69622F6C6962632F7374646C6999
:10B48800622F64746F612E6300000000494E46000D
:10B498004E414E00303132333435363738396162F7
:10B4A8006364656600000000303132333435363766
:10B4B800383941424344454600000000286E756C07
:10B4C8006C290000300000002020202020202020AF
:10B4D8002020202020202020202020202020202064
:10B4E800202020202020202000000042C8801F406B
:10B4F800B8821F400800000000000042C4801F40BE
:10B50800B4821F400400000000C0004224801F4095
:10B5180014821F401000000000C0004228801F4015
:10B5280018821F402000000000C000422C801F40ED
:10B538001C821F404000000000C0004234801F40B1
:10B5480024821F40000100000040004264811F4027
:10B5580054831F40000400000040004280811F40C7
:10B5680070831F4000000200004000427C811F40A1
:10B578006C831F40000001000040004268811F40AA
:10B5880058831F4000080000004000423C811F40D3
:10B598002C831F40010000000040004244811F40EE
:10B5A80034831F40040000000040004240811F40D7
:10B5B80030831F40020000000040004248811F40C5
:10B5C80038831F40080000000000004204811F402B
:10B5D800F4821F40000004000000004208811F4060
:10B5E800F8821F40000008000000004218811F4038
:10B5F80008831F40000080000000004214811F40A3
:10B6080004831F40000040000000004200811F40EA
:10B61800F0821F400000020000000042FC801F4032
:10B62800EC821F40000001000000004224811F40FE
:10B6380014831F40000000040000004228811F40BE
:10B6480018831F4000000008000000421C811F40B2
:10B658000C831F40000000010000004220811F40B1
:10B6680010831F400000000200000042EC801F40D1
:10B67800DC821F400010000000000042F0801F40E4
:10B68800E0821F40002000000000004234811F407B
:10B6980024831F40000000400000004238811F4002
:10B6A80028831F40000000800080004294801F40D3
:10B6B80084821F400000040000C0004290801F40A8
:10B6C80080821F400000008000800042A8801F4048
:10B6D80098821F400000800000800042A4801F4024
:10B6E80094821F4000004000004000426C811F40CF
:10B6F8005C831F400010000000C0004230801F40E3
:10B7080020821F408000000000400042B0811F409E
:10B71800A0831F400000002000400042AC811F4071
:10B728009C831F40000000100040004284811F409D
:10B7380074831F40000004000040004288811F40BD
:10B7480078831F4000000800000000422C811F4041
:10B758001C831F40000000100000004230811F4081
:10B7680020831F4000000020000000420C811F4081
:10B77800FC821F40000010000000004210811F40A2
:10B7880000831F400000200000800042C8811F4045
:10B79800B8831F400080000000800042C4811F4021
:10B7A800B4831F400040000000800042C0811F4059
:10B7B800B0831F400020000000800042BC811F4071
:10B7C800AC831F400010000000800042D0811F4061
:10B7D800C0831F400000020000800042CC811F404F
:10B7E800BC831F400000010000C0004274801F405D
:10B7F80064821F400000000100C0004280801F409A
:10B8080070821F400000000800C0004284801F4072
:10B8180074821F400000001000C000426C801F406E
:10B828005C821F400000400000C000427C801F4036
:10B838006C821F400000000400C0004278801F4056
:10B8480068821F400000000200C0004288801F403C
:10B8580078821F40000000205245434F5244494E11
:10B8680047000000546F74616C2073616D706C65E3
:10B878007320706572206368616E6E656C3A200093
:10B8880005000000190000007D000000E29D8C20EA
:10B898005353443133303620616C6C6F6361746983
:10B8A8006F6E206661696C6564000000E29D8C2003
:10B8B8005344206361726420696E6974206661690B
:10B8C8006C656400436865636B206D6963726F53D0
:10B8D80044206361726400005344204552524F5221
:10B8E80000000000E28FBA2052696E672062756618
:10B8F8006665722061637469766500002F54454D52
:10B90800502E5741560000004C435F434F4C4C416A
:10B91800544500004C435F43545950450000000013
:10B928004C435F4D4F4E4554415259004C435F4E76
:10B93800554D4552494300004C435F54494D45001D
:10B948004C435F4D455353414745530000010000A8
:10B95800242400201200000000060000603E006061
:10B968000A00000000020000FC3D006062000000C8
:10B9780000070000983D006062000000EE03000030
:10B988007424002012000000000004EE4C24002063
:10B998002800000000030000943D00600000000043
:10B9A800010309047C3D0060000000000203090453
:10B9B800643D006000000000030309048C2400209B
:10B9C800000000000000000000000000000000006F
:10B9D800303030303030303030303030303030305F
:10B9E800303030303030303030303030303030304F
:10B9F8000000000000000000000000008836002061
:10BA0800F036002058370020000000000000000039
:10BA1800000000000000000000000000000000001E
:10BA2800000000000000000000000000000000000E
:10BA380000000000000000000000000000000000FE
:10BA480000000000000000000000000000000000EE
:10BA580000000000000000000000000000000000DE
:10BA680000000000000000000000000000000000CE
:10BA780000000000000000000000000000000000BE
:10BA880000000000000000000000000000000000AE
:10BA980001000000000000000E33CDAB34126DE64B
:10BAA800ECDE05000B0000000000000000000000B4
:10BAB800000000000000000000000000000000007E
:10BAC800000000000000000000000000000000006E
:10BAD800000000000000000000000000000000005E
:10BAE800000000000000000000000000000000004E
:10BAF800000000000000000000000000000000003E
:10BB0800000000000000000000000000000000002D
:10BB180000000000000000000029DE07007B9A17E3
:10BB280000003A40480D002000000000000000001E
:10BB380000000000000000000000000000000000FD
:10BB480000000000000000000000000000000000ED
:10BB580000000000000000000000000000000000DD
:10BB680000000000000000000000000000000000CD
:10BB78004C0F002000000000E80300000000000057
:10BB88003C1800208010002000000000E80300009E
:10BB98000000000000003F40243800600000000062
:10BBA800000000000000000000000000000000008D
:10BBB800000000000000000000000000000000007D
:10BBC800000000000000000000000000000000006D
:10BBD800000000000000000000000000000000005D
:10BBE800000000000000000000000000000000004D
:10BBF800000000000000000000000000000000003D
:10BC0800000000000000000000000000000000002C
:10BC1800000000000000000000000000000000001C
:10BC2800000000000000000000000000000000000C
:10BC380000000000000000000000000000000000FC
:10BC480000000000000000000000000000000000EC
:10BC580000000000000000000000000000000000DC
:10BC680000000000000000000000000000000000CC
:10BC780000000000000000000000000000000000BC
:10BC880000000000000000000000000000000000AC
:10BC9800000000000000000000000000000000009C
:10BCA800000000000000000000000000000000008C
:10BCB800000000000000000000000000000000007C
:10BCC800000000008010002000000000E8030000D1
:10BCD8000000000000803F40D437006000000000F2
:10BCE800000000000000000000000000000000004C
:10BCF800000000000000000000000000000000003C
:10BD0800000000000000000000000000000000002B
:10BD1800000000000000000000000000000000001B
:10BD2800000000000000000000000000000000000B
:10BD380000000000000000000000000000000000FB
:10BD480000000000000000000000000000000000EB
:10BD580000000000000000000000000000000000DB
:10BD680000000000000000000000000000000000CB
:10BD780000000000000000000000000000000000BB
:10BD880000000000000000000000000000000000AB
:10BD9800000000000000000000000000000000009B
:10BDA800000000000000000000000000000000008B
:10BDB800000000000000000000000000000000007B
:10BDC800000000000000000000000000000000006B
:10BDD800000000000000000000000000000000005B
:10BDE800000000000000000000000000000000004B
:10BDF800000000000000000000000000000000003B
:10BE0800000000008010002000000000E80300008F
:10BE18000000000000C03F408437006000000000C0
:10BE2800000000000000000000000000000000000A
:10BE380000000000000000000000000000000000FA
:10BE480000000000000000000000000000000000EA
:10BE580000000000000000000000000000000000DA
:10BE680000000000000000000000000000000000CA
:10BE780000000000000000000000000000000000BA
:10BE880000000000000000000000000000000000AA
:10BE9800000000000000000000000000000000009A
:10BEA800000000000000000000000000000000008A
:10BEB800000000000000000000000000000000007A
:10BEC800000000000000000000000000000000006A
:10BED800000000000000000000000000000000005A
:10BEE800000000000000000000000000000000004A
:10BEF800000000000000000000000000000000003A
:10BF08000000000000000000000000000000000029
:10BF18000000000000000000000000000000000019
:10BF28000000000000000000000000000000000009
:10BF380000000000000000000000000000000000F9
:10BF480000000000FFFFFFFF4836002060B02020FF
:10BF58000000000043000000000000000000000096
:10BF680000000000000000000000000000000000C9
:10BF78000000000043000000000000000000000076
:10BF880000000000000000000000000000000000A9
:10BF98000000000043000000000000000000000056
:10BFA8000000000000000000000000000000000089
:10BFB8000000000043000000000000000000000036
:10BFC8000000000000000000000000000000000069
:10BFD8000000000043000000000000000000000016
:10BFE8000000000000000000000000000000000049
:10BFF80000000000430000000000000000000000F6
:10C008000000000000000000000000000000000028
:10C0180000000000430000000000000000000000D5
:10C028000000000000000000000000000000000008
:10C0380000000000D53801001113010000000000C5
:10C0480054120020D80C0020780C0020780C002016
:10C05800780C0020780C0020780C0020780C002048
:10C06800780C0020780C0020780C0020FFFFFFFFE0
:10C07800FFFFFFFFFFFFFFFFFFFF0000010041532D
:10C0880043494900000000000000000000000000D3
:10C098000000000000000000000000000000415304
:10C0A80043494900000000000000000000000000B3
:10C0B8000000000000000000000000000000000078
:10C0C80000000000000000000020002000200020E8
:10C0D8000820002008200020102000201020002028
:10C0E80018200020182000202020002020200020D8
:10C0F8002820002028200020302000203020002088
:10C108003820002038200020402000204020002037
:10C1180048200020482000205020002050200020E7
:10C128005820002058200020602000206020002097
:10C138006820002068200020702000207020002047
:10C1480078200020782000208020002080200020F7
:10C1580088200020882000209020002090200020A7
:10C168009820002098200020A0200020A020002057
:10C17800A8200020A8200020B0200020B020002007
:10C18800B8200020B8200020C0200020C0200020B7
:10C19800C8200020C8200020D0200020D020002067
:10C1A800D8200020D8200020E0200020E020002017
:10C1B800E8200020E8200020F0200020F0200020C7
:10C1C800F8200020F8200020002100200021002075
:10C1D8000821002008210020102100201021002023
:10C1E80018210020182100202021002020210020D3
:10C1F8002821002028210020302100203021002083
:10C208003821002038210020402100204021002032
:10C2180048210020482100205021002050210020E2
:10C228005821002058210020602100206021002092
:10C238006821002068210020702100207021002042
:10C2480078210020782100208021002080210020F2
:10C2580088210020882100209021002090210020A2
:10C268009821002098210020A0210020A021002052
:10C27800A8210020A8210020B0210020B021002002
:10C28800B8210020B8210020C0210020C0210020B2
:10C29800C8210020C8210020D0210020D021002062
:10C2A800D8210020D8210020E0210020E021002012
:10C2B800E8210020E8210020F0210020F0210020C2
:10C2C800F8210020F8210020002200200022002070
:10C2D800082200200822002010220020102200201E
:10C2E80018220020182200202022002020220020CE
:10C2F800282200202822002030220020302200207E
:10C30800382200203822002040220020402200202D
:10C3180048220020482200205022002050220020DD
:10C32800582200205822002060220020602200208D
:10C33800682200206822002070220020702200203D
:10C3480078220020782200208022002080220020ED
:10C35800882200208822002090220020902200209D
:10C368009822002098220020A0220020A02200204D
:10C37800A8220020A8220020B0220020B0220020FD
:10C38800B8220020B8220020C0220020C0220020AD
:10C39800C8220020C8220020D0220020D02200205D
:10C3A800D8220020D8220020E0220020E02200200D
:10C3B800E8220020E8220020F0220020F0220020BD
:10C3C800F8220020F822002000230020002300206B
:10C3D8000823002008230020102300201023002019
:10C3E80018230020182300202023002020230020C9
:10C3F8002823002028230020302300203023002079
:10C408003823002038230020402300204023002028
:10C4180048230020482300205023002050230020D8
:10C428005823002058230020602300206023002088
:10C438006823002068230020702300207023002038
:10C4480078230020782300208023002080230020E8
:10C458008823002088230020902300209023002098
:10C468009823002098230020A0230020A023002048
:10C47800A8230020A8230020B0230020B0230020F8
:10C48800B8230020B8230020C0230020C0230020A8
:10C49800C8230020C8230020D0230020D023002058
:10C4A800D8230020D8230020E0230020E023002008
:10C4B800E8230020E8230020F0230020F0230020B8
:10C4C800F8230020F8230020FFFFFFFF00000200F0
:10C4D8000000000003000000883600203819002002
:10C4E80000C82F4712010002EF020140C016830462
:10C4F8008002010203010000740F00200000000008
:10C50800E803000000000000000000002800000010
:10C51800000104000100000000000000020157496A
:10C528004E555342000000000000000000000000CB
:10C538000000000012034D00530046005400310073
:10C5480030003000F80000000000003F0C0300003D
:10C5580000000000000000000000000000000000D3
:10C568000000290100000000000000000000000099
:10C5780000000000000000000000000000000000B3
:10C5880000000000000000000000000000000000A3
:10C598000000000000000000000000000000000093
:10C5A8000000000000000000000000000000000083
:10C5B8000000000000000000000000000000000073
:10C5C8000000000000000000000000000000000063
:10C5D8000000000000000000000000000000000053
:10C5E8000000000000000000000000000000000043
:10C5F8000000000000000000000000000000000033
:10C608000000000000000000000000000000000022
:10C618000000000000000000000000000000000012
:10C628000000000000000000000000000000000002
:10C6380000000000000000000000000000000000F2
:10C6480000000000000000000000000000000000E2
:10C6580000000000000000000000000000000000D2
:10C6680000000000000000000000000000000000C2
:10C6780000000000000000000000000000000000B2
:10C6880000000000000000000000000000000000A2
:10C698000000000000000000000000000000000092
:10C6A8000000000000000000000000000000000082
:10C6B8000000000000000000000000000000000072
:10C6C8000000000000000000000000000000000062
:10C6D8000000000000000000000000000000000052
:10C6E8000000000000000000000000000000000042
:10C6F8000000000000000000000000000000000032
:10C708000000000000000000000000000000000021
:10C718000000000000000000000000000000000011
:10C728000000000000000000000000000000000001
:10C7380000000000000000000000000000000000F1
:10C7480000000000000000000000000000000000E1
:10C7580000000000000000000000000000000000D1
:10C7680000000000000000000000000000000000C1
:10C7780000000000000000000000000000000000B1
:10C7880000000000000000000000000000000000A1
:10C798000000000000000000000000000000000091
:10C7A8000000000000000000000000000000000081
:10C7B8000000000000000000000000000000000071
:10C7C8000000000000000000000000000000000061
:10C7D8000000000000000000000000000000000051
:10C7E8000000000000000000000000000000000041
:10C7F8000000000000000000000000000000000031
:10C808000000000000000000000000000000000020
:10C818000000000000000000000000000000000010
:10C828000000000000000000000000000000000000
:10C8380000000000000000000000000000000000F0
:10C8480000000000000000000000000000000000E0
:10C8580000000000000000000000000000000000D0
:10C8680000000000000000000000000000000000C0
:10C8780000000000000000000000000000000000B0
:10C8880000000000000000000000000000000000A0
:10C898000000000000000000000000000000000090
:10C8A8000000000000000000000000000000000080
:10C8B8000000000000000000000000000000000070
:10C8C8000000000000000000000000000000000060
:10C8D8000000000000000000000000000000000050
:10C8E8000000000000000000000000000000000040
:10C8F8000000000000000000000000000000000030
:10C90800000000000000000000000000000000001F
:10C91800000000000000000000000000000000000F
:10C9280000000000000000000000000000000000FF
:10C9380000000000000000000000000000000000EF
:10C9480000000000000000000000000000000000DF
:10C9580000000000000000000000000000000000CF
:10C9680000000000000000000000000000000000BF
:10C9780000000000000000000000000000000000AF
:10C98800000000000000000000000000000000009F
:10C99800000000000000000000000000000000008F
:10C9A800000000000000000000000000000000007F
:10C9B800000000000000000000000000000000006F
:10C9C800000000000000000000000000000000005F
:10C9D800000000000000000000000000000000004F
:10C9E800000000000000000000000000000000003F
:10C9F800000000000000000000000000000000002F
:10CA0800000000000000000000000000000000001E
:10CA1800000000000000000000000000000000000E
:10CA280000000000000000000000000000000000FE
:10CA380000000000000000000000000000000000EE
:10CA480000000000000000000000000000000000DE
:10CA580000000000000000000000000000000000CE
:10CA680000000000000000000000000000000000BE
:10CA780000000000000000000000000000000000AE
:10CA8800000000000000000000000000000000009E
:10CA9800000000000000000000000000000000008E
:10CAA800000000000000000000000000000000007E
:10CAB800000000000000000000000000000000006E
:10CAC800000000000000000000000000000000005E
:10CAD800000000000000000000000000000000004E
:10CAE800000000000000000000000000000000003E
:10CAF800000000000000000000000000000000002E
:10CB0800000000000000000000000000000000001D
:10CB1800000000000000000000000000000000000D
:10CB280000000000000000000000000000000000FD
:10CB380000000000000000000000000000000000ED
:10CB480000000000000000000000000000000000DD
:10CB580000000000000000000000000000000000CD
:10CB680000000000000000000000000000000000BD
:10CB780000000000000000000000000000000000AD
:10CB8800FFFFFFFFFFFFFFFFFFFFFFFFFFFFFFFFAD
:10CB9800FFFFFFFFFFFFFFFFFFFFFFFFFFFFFFFF9D
:10CBA800FFFFFFFFFFFFFFFFFFFFFFFFFFFFFFFF8D
:10CBB800FFFFFFFFFFFFFFFFFFFFFFFFFFFFFFFF7D
:10CBC800FFFFFFFFFFFFFFFFFFFFFFFFFFFFFFFF6D
:10CBD800FFFFFFFFFFFFFFFFFFFFFFFFFFFFFFFF5D
:10CBE800FFFFFFFFFFFFFFFFFFFFFFFFFFFFFFFF4D
:10CBF800FFFFFFFFFFFFFFFF000000000000000035
:10CC0800000000000000000000000000000000001C
:10CC1800000000000000000000000000000000000C
:10CC280000000000000000000000000000000000FC
:10CC380000000000000000000000000000000000EC
:10CC480000000000000000000000000000000000DC
:10CC580000000000000000000000000000000000CC
:10CC680000000000000000000000000000000000BC
:10CC780000000000000000000000000000000000AC
:10CC8800000000000000000000000000000000009C
:10CC9800000000000000000000000000000000008C
:10CCA800000000000000000000000000000000007C
:10CCB800000000000000000000000000000000006C
:10CCC800000000000000000000000000000000005C
:10CCD800000000000000000000000000000000004C
:10CCE800000000000000000000000000000000003C
:10CCF800000000000000000000000000000000002C
:10CD0800000000000000000000000000000000001B
:10CD1800000000000000000000000000000000000B
:10CD280000000000000000000000000000000000FB
:10CD380000000000000000000000000000000000EB
:10CD480000000000000000000000000000000000DB
:10CD580000000000000000000000000000000000CB
:10CD680000000000000000000000000000000000BB
:10CD780000000000000000000000000000000000AB
:10CD8800000000000000000000000000000000009B
:10CD9800000000000000000000000000000000008B
:10CDA800000000000000000000000000000000007B
:10CDB800000000000000000000000000000000006B
:10CDC800000000000000000000000000000000005B
:10CDD800000000000000000000000000000000004B
:10CDE800000000000000000000000000000000003B
:10CDF800000000000000000000000000000000002B
:10CE0800000000000000000000000000000000001A
:10CE1800000000000000000000000000000000000A
:10CE280000000000000000000000000000000000FA
:10CE380000000000000000000000000000000000EA
:10CE480000000000000000000000000000000000DA
:10CE580000000000000000000000000000000000CA
:10CE680000000000000000000000000000000000BA
:10CE780000000000000000000000000000000000AA
:10CE8800000000000000000000000000000000009A
:10CE9800000000000000000000000000000000008A
:10CEA800000000000000000000000000000000007A
:10CEB800000000000000000000000000000000006A
:10CEC800000000000000000000000000000000005A
:10CED800000000000000000000000000000000004A
:10CEE800000000000000000000000000000000003A
:10CEF800000000000000000000000000000000002A
:10CF08000000000000000000000000000000000019
:10CF18000000000000000000000000000000000009
:10CF280000000000000000000000000000000000F9
:10CF380000000000000000000000000000000000E9
:10CF480000000000000000000000000000000000D9
:10CF580000000000000000000000000000000000C9
:10CF680000000000000000000000000000000000B9
:10CF780000000000000000000000000000000000A9
:10CF88000000000000000000000000000000000099
:10CF98000000000000000000000000000000000089
:10CFA8000000000000000000000000000000000079
:10CFB8000000000000000000000000000000000069
:10CFC8000000000000000000000000000000000059
:10CFD8000000000000000000000000000000000049
:10CFE8000000000000000000000000000000000039
:10CFF8000000000000000000000000000000000029
:10D008000000000000000000000000000000000018
:10D018000000000000000000000000000000000008
:10D0280000000000000000000000000000000000F8
:10D0380000000000000000000000000000000000E8
:10D0480000000000000000000000000000000000D8
:10D0580000000000000000000000000000000000C8
:10D0680000000000000000000000000000000000B8
:10D0780000000000000000000000000000000000A8
:10D088000000000000000000000000000000000098
:10D098000000000000000000000000000000000088
:10D0A8000000000000000000000000000000000078
:10D0B8000000000000000000000000000000000068
:10D0C8000000000000000000000000000000000058
:10D0D8000000000000000000000000000000000048
:10D0E8000000000000000000000000000000000038
:10D0F8000000000000000000000000000000000028
:10D108000000000000000000000000000000000017
:10D118000000000000000000000000000000000007
:10D1280000000000000000000000000000000000F7
:10D1380000000000000000000000000000000000E7
:10D1480000000000000000000000000000000000D7
:10D1580000000000000000000000000000000000C7
:10D1680000000000000000000000000000000000B7
:10D1780000000000000000000000000000000000A7
:10D188000000000000000000000000000000000097
:10D198000000000000000000000000000000000087
:10D1A8000000000000000000000000000000000077
:10D1B8000000000000000000000000000000000067
:10D1C8000000000000000000000000000000000057
:10D1D8000000000000000000000000000000000047
:10D1E8000000000000000000000000000000000037
:10D1F8000000000000000000000000000000000027
:10D208000000000000000000000000000000000016
:10D218000000000000000000000000000000000006
:10D2280000000000000000000000000000000000F6
:10D2380000000000000000000000000000000000E6
:10D2480000000000000000000000000000000000D6
:10D2580000000000000000000000000000000000C6
:10D2680000000000000000000000000000000000B6
:10D2780000000000000000000000000000000000A6
:10D288000000000000000000000000000000000096
:10D298000000000000000000000000000000000086
:10D2A8000000000000000000000000000000000076
:10D2B8000000000000000000000000000000000066
:10D2C8000000000000000000000000000000000056
:10D2D8000000000000000000000000000000000046
:10D2E8000000000000000000000000000000000036
:10D2F8000000000000000000000000000000000026
:10D308000000000000000000000000000000000015
:10D318000000000000000000000000000000000005
:10D3280000000000000000000000000000000000F5
:10D3380000000000000000000000000000000000E5
:10D3480000000000000000000000000000000000D5
:10D3580000000000000000000000000000000000C5
:10D3680000000000000000000000000000000000B5
:10D3780000000000000000000000000000000000A5
:10D388000000000000000000000000000000000095
:10D398000000000000000000000000000000000085
:10D3A8000000000000000000000000000000000075
:10D3B8000000000000000000000000000000000065
:10D3C8000000000000000000000000000000000055
:10D3D8000000000000000000000000000000000045
:10D3E8000000000000000000000000000000000035
:10D3F8000000000000000000000000000000000025
:10D408000000000000000000000000000000000014
:10D418000000000000000000000000000000000004
:10D4280000000000000000000000000000000000F4
:10D4380000000000000000000000000000000000E4
:10D4480000000000000000000000000000000000D4
:10D4580000000000000000000000000000000000C4
:10D4680000000000000000000000000000000000B4
:10D4780000000000000000000000000000000000A4
:10D488000000000000000000000000000000000094
:10D498000000000000000000000000000000000084
:10D4A8000000000000000000000000000000000074
:10D4B8000000000000000000000000000000000064
:10D4C8000000000000000000000000000000000054
:10D4D8000000000000000000000000000000000044
:10D4E8000000000000000000000000000000000034
:10D4F8000000000000000000000000000000000024
:10D508000000000000000000000000000000000013
:10D518000000000000000000000000000000000003
:10D5280000000000000000000000000000000000F3
:10D5380000000000000000000000000000000000E3
:10D5480000000000000000000000000000000000D3
:10D5580000000000000000000000000000000000C3
:10D5680000000000000000000000000000000000B3
:10D5780000000000000000000000000000000000A3
:10D588000000000000000000000000000000000093
:10D598000000000000000000000000000000000083
:10D5A8000000000000000000000000000000000073
:10D5B8000000000000000000000000000000000063
:10D5C8000000000000000000000000000000000053
:10D5D8000000000000000000000000000000000043
:10D5E8000000000000000000000000000000000033
:10D5F8000000000000000000000000000000000023
:10D608000000000000000000000000000000000012
:10D618000000000000000000000000000000000002
:10D6280000000000000000000000000000000000F2
:10D6380000000000000000000000000000000000E2
:10D6480000000000000000000000000000000000D2
:10D6580000000000000000000000000000000000C2
:10D6680000000000000000000000000000000000B2
:10D6780000000000000000000000000000000000A2
:10D688000000000000000000000000000000000092
:10D698000000000000000000000000000000000082
:10D6A8000000000000000000000000000000000072
:10D6B8000000000000000000000000000000000062
:10D6C8000000000000000000000000000000000052
:10D6D8000000000000000000000000000000000042
:10D6E8000000000000000000000000000000000032
:10D6F8000000000000000000000000000000000022
:10D708000000000000000000000000000000000011
:10D718000000000000000000000000000000000001
:10D7280000000000000000000000000000000000F1
:10D7380000000000000000000000000000000000E1
:10D7480000000000000000000000000000000000D1
:10D7580000000000000000000000000000000000C1
:10D7680000000000000000000000000000000000B1
:10D7780000000000000000000000000000000000A1
:10D788000000000000000000000000000000000091
:10D798000000000000000000000000000000000081
:10D7A8000000000000000000000000000000000071
:10D7B8000000000000000000000000000000000061
:10D7C8000000000000000000000000000000000051
:10D7D8000000000000000000000000000000000041
:10D7E8000000000000000000000000000000000031
:08D7F800000000000000000029
:040000056000100087
:00000001FF
